season,vcaseid,no,outtrip_no,vq21,vq21a,vq22,vq22_1,vq23_1,vq23_2,vq23_3,vq23_4,vq23_5,vq23_6,vq23_7,vq23_8,vq23_9,vq23_10,vq24,vq25a,vq25a1_1,vq25a1_2,vq25b,vq26,vq26a_1,vq26a_2,vq26a_3,vq26a_4,vq26a_5,vq27,vq27a_1,vq27a_2,vq27a_3,vq27a_4,vq27a_5,vq28,vq28a_1,vq28a_2,vq28a_3,vq28a_4,vq29,vq29a,vq29b,vq29b1_1,vq29b1_2,vq29b1_3,vq29b1_4,vq29b1_5,vq29c,vq29d,vq29e,vq29e1_1,vq29e1_2,vq29e1_3,vq29e1_4,vq29e1_5,vb1,vb2,vb3,vb4,vb5,vb6,vb7,w
4,99240184,24135,3255,2,1,3, ,2, , , , , , , , , ,1,2, , ,10,4, , , , , ,2, , , , , ,2, , , , ,3,0,4,2,3,5, , ,5,9,2,4, , , , ,4,5,6,1,6,22,1,.139795
4,96159455,19153,2588,9,8,1,1,29, , , , , , , , , ,1,3, ,2,7,4, , , , , ,1,2,3,4,6,7,2, , , , ,15,0,3,4, , , , ,7,5,3,2, , , , ,9,6,4,2,9,2,1,.635311
3,96175921,13510,1804,5,4,1,1,9, , , , , , , , , ,1,2, , ,4,1,3,4,5, , ,2, , , , , ,2, , , , ,10,10,1, , , , , ,1,1,7,2,65, , , ,4,5,3,1,8,4,2,1.01
1,96238689,77,646,8,7,1,1,12, , , , , , , , , ,1,1,2, ,4,4, , , , , ,1,1,2,3,4,6,2, , , , ,12,0,11,1,2,3,5, ,1,5,9,3,4, , , ,6,5,6,2,10,6,1,1.246221
1,96155216,2468,323,7,6,1,1,12, , , , , , , , , ,1,1,2, ,7,4, , , , , ,1,2,3,4, , ,2, , , , ,10,0,6,1,2, , , ,1,9,5,3,4, , , ,9,3,5,2,5,4,1,.723628
1,96170765,2032,403,10,9,1,1,8, , , , , , , , , ,1,3, ,1,4,4, , , , , ,1,1,2,3,4, ,2, , , , ,5,0,4,1,4, , , ,9,10,7,2,4, , , ,6,6,1,2,9,4,2,.858274
3,96214455,13855,1855,6,5,1,2,13, , , , , , , , , ,2, , , , ,4, , , , , ,1,2,4,5,6, ,2, , , , ,10,0,14,2,5, , , ,9,1,9, ,4, , , ,9,6,13,2,10,19,1,.654517
3,96251137,14632,1953,6,5,1,2,12, , , , , , , , , ,1,3, ,2,6,1,1,2,3, , ,2, , , , , ,2, , , , ,10,10,1, , , , , ,10,10,8, ,4, , , ,10,4,13,2,8,12,2,.508793
3,98118117,15733,2098,13,12,1,2,23,24,25,62, , , , , , ,1,3, ,2,4,1,1,2, , , ,1,6, , , , ,2, , , , ,22,22,14,1,2,3, , ,10,11,5, ,4, , , ,6,4,5,2,7,10,2,.6653
3,98205827,16571,2217,5,4,1,1,4, , , , , , , , , ,1,3, ,2,2,1,6, , , , ,2, , , , , ,2, , , , ,7,4,1, , , , , ,1,4,5, ,4, , , ,6,3,5,2,6,6,2,.636699
3,96206868,13703,1830,10,9,1,1,29, , , , , , , , , ,1,3, ,2,8,3,1,4, , , ,1,2,4,6, , ,2, , , , ,15,1,1, , , , , ,12,8,4, ,4, , , ,3,4,6,1,8,11,1,1.953088
3,98216823,17208,2308,5,4,1,1,12, , , , , , , , , ,1,2, , ,4,1,2, , , , ,2, , , , , ,2, , , , ,13,10,1, , , , , ,11,9,4, ,4, , , ,11,4,13,2,8,6,1,.393774
3,96244469,14520,1940,5,4,1,1,2, , , , , , , , , ,1,3, ,2,3,2,4,6, , , ,2, , , , , ,2, , , , ,22,3,1, , , , , ,1,10,3, ,4, , , ,10,1,10,2,5,6,2,.347686
3,96101762,12129,1574,6,5,1,1,12, , , , , , , , , ,1,3, ,2,3,4, , , , , ,1,2,4, , , ,2, , , , ,8,0,5,2,3, , , ,7,1,3, ,4, , , ,5,5,5,2,5,3,2,1.434764
3,98208846,16724,2234,16,15,1,1,9, , , , , , , , , ,1,3, ,2,3,4, , , , , ,1,2,6,7, , ,2, , , , ,6,0,3,1,2,3,4,5,11,4,3, ,4, , , ,4,3,6,2,7,4,2,1.138143
3,98220450,17424,2335,5,4,1,1,4, , , , , , , , , ,1,3, ,2,2,1,6, , , , ,2, , , , , ,2, , , , ,11,10,1, , , , , ,9,1,3, ,4, , , ,10,5,4,2,10,14,1,.438349
3,98219793,17375,2328,3,2,1,2,13, , , , , , , , , ,3, , , , ,4, , , , , ,1,2, , , , ,2, , , , ,5,0,5,4, , , , ,3,7,3, ,4, , , ,6,6,11,2,1,4,2,.790625
3,98220642,17433,2340,6,5,1,2,9, , , , , , , , , ,1,3, ,2,7,1,4, , , , ,2, , , , , ,2, , , , ,7,6,1, , , , , ,4,5,2, ,4, , , ,11,1,13,2,3,13,1,.525042
2,96164959,7691,981,5,4,2, ,12, , , , , , , , , ,1,3, ,2,7,1,6, , , , ,2, , , , , ,2, , , , ,11,8,4,1,2, , , ,9,4,7,2,3, , , ,10,3,13,2,5,3,2,.383189
4,96249533,20345,2741,5,4,1,1,12, , , , , , , , , ,1,3, ,2,4,1,1,2,3, , ,2, , , , , ,2, , , , ,10,9,7,5, , , , ,9,11,4,2,3, , , ,9,4,4,2,9,20,1,.466599
3,96170483,13429,1785,8,7,1,1,13, , , , , , , , , ,1,3, ,1,11,4, , , , , ,1,2,3,4,6, ,2, , , , ,10,0,13,1,2,5, , ,10,6,7, ,3, , , ,3,5,14,1,4,1,2,2.561736
3,98207184,16633,2227,5,4,1,1,12, , , , , , , , , ,1,3, ,2,4,1,4,6, , , ,2, , , , , ,2, , , , ,10,7,6,2,5, , , ,88,6,7, ,3, , , ,7,3,9,2,9,6,1,.801748
3,96231641,14235,1908,10,9,1,1,29, , , , , , , , , ,1,3, ,2,3,1,2,3,4, , ,2, , , , , ,2, , , , ,16,15,1, , , , , ,11,8,6, ,3, , , ,10,5,13,2,8,13,1,.430305
3,98212489,16940,2263,5,4,1,2,12, , , , , , , , , ,1,3, ,2,3,4, , , , , ,1,2,4,6,7, ,2, , , , ,6,0,1, , , , , ,9,8,6, ,3, , , ,5,5,5,1,8,4,2,.895814
3,96129653,12700,1674,7,6,1,2,12, , , , , , , , , ,1,3, ,2,5,4, , , , , ,1,1,2,3,4,6,2, , , , ,10,0,1, , , , , ,9,5,5, ,3, , , ,5,5,6,2,8,10,2,1.313965
3,96108100,12272,1601,10,9,1,1,18,19,20, , , , , , , ,1,3, ,2,7,1,1,2,3, , ,2, , , , , ,2, , , , ,16,15,1, , , , , ,9,8,4, ,3, , , ,9,3,11,2,5,7,2,.382296
3,96100065,12089,1568,5,4,1,2,12, , , , , , , , , ,1,3, ,2,4,2,3,4, , , ,1,3,6, , , ,2, , , , ,12,5,1, , , , , ,9,7,4, ,3, , , ,6,5,11,2,7,1,2,.632236
3,96232648,14261,1910,7,6,1,1,12, , , , , , , , , ,2, , , , ,4, , , , , ,2, , , , , ,2, , , , ,12,0,5,4, , , , ,11,7,4, ,3, , , ,10,6,13,2,6,19,1,.581291
3,96236041,14349,1916,7,6,1,1,12, , , , , , , , , ,1,3, ,2,3,4, , , , , ,2, , , , , ,2, , , , ,11,0,1, , , , , ,88,88,14, ,2, , , ,11,6,13,2,8,8,1,.590953
3,98100997,14851,1981,6,5,1,2,9, , , , , , , , , ,1,3, ,2,3,1,2, , , , ,2, , , , , ,2, , , , ,9,6,1, , , , , ,1,1,8, ,2, , , ,10,6,13,2,6,2,1,.672789
3,96100830,12102,1570,8,7,1,2,2, , , , , , , , , ,1,3, ,2,3,2,6, , , , ,2, , , , , ,2, , , , ,10,7,1, , , , , ,1,6,7, ,2, , , ,10,5,13,2,8,1,1,.63876
3,96246010,14552,1946,5,4,1,1,4, , , , , , , , , ,1,3, ,2,3,4, , , , , ,2, , , , , ,2, , , , ,5,0,3,3, , , , ,1,7,5, ,2, , , ,6,5,6,2,7,19,2,.575354
3,98110810,15384,2054,7,6,1,1,2, , , , , , , , , ,1,3, ,2,3,4, , , , , ,1,2,3,4,6, ,2, , , , ,5,0,1, , , , , ,9,1,4, ,2, , , ,6,5,4,2,8,2,1,1.56459
3,96223266,14055,1880,5,4,1,2,2, , , , , , , , , ,3, , , , ,4, , , , , ,2, , , , , ,2, , , , ,2,0,1, , , , , ,4,4,3, ,2, , , ,10,2,8,2,3,6,1,.429214
2,96173797,7858,1009,6,5,1,1,12, , , , , , , , , ,1,3, ,2,3,4, , , , , ,2, , , , , ,2, , , , ,8,0,1, , , , , ,9,10,16,65, , , , ,6,6,1,2,7,4,1,1.442543
2,96238485,8999,1156,14,13,1,2,30, , , , , , , , , ,1,2, , ,3,4, , , , , ,1,2, , , , ,2, , , , ,22,0,11,1,5, , , ,11,14,14,65, , , , ,8,6,6,2,10,8,2,.621162
2,97218556,11586,1494,5,4,1,2,13, , , , , , , , , ,1,3, ,2,3,4, , , , , ,1,2,3,4,6, ,2, , , , ,6,0,4,1, , , , ,7,12,10,65, , , , ,8,3,9,2,6,6,2,.548113
3,96202759,13610,1816,6,5,1,1,12, , , , , , , , , ,1,3, ,2,7,4, , , , , ,1,2,4,6,7, ,2, , , , ,10,0,1, , , , , ,1,13,9,65, , , , ,6,6,1,2,8,21,1,1.571744
3,98201029,16324,2181,5,4,1,1,9, , , , , , , , , ,1,1,5, ,2,1,2,6, , , ,2, , , , , ,2, , , , ,11,10,10,4, , , , ,11,11,8,65, , , , ,6,4,6,2,10,5,1,.963352
1,96239354,1631,652,5,4,1,1,13, , , , , , , , , ,1,3, ,2,3,4, , , , , ,1,2,3,4, , ,2, , , , ,8,0,8,2, , , , ,9,88,5,65, , , , ,5,4,5,2,6,5,2,.865868
1,96214455,2691,510,30,29,1,1,62, , , , , , , , , ,1,3, ,2,11,4, , , , , ,1,3,4,5,6, ,2, , , , ,22,0,12,1, , , , ,11,1,10,4, , , , ,9,6,13,2,10,19,1,1.091062
2,97200594,10670,1381,8,7,1,1,12, , , , , , , , , ,1,3, ,2,3,3,6, , , , ,2, , , , , ,2, , , , ,16,10,1, , , , , ,1,1,10,4, , , , ,7,4,5,2,7,4,2,.697634
2,97200594,10670,1380,10,9,1,1,14, , , , , , , , , ,2, , , , ,3,6, , , , ,2, , , , , ,2, , , , ,88,88,1, , , , , ,1,1,10,4, , , , ,7,4,5,2,7,4,2,.641336
2,96151891,7401,945,3,2,2, ,12, , , , , , , , , ,1,2, , ,8,1,6, , , , ,2, , , , , ,2, , , , ,5,3,1, , , , , ,9,7,9,4, , , , ,7,4,6,2,7,1,1,1.570762
1,96157040,5245,328,5,4,1,1,12, , , , , , , , , ,1,3, ,2,3,3,6, , , , ,2, , , , , ,2, , , , ,11,4,9,4, , , , ,9,4,9,4, , , , ,11,3,13,2,7,1,2,.431053
4,99212282,22804,3078,7,6,1,1,5, , , , , , , , , ,1,3, ,2,11,4, , , , , ,1,2, , , , ,2, , , , ,11,0,1, , , , , ,12,8,8,4, , , , ,10,5,13,4,10,4,1,.475794
1,96135857,4328,223,31,30,1,2,18,19,20,21,22,62, , , , ,1,3, ,2,7,4, , , , , ,1,2,3,4, , ,2, , , , ,22,0,14,2,3,5, , ,12,1,7,4, , , , ,9,4,13,2,9,3,2,.772573
3,98214903,17088,2285,14,13,1,1,12,13, , , , , , , , ,1,3, ,2,4,4, , , , , ,1,2,4, , , ,2, , , , ,15,0,1, , , , , ,12,1,7,4, , , , ,8,5,13,2,10,4,2,.519976
2,96137526,7040,887,9,8,1,2,18, , , , , , , , , ,1,3, ,2,3,1,6, , , , ,2, , , , , ,2, , , , ,21,18,1, , , , , ,10,4,7,4, , , , ,11,3,13,3,5,2,2,.533103
1,96176919,2115,431,9,8,1,1,12, , , , , , , , , ,1,1,2, ,9,4, , , , , ,1,2,4, , , ,2, , , , ,18,0,1, , , , , ,8,7,6,4, , , , ,7,5,3,1,8,4,2,.690931
4,96149085,18967,2558,5,4,1,1,12, , , , , , , , , ,1,3, ,2,4,4, , , , , ,1,2,3,4,6, ,2, , , , ,10,0,6,2,3,5, , ,10,6,6,4, , , , ,3,6,5,1,7,1,2,1.510543
3,98124964,16077,2147,7,6,1,1,12, , , , , , , , , ,1,3, ,2,8,4, , , , , ,2, , , , , ,2, , , , ,13,0,6,3,4, , , ,9,7,5,4, , , , ,11,5,13,2,6,1,1,.586019
4,96123708,18550,2495,7,6,1,1,12, , , , , , , , , ,1,3, ,2,6,2,1,2, , , ,1,2,3,4,5,6,2, , , , ,7,3,8,2,5, , , ,1,5,5,4, , , , ,5,5,11,2,5,3,2,1.660925
1,96207457,172,479,8,7,1,1,12, , , , , , , , , ,1,1,2, ,9,4, , , , , ,1,1,2,3,4,5,2, , , , ,13,0,12,2, , , , ,88,4,4,4, , , , ,6,4,6,2,8,6,1,1.246221
2,96251137,9295,1185,7,6,1,2,12, , , , , , , , , ,1,3, ,2,7,1,2,3, , , ,2, , , , , ,2, , , , ,12,8,1, , , , , ,11,8,4,4, , , , ,10,4,13,2,8,12,2,.489911
1,96251137,3421,695,6,5,1,2,12, , , , , , , , , ,1,3, ,2,7,1,2,4, , , ,2, , , , , ,2, , , , ,11,8,1, , , , , ,12,11,4,4, , , , ,10,4,13,2,8,12,2,.513441
4,99210015,22687,3062,5,4,1,1,13, , , , , , , , , ,1,3, ,2,7,1,1,5, , , ,2, , , , , ,2, , , , ,10,6,1, , , , , ,9,9,4,4, , , , ,7,5,3,2,9,9,2,.512391
4,99220309,23178,3126,5,4,1,1,13, , , , , , , , , ,1,1,5, ,7,1,2,3, , , ,2, , , , , ,2, , , , ,7,6,2,3,5, , , ,1,1,4,4, , , , ,5,5,9,1,6,12,1,1.410534
3,98112629,15467,2060,6,5,1,1,9, , , , , , , , , ,1,3, ,2,7,1,2, , , , ,2, , , , , ,2, , , , ,6,5,1, , , , , ,9,1,4,4, , , , ,9,3,11,2,4,2,2,.551403
1,96122948,5048,147,5,4,1,1,12, , , , , , , , , ,1,2, , ,5,2,2,3, , , ,1,7, , , , ,2, , , , ,6,4,1, , , , , ,11,8,4,4, , , , ,6,5,1,2,10,1,1,.976438
1,96239826,413,655,5,4,1,1,12, , , , , , , , , ,1,3, ,2,4,1,2, , , , ,2, , , , , ,2, , , , ,8,8,2,1, , , , ,1,9,4,4, , , , ,6,6,3,2,6,6,1,.977277
4,99102201,20636,2785,6,5,1,1,12, , , , , , , , , ,1,3, ,2,4,4, , , , , ,1,1,2,4, , ,2, , , , ,6,0,1, , , , , ,1,7,4,4, , , , ,5,5,6,2,8,1,2,1.669582
4,99201609,22248,2999,15,14,1,1,2, , , , , , , , , ,1,3, ,2,3,2,3,4,6, , ,2, , , , , ,2, , , , ,15,11,13,1,2,3,5, ,11,12,4,4, , , , ,7,3,6,1,7,14,2,.722733
1,96227110,1879,589,6,5,1,1,12, , , , , , , , , ,1,3, ,2,3,1,1, , , , ,2, , , , , ,2, , , , ,12,9,7,2,3,5, , ,6,8,4,4, , , , ,8,3,11,2,1,5,2,.627913
1,96145771,1009,276,5,4,1,2,12, , , , , , , , , ,1,2, , ,3,1,4, , , , ,2, , , , , ,2, , , , ,11,10,4,1, , , , ,1,3,4,4, , , , ,7,5,11,2,7,2,2,.493083
4,96235619,20106,2721,6,5,1,1,13, , , , , , , , , ,1,2, , ,3,4, , , , , ,1,2,3,4,6, ,2, , , , ,8,0,1, , , , , ,8,3,4,4, , , , ,6,5,5,1,7,6,2,1.310447
2,97202897,10792,1394,7,6,1,1,12, , , , , , , , , ,3, , , , ,4, , , , , ,1,2,6, , , ,2, , , , ,16,0,3,1,2,3,4,5,8,11,4,4, , , , ,4,5,5,1,7,4,2,1.065184
1,96103123,5039,18,6,5,1,1,12, , , , , , , , , ,2, , , , ,1,2,3,4,5, ,2, , , , , ,2, , , , ,15,12,14,1,2,3,4,5,11,11,4,4, , , , ,8,6,2,2,10,1,1,1.016637
1,96253495,770,708,6,5,1,1,15, , , , , , , , , ,2, , , , ,1,6, , , , ,2, , , , , ,2, , , , ,12,12,4,1,2,3,5, ,1,8,4,4, , , , ,2,3,14,1,1,6,2,2.675082
3,98215018,17095,2286,8,7,1,1,12, , , , , , , , , ,1,3, ,2,11,4, , , , , ,2, , , , , ,2, , , , ,8,0,1, , , , , ,4,5,3,4, , , , ,6,4,11,2,10,6,2,.954229
3,96174185,13484,1797,5,4,1,1,12, , , , , , , , , ,1,3, ,2,10,3,6, , , , ,2, , , , , ,2, , , , ,12,8,6,4, , , , ,8,4,3,4, , , , ,6,6,1,2,9,2,1,1.043954
2,96166873,7730,988,5,4,1,2,12, , , , , , , , , ,1,3, ,2,8,2,4, , , , ,2, , , , , ,2, , , , ,15,10,1, , , , , ,7,7,3,4, , , , ,5,5,5,2,6,10,2,1.057441
1,96168972,955,386,21,20,1,1,12, , , , , , , , , ,1,3, ,2,8,4, , , , , ,1,6,7, , , ,2, , , , ,11,0,1, , , , , ,9,10,3,4, , , , ,5,6,3,2,8,2,2,1.661028
1,96111715,2535,79,4,3,1,1,12, , , , , , , , , ,1,3, ,2,4,2,3, , , , ,2, , , , , ,2, , , , ,10,3,3,4, , , , ,1,7,3,4, , , , ,3,5,14,1,4,4,1,2.132986
1,96125787,1074,163,6,5,1,1,2, , , , , , , , , ,1,2, , ,3,3,3,4, , , ,2, , , , , ,2, , , , ,5,88,4,4, , , , ,4,7,3,4, , , , ,7,4,4,1,7,2,1,1.019803
1,96201424,4899,441,5,4,1,1,4, , , , , , , , , ,1,3, ,2,2,1,6, , , , ,1,6, , , , ,2, , , , ,10,7,1, , , , , ,8,1,3,4, , , , ,5,5,4,2,9,7,2,.867417
1,96256030,4022,720,5,4,1,2,12, , , , , , , , , ,1,3, ,2,1,4, , , , , ,1,2,3,4,6, ,2, , , , ,8,0,1, , , , , ,6,8,3,4, , , , ,5,5,3,2,9,9,2,.853002
4,99229515,23654,3192,4,3,1,1,12, , , , , , , , , ,1,2, , ,7,1,3,5, , , ,1,1,6, , , ,2, , , , ,6,5,4,2,5, , , ,8,1,2,4, , , , ,4,5,5,1,7,8,2,2.487852
1,96147146,861,284,5,4,1,1,12, , , , , , , , , ,1,1,2, ,4,4, , , , , ,1,2,3,4, , ,2, , , , ,6,0,1, , , , , ,7,5,2,4, , , , ,6,6,4,2,9,2,2,.612507
2,97120840,10556,1360,6,5,1,1,13, , , , , , , , , ,1,3, ,2,3,4, , , , , ,1,1,2,3,4,6,2, , , , ,6,0,1, , , , , ,7,4,2,4, , , , ,3,5,14,1,2,3,2,1.395229
4,99205292,22440,3021,5,4,1,1,9, , , , , , , , , ,1,3, ,2,2,1,6, , , , ,2, , , , , ,2, , , , ,8,5,4,1,2, , , ,7,9,2,4, , , , ,7,3,8,2,8,6,1,.696269
3,98216207,17180,2300,4,3,1,1,15, , , , , , , , , ,2, , , , ,4, , , , , ,1,2,4,6, , ,2, , , , ,13,0,1, , , , , ,8,7,2,4, , , , ,8,6,4,2,9,19,1,1.194996
1,96144812,1366,266,8,7,1,1,12, , , , , , , , , ,1,3, ,2,7,4, , , , , ,1,2,3,4,5,7,2, , , , ,10,0,1, , , , , ,8,7,88,3, , , , ,10,2,11,2,2,2,2,.514578
1,96255241,3475,716,6,5,1,1,12, , , , , , , , , ,1,3, ,2,3,4, , , , , ,1,2,3,4, , ,2, , , , ,10,0,1, , , , , ,9,11,10,3, , , , ,6,5,6,2,6,12,2,.779341
1,96244445,4055,672,7,6,1,1,2,12, , , , , , , , ,1,1,2, ,3,2,2, , , , ,2, , , , , ,2, , , , ,5,2,11,4, , , , ,1,7,10,3, , , , ,6,4,5,2,7,9,1,1.228776
4,99226412,23472,3161,5,4,1,2,9, , , , , , , , , ,1,3, ,2,7,1,3, , , , ,2, , , , , ,1,1, , , ,6,88,1, , , , , ,1,11,9,3, , , , ,11,5,13,2,4,5,2,.443323
1,96123336,1142,150,7,6,1,2,2, , , , , , , , , ,1,3, ,2,3,2,1,2,3, , ,2, , , , , ,2, , , , ,8,7,1, , , , , ,11,1,9,3, , , , ,8,4,5,2,6,2,2,.628778
4,96235237,20094,2718,5,4,1,2,13, , , , , , , , , ,1,3, ,2,5,1,3, , , , ,2, , , , , ,2, , , , ,7,3,1, , , , , ,7,8,8,3, , , , ,6,4,4,1,6,6,2,1.025554
1,96257824,2712,722,3,2,1,1,1, , , , , , , , , ,1,1,1, ,11,4, , , , , ,2, , , , , ,2, , , , ,4,0,3,4, , , , ,9,6,7,3, , , , ,7,5,3,2,9,19,2,1.128087
2,96140306,7112,901,10,9,1,1,12, , , , , , , , , ,1,3, ,2,7,4, , , , , ,1,2,3,4, , ,2, , , , ,15,0,8,1,2,3,5, ,11,6,7,3, , , , ,9,3,11,2,5,1,2,.45997
1,96101071,1988,6,13,12,1,2,64, , , , , , , , , ,1,2, , ,3,1,4,6, , , ,2, , , , , ,2, , , , ,17,15,1, , , , , ,1,1,7,3, , , , ,9,5,2,2,10,4,1,.796768
2,97201941,10750,1391,9,8,1,1,18, , , , , , , , , ,1,3, ,2,3,4, , , , , ,1,2,3,4, , ,2, , , , ,12,0,3,1,5, , , ,8,10,7,3, , , , ,5,5,4,1,8,4,1,2.089121
4,96111667,18356,2466,8,7,1,1,12, , , , , , , , , ,1,3, ,2,3,4, , , , , ,1,2,4,6,7, ,2, , , , ,12,0,6,2,3,5, , ,9,3,7,3, , , , ,9,4,13,2,7,3,1,.557755
1,96126541,2539,167,5,4,1,1,12, , , , , , , , , ,1,1,2, ,3,4, , , , , ,2, , , , , ,2, , , , ,11,0,1, , , , , ,1,10,7,3, , , , ,4,5,3,1,4,4,2,.660791
2,97104245,9729,1246,5,4,1,1,12, , , , , , , , , ,1,3, ,2,2,1,6, , , , ,2, , , , , ,2, , , , ,13,8,1, , , , , ,1,10,7,3, , , , ,6,5,2,1,7,10,2,.663926
2,96178000,7934,1017,7,6,1,1,12, , , , , , , , , ,3, , , , ,3,2, , , , ,1,6, , , , ,2, , , , ,11,4,1, , , , , ,5,10,7,3, , , , ,11,6,13,2,2,2,2,.579901
2,97229049,12013,1557,5,4,1,1,12, , , , , , , , , ,1,3, ,2,9,1,5, , , , ,1,6, , , , ,2, , , , ,13,9,10,1,5, , , ,8,9,6,3, , , , ,5,5,4,2,7,7,2,1.135074
4,99219087,23110,3115,10,9,1,1,23,24, , , , , , , , ,1,3, ,2,7,1,1,3,4, , ,2, , , , , ,2, , , , ,18,16,4,1,2, , , ,9,9,6,3, , , , ,10,5,13,2,5,6,2,.608063
3,96155705,13178,1747,7,6,1,1,12, , , , , , , , , ,1,3, ,2,7,4, , , , , ,1,2,3,4,6,7,2, , , , ,10,0,1, , , , , ,9,7,6,3, , , , ,6,4,5,2,9,1,1,1.485455
2,96121247,6627,828,5,4,1,1,13, , , , , , , , , ,1,3, ,2,5,1,3, , , , ,2, , , , , ,2, , , , ,7,5,5,2,3, , , ,4,4,6,3, , , , ,7,5,4,2,6,1,2,.544483
2,96125277,6754,843,12,11,1,1,21,23,24,25, , , , , , ,1,3, ,2,4,4, , , , , ,1,2,3,4,5,6,2, , , , ,22,0,4,3, , , , ,8,8,6,3, , , , ,4,5,5,2,9,3,2,.984172
4,96178874,19407,2625,6,5,1,2,9, , , , , , , , , ,1,3, ,2,2,1,6, , , , ,2, , , , , ,2, , , , ,10,7,7,1,2,3, , ,9,4,6,3, , , , ,6,4,5,1,6,2,2,1.303096
2,96259301,9458,1200,5,4,1,1,12, , , , , , , , , ,1,1,4, ,4,4, , , , , ,1,2,4, , , ,2, , , , ,5,0,1, , , , , ,1,11,5,3, , , , ,6,5,3,2,10,20,1,1.161582
2,97208235,11075,1428,7,6,1,1,12, , , , , , , , , ,1,3, ,2,3,4, , , , , ,1,2,4,6,7, ,2, , , , ,9,0,1, , , , , ,9,9,5,3, , , , ,5,6,4,2,8,4,2,1.469994
4,96232002,20028,2714,5,4,1,1,12, , , , , , , , , ,1,2, , ,2,1,6, , , , ,2, , , , , ,2, , , , ,13,11,6,2,3,5, , ,7,6,5,3, , , , ,8,4,11,2,6,6,2,.545895
1,96149085,5717,293,14,13,1,1,17, , , , , , , , , ,1,3, ,2,4,4, , , , , ,1,1,6, , , ,2, , , , ,20,0,3,2,3,5, , ,10,10,4,3, , , , ,3,6,3,1,5,1,2,1.520523
4,99120513,21556,2912,10,9,1,1,21,22, , , , , , , , ,1,3, ,2,9,1,1, , , , ,2, , , , , ,2, , , , ,21,18,8,1, , , , ,11,4,9,2, , , , ,10,2,6,1,8,2,2,.604652
2,96213832,8311,1073,5,4,1,1,12, , , , , , , , , ,1,3, ,2,6,1,2,3, , , ,1,1,6, , , ,2, , , , ,11,10,1, , , , , ,1,8,8,2, , , , ,11,5,11,2,3,5,2,.430239
2,96238474,8998,1155,4,3,1,1,12, , , , , , , , , ,1,1,3, ,6,4, , , , , ,1,2,3,4,6, ,2, , , , ,22,0,11,1,5, , , ,8,9,7,2, , , , ,6,5,3,2,7,6,2,1.171637
2,96239132,9013,1159,8,7,1,1,12, , , , , , , , , ,1,3, ,2,6,3,2, , , , ,2, , , , , ,2, , , , ,10,3,4,4, , , , ,8,10,7,2, , , , ,11,3,13,2,8,19,2,.569523
2,96239785,9028,1160,12,11,1,2,9, , , , , , , , , ,3, , , , ,2,4, , , , ,1,4, , , , ,2, , , , ,11,3,5,3,4, , , ,1,11,7,2, , , , ,6,2,8,2,8,5,1,1.345505
2,96100830,6071,739,5,4,1,1,12, , , , , , , , , ,1,3, ,2,3,1,4, , , , ,2, , , , , ,2, , , , ,8,7,3,3, , , , ,1,1,6,2, , , , ,10,5,13,2,7,1,1,.526279
2,96169496,7774,995,5,4,1,1,13, , , , , , , , , ,1,2, , ,1,4, , , , , ,1,2,4, , , ,2, , , , ,8,0,1, , , , , ,1,3,5,2, , , , ,6,5,5,2,8,1,2,.720337
2,97218668,11592,1495,5,4,1,1,9, , , , , , , , , ,1,3, ,2,12,1,6, , , , ,2, , , , , ,2, , , , ,7,7,1, , , , , ,1,1,4,2, , , , ,11,5,13,3,5,13,1,.4667
1,96244961,3295,673,8,7,1,1,12, , , , , , , , , ,1,3, ,2,6,4, , , , , ,1,2,3,4,5,6,2, , , , ,8,0,7,1,5, , , ,9,10,4,2, , , , ,5,5,1,2,8,13,2,1.104161
4,99237160,24012,3243,11,10,1,1,12, , , , , , , , , ,1,3, ,2,5,4, , , , , ,1,2,3,4, , ,2, , , , ,10,0,3,1,3, , , ,5,7,4,2, , , , ,4,6,12,1,2,8,2,1.811517
4,96215024,19693,2668,5,4,1,1,12, , , , , , , , , ,1,3, ,2,3,3,4, , , , ,1,1,2, , , ,2, , , , ,7,88,1, , , , , ,3,11,4,2, , , , ,5,5,5,1,6,5,2,1.304733
2,96223266,8570,1100,3,2,1,1,2, , , , , , , , , ,3, , , , ,4, , , , , ,2, , , , , ,2, , , , ,2,0,12,2, , , , ,3,3,4,2, , , , ,10,2,8,2,3,6,1,.97358
1,96131836,4694,196,6,5,1,1,12, , , , , , , , , ,1,3, ,2,3,4, , , , , ,1,2,3,4, , ,2, , , , ,12,0,1, , , , , ,10,7,3,2, , , , ,8,6,3,2,5,3,2,.626503
4,99110692,21091,2840,5,4,1,2,12, , , , , , , , , ,1,3, ,2,4,4, , , , , ,1,2,4, , , ,2, , , , ,6,0,3,4,5, , , ,8,4,2,2, , , , ,5,5,3,1,7,1,1,1.456154
4,96216936,19732,2671,8,7,1,1,12, , , , , , , , , ,1,3, ,2,4,4, , , , , ,1,2,4, , , ,2, , , , ,11,0,1, , , , , ,11,3,11,1, , , , ,4,5,4,1,6,5,1,2.047511
4,99120372,21548,2910,11,10,1,1,12, , , , , , , , , ,1,3, ,2,7,4, , , , , ,1,2,4, , , ,2, , , , ,9,0,1, , , , , ,88,4,1, , , , , ,10,3,13,2,3,2,2,.604652
4,99115247,21299,2874,5,4,1,2,12, , , , , , , , , ,1,3, ,2,3,4, , , , , ,1,2,3,4,6, ,2, , , , ,7,0,1, , , , , ,8,7,1, , , , , ,6,5,11,1,2,1,2,.965359
4,99208556,22609,3049,5,4,1,1,7, , , , , , , , , ,3, , , , ,4, , , , , ,1,2,4, , , ,2, , , , ,5,0,4,4, , , , ,88,5,1, , , , , ,7,3,5,2,5,7,2,.544723
4,99233923,23867,3225,5,4,1,2,2, , , , , , , , , ,2, , , , ,4, , , , , ,1,2,4, , , ,2, , , , ,3,0,11,4, , , , ,1,5,1, , , , , ,10,4,3,2,6,7,1,.395313
4,99114074,21234,2861,18,17,1,1,20,22,26,27, , , , , , ,1,3, ,2,3,4, , , , , ,1,2,4, , , ,2, , , , ,17,0,1, , , , , ,1,5,4, , , , , ,11,6,11,4,8,3,2,.667811
1,96137654,5780,232,90,89,1,1,29, , , , , , , , , ,1,3, ,2,65,4, , , , , ,2, , , , , ,2, , , , ,15,0,4,3, , , , ,11,6,1, , , , , ,4,5,6,1,4,1,2,4.33255
4,96233252,20054,2715,9,8,1,1,12, , , , , , , , , ,1,3, ,2,65,3,3,4, , , ,1,4,7, , , ,2, , , , ,12,4,1, , , , , ,7,8,1, , , , , ,11,5,13,2,8,5,1,.50625
1,96149724,2134,297,5,4,1,1,12, , , , , , , , , ,1,2, , ,65,1,1,3,4,6, ,2, , , , , ,2, , , , ,11,10,5,1,2,3, , ,9,4,1, , , , , ,10,5,13,2,7,4,2,.402713
4,99101978,20625,2784,5,4,2, ,12, , , , , , , , , ,1,3, ,2,65,3,6, , , , ,2, , , , , ,2, , , , ,8,3,7,1, , , , ,1,4,1, , , , , ,11,4,11,4,6,2,2,.469
4,96152791,19035,2570,5,4,1,1,12, , , , , , , , , ,1,3, ,2,65,4, , , , , ,1,2,5, , , ,2, , , , ,8,0,1, , , , , ,5,7,1, , , , , ,5,5,12,1,1,4,1,1.453987
4,96219109,19780,2678,5,4,1,2,13, , , , , , , , , ,1,3, ,2,65,4, , , , , ,1,2,4,6, , ,2, , , , ,6,0,1, , , , , ,8,3,1, , , , , ,5,6,5,1,6,6,2,1.388087
3,96143998,12971,1714,32,31,1,2,62, , , , , , , , , ,1,3, ,1,12,4, , , , , ,1,2,4, , , ,2, , , , ,22,0,12,1,3,4, , ,12,6,1, , , , , ,6,5,4,1,9,1,2,1.13819
3,96119999,12496,1646,7,6,1,1,2, , , , , , , , , ,1,3, ,2,12,2,6, , , , ,2, , , , , ,2, , , , ,11,10,4,1, , , , ,1,10,1, , , , , ,8,6,1,2,9,1,2,.724788
4,99232401,23786,3214,8,7,1,2,2, , , , , , , , , ,1,3, ,2,12,2,2, , , , ,2, , , , , ,2, , , , ,10,10,1, , , , , ,1,2,1, , , , , ,11,5,13,2,7,6,1,.502113
3,96210250,13773,1843,5,4,1,1,9, , , , , , , , , ,1,3, ,2,12,1,6, , , , ,2, , , , , ,2, , , , ,9,8,3,1, , , , ,1,11,1, , , , , ,9,3,6,3,6,6,2,.351774
1,96214830,4960,514,5,4,1,1,4, , , , , , , , , ,1,3, ,2,12,4, , , , , ,1,1,2,4, , ,2, , , , ,8,88,6,2,3, , , ,7,9,1, , , , , ,10,2,13,2,5,7,2,.403694
2,97212975,11322,1464,5,4,1,1,4, , , , , , , , , ,1,3, ,2,12,1,3,6, , , ,2, , , , , ,2, , , , ,8,7,2,3, , , , ,1,1,1, , , , , ,9,4,11,4,6,11,2,.370153
3,98225473,17671,2370,5,4,1,1,9, , , , , , , , , ,1,3, ,2,12,1,6, , , , ,2, , , , , ,2, , , , ,8,7,1, , , , , ,1,1,1, , , , , ,10,3,11,4,4,4,2,.329419
2,96237451,8970,1150,6,5,3, ,2, , , , , , , , , ,1,3, ,2,12,1,2,3,6, , ,2, , , , , ,2, , , , ,8,5,1, , , , , ,1,8,1, , , , , ,10,3,11,2,6,5,2,.507145
4,96213579,19666,2665,9,8,1,1,2, , , , , , , , , ,1,3, ,2,12,2,2,3, , , ,2, , , , , ,2, , , , ,7,7,1, , , , , ,10,9,1, , , , , ,11,5,13,2,7,17,1,.453517
3,96207321,13718,1835,4,3,1,1,12, , , , , , , , , ,1,3, ,2,12,4, , , , , ,1,2,4,6,7, ,2, , , , ,7,0,1, , , , , ,8,11,1, , , , , ,5,5,11,2,2,7,2,1.503991
2,96213579,8299,1070,8,7,1,2,2, , , , , , , , , ,1,3, ,2,12,1,2,4, , , ,2, , , , , ,2, , , , ,6,5,1, , , , , ,10,3,1, , , , , ,11,5,13,2,7,17,1,.560518
2,96213579,8299,1071,5,4,1,2,2, , , , , , , , , ,1,3, ,2,12,1,2,4, , , ,2, , , , , ,2, , , , ,6,5,1, , , , , ,10,11,1, , , , , ,11,5,13,2,7,17,1,.427544
4,99105805,20822,2813,5,4,1,1,2, , , , , , , , , ,1,3, ,2,12,3,3, , , , ,2, , , , , ,2, , , , ,6,5,1, , , , , ,4,6,1, , , , , ,9,3,6,2,10,3,1,.436498
4,96168599,19273,2605,7,6,1,1,2, , , , , , , , , ,1,3, ,2,12,2,6, , , , ,2, , , , , ,2, , , , ,6,4,1, , , , , ,7,10,1, , , , , ,11,3,11,4,5,1,2,.567292
2,96204412,8072,1036,18,17,1,1,5, , , , , , , , , ,1,3, ,2,12,3,6, , , , ,2, , , , , ,2, , , , ,6,2,5,4, , , , ,1,9,1, , , , , ,10,3,13,1,7,9,1,1.099555
2,97205733,10948,1419,7,6,3, ,2, , , , , , , , , ,1,3, ,2,12,4, , , , , ,2, , , , , ,2, , , , ,6,0,1, , , , , ,7,88,1, , , , , ,9,2,8,2,5,4,1,.739678
3,96218674,13952,1868,7,6,1,2,13, , , , , , , , , ,1,3, ,2,12,4, , , , , ,2, , , , , ,2, , , , ,6,0,1, , , , , ,88,11,1, , , , , ,2,5,14,1,2,6,1,4.379473
4,96105324,18225,2452,5,4,1,1,2, , , , , , , , , ,1,3, ,2,12,2,6, , , , ,2, , , , , ,2, , , , ,5,4,1, , , , , ,9,1,1, , , , , ,10,1,11,2,3,4,2,.416977
2,96204224,8064,1034,4,3,1,1,2, , , , , , , , , ,1,2, , ,12,1,2, , , , ,2, , , , , ,2, , , , ,5,2,1, , , , , ,7,8,1, , , , , ,7,4,5,2,5,7,2,.870378
3,96248078,14586,1949,21,20,1,2,4, , , , , , , , , ,1,3, ,2,12,4, , , , , ,2, , , , , ,2, , , , ,5,0,1, , , , , ,4,10,1, , , , , ,10,3,13,2,7,14,1,.757307
1,96246678,3385,681,5,4,1,1,2, , , , , , , , , ,1,3, ,2,12,1,4, , , , ,2, , , , , ,2, , , , ,4,4,1, , , , , ,1,1,1, , , , , ,11,1,11,2,2,13,2,.431804
3,96204412,13646,1823,15,14,1,1,5, , , , , , , , , ,1,3, ,2,12,3,2, , , , ,2, , , , , ,2, , , , ,4,3,1, , , , , ,1,7,1, , , , , ,10,3,13,1,5,9,1,.458178
1,96235660,62,630,4,3,3, ,2, , , , , , , , , ,1,2, , ,12,1,2,3, , , ,2, , , , , ,2, , , , ,3,3,1, , , , , ,1,3,1, , , , , ,11,3,13,2,2,21,1,.79624
4,99217847,23063,3112,5,4,1,2,2, , , , , , , , , ,1,3, ,2,12,2,2, , , , ,2, , , , , ,2, , , , ,3,3,1, , , , , ,8,8,1, , , , , ,9,3,4,2,6,4,2,.415816
3,96102865,12155,1580,5,4,1,1,5, , , , , , , , , ,1,3, ,1,12,4, , , , , ,1,2, , , , ,2, , , , ,2,0,3,1,5, , , ,1,6,1, , , , , ,3,5,12,1,2,1,1,1.811255
4,99208401,22600,3046,5,4,1,1,12, , , , , , , , , ,1,2, , ,11,4, , , , , ,2, , , , , ,2, , , , ,88,0,1, , , , , ,1,1,1, , , , , ,4,5,5,2,7,5,2,1.349061
4,99131766,22045,2974,16,15,1,1,12, , , , , , , , , ,1,3, ,2,11,4, , , , , ,1,2,3,4, , ,2, , , , ,20,0,1, , , , , ,12,11,1, , , , , ,5,6,12,1,2,2,2,1.891879
3,96251903,14653,1957,4,3,1,1,12, , , , , , , , , ,1,3, ,2,11,4, , , , , ,1,2,4,5,6, ,2, , , , ,15,0,1, , , , , ,9,1,1, , , , , ,8,5,11,2,10,8,2,.804378
1,96164546,2100,360,4,3,1,1,12, , , , , , , , , ,1,3, ,1,11,4, , , , , ,1,2,4, , , ,2, , , , ,14,0,10,1,3,4, , ,88,8,1, , , , , ,3,5,14,1,8,4,2,1.698939
1,96166929,5914,376,9,8,1,1,12, , , , , , , , , ,1,3, ,2,11,4, , , , , ,1,2,3,4, , ,2, , , , ,14,0,1, , , , , ,12,5,1, , , , , ,8,3,12,2,2,1,1,1.119392
3,96156376,13193,1751,6,5,1,2,2, , , , , , , , , ,1,2, , ,11,2,3, , , , ,2, , , , , ,2, , , , ,13,3,1, , , , , ,9,3,1, , , , , ,6,3,5,2,7,4,2,.904096
3,98126330,16144,2155,6,5,1,2,24, , , , , , , , , ,1,3, ,1,11,1,1,2,3, , ,2, , , , , ,2, , , , ,12,10,1, , , , , ,8,6,1, , , , , ,11,6,13,2,9,2,2,.548273
4,99107591,20922,2827,5,4,1,1,12, , , , , , , , , ,1,3, ,2,11,1,4, , , , ,2, , , , , ,2, , , , ,12,10,1, , , , , ,8,1,1, , , , , ,10,5,13,1,6,1,2,.417599
4,96218451,19768,2677,5,4,1,1,12, , , , , , , , , ,1,3, ,2,11,1,3, , , , ,2, , , , , ,2, , , , ,12,8,1, , , , , ,9,11,1, , , , , ,10,4,11,2,1,11,2,.399075
3,98206242,16593,2221,10,9,1,1,12, , , , , , , , , ,1,2, , ,11,4, , , , , ,1,2,4,6, , ,2, , , , ,12,0,1, , , , , ,11,4,1, , , , , ,7,5,5,2,8,6,2,.54881
3,98122012,15940,2125,15,14,1,2,4, , , , , , , , , ,1,3, ,1,11,4, , , , , ,1,1,2,3,4, ,2, , , , ,11,0,4,1,3, , , ,1,1,1, , , , , ,8,6,3,2,10,2,1,.94493
4,96131018,18675,2512,8,7,1,1,12, , , , , , , , , ,1,3, ,2,11,4, , , , , ,1,2,3,4,6, ,2, , , , ,11,0,1, , , , , ,10,7,1, , , , , ,8,3,6,2,6,2,2,.693629
2,96155984,7492,955,5,4,1,1,4, , , , , , , , , ,1,3, ,2,11,1,2,3, , , ,2, , , , , ,2, , , , ,10,8,1, , , , , ,8,2,1, , , , , ,11,5,13,2,10,3,1,.484079
1,96121898,6044,135,12,11,1,2,8, , , , , , , , , ,1,1,2, ,11,4, , , , , ,2, , , , , ,2, , , , ,10,0,1, , , , , ,1,7,1, , , , , ,2,2,14,1,1,1,2,2.942934
2,96164874,7686,980,5,4,1,1,13, , , , , , , , , ,1,3, ,2,11,4, , , , , ,1,1,2,3,4, ,2, , , , ,10,0,1, , , , , ,9,7,1, , , , , ,6,5,11,2,6,1,2,.720337
2,96234358,8871,1136,10,9,1,1,12, , , , , , , , , ,1,3, ,2,11,4, , , , , ,1,2,4,6, , ,2, , , , ,10,0,6,2,5, , , ,6,4,1, , , , , ,8,5,13,2,8,11,1,.999136
2,97113404,10183,1305,7,6,1,1,12, , , , , , , , , ,1,2, , ,11,4, , , , , ,1,2,3,4,6, ,2, , , , ,10,0,1, , , , , ,9,9,1, , , , , ,6,5,4,2,7,3,2,.927615
3,96103562,12168,1582,10,9,1,1,12, , , , , , , , , ,1,3, ,2,11,4, , , , , ,1,2,4,5,6, ,2, , , , ,10,0,2,3, , , , ,7,2,1, , , , , ,6,6,3,2,10,2,1,1.176405
3,96217726,13927,1864,8,7,1,1,12, , , , , , , , , ,1,3, ,2,11,4, , , , , ,1,2,4,5, , ,2, , , , ,10,0,1, , , , , ,88,9,1, , , , , ,10,3,13,2,8,19,2,.470877
3,96224160,14075,1885,5,4,1,1,13, , , , , , , , , ,1,3, ,2,11,4, , , , , ,1,2,4,6, , ,2, , , , ,10,0,1, , , , , ,9,6,1, , , , , ,6,4,4,2,9,6,1,.998148
3,98101358,14864,1984,7,6,1,1,12, , , , , , , , , ,1,3, ,2,11,4, , , , , ,1,2,3,4,5,6,2, , , , ,10,0,1, , , , , ,1,7,1, , , , , ,5,6,12,1,3,1,2,1.407086
3,98226240,17702,2375,7,6,1,1,4, , , , , , , , , ,1,3, ,2,11,4, , , , , ,1,2,4,6, , ,2, , , , ,10,0,4,1,3,5, , ,9,4,1, , , , , ,5,3,8,1,6,16,1,2.275181
4,96118915,18459,2479,5,4,1,1,13, , , , , , , , , ,1,3, ,2,11,4, , , , , ,1,1,2,3,4,5,2, , , , ,10,0,1, , , , , ,1,9,1, , , , , ,6,3,11,2,7,4,2,.963923
4,99115366,21307,2875,6,5,1,1,1, , , , , , , , , ,1,3, ,2,11,4, , , , , ,1,2,3,4,5, ,2, , , , ,10,0,1, , , , , ,9,1,1, , , , , ,6,6,1,2,8,3,2,1.227134
1,96112440,5082,81,5,4,1,1,12, , , , , , , , , ,1,1,2, ,11,1,3, , , , ,2, , , , , ,2, , , , ,9,7,1, , , , , ,1,7,1, , , , , ,6,5,3,2,9,1,1,.976438
2,97226423,11931,1549,5,4,1,1,9, , , , , , , , , ,1,3, ,2,11,1,2, , , , ,2, , , , , ,2, , , , ,9,7,1, , , , , ,4,9,1, , , , , ,11,3,13,2,5,4,2,.424044
2,97214879,11407,1477,5,4,2, ,12, , , , , , , , , ,1,3, ,2,11,2,1,5, , , ,1,6,7, , , ,2, , , , ,9,6,1, , , , , ,8,8,1, , , , , ,5,6,1,2,7,13,2,1.086468
2,97116255,10329,1324,4,3,1,1,5, , , , , , , , , ,1,3, ,2,11,1,1, , , , ,2, , , , , ,2, , , , ,9,5,3,3, , , , ,11,1,1, , , , , ,9,4,11,2,6,1,2,.616644
2,96166996,7734,989,9,8,1,1,12, , , , , , , , , ,1,3, ,2,11,4, , , , , ,1,2,4,6, , ,2, , , , ,9,0,5,1,3,5, , ,7,3,1, , , , , ,6,5,4,2,8,1,2,.868165
3,98211510,16877,2255,7,6,1,1,4, , , , , , , , , ,1,3, ,2,11,4, , , , , ,2, , , , , ,2, , , , ,9,0,1, , , , , ,88,88,1, , , , , ,11,3,11,4,2,8,2,.524925
1,96219956,266,550,8,7,1,2,2, , , , , , , , , ,1,3, ,2,11,1,1,3, , , ,2, , , , , ,2, , , , ,8,7,1, , , , , ,1,1,1, , , , , ,4,5,5,2,7,6,2,.842448
1,96248107,1451,686,5,4,1,1,13, , , , , , , , , ,1,3, ,2,11,1,1,5, , , ,1,1,6, , , ,2, , , , ,8,6,4,1,2,5, , ,5,9,1, , , , , ,6,6,3,2,9,5,1,.978131
1,96121444,1320,132,8,7,1,1,12, , , , , , , , , ,1,2, , ,11,4, , , , , ,1,2,3,4,6, ,2, , , , ,8,0,1, , , , , ,88,8,1, , , , , ,6,5,11,2,3,2,2,.781068
1,96136649,5009,228,8,7,1,1,12, , , , , , , , , ,1,3, ,2,11,4, , , , , ,1,2,3,4,6, ,2, , , , ,8,0,1, , , , , ,9,1,1, , , , , ,7,6,13,2,10,1,1,1.016637
1,96204205,175,461,6,5,1,1,4, , , , , , , , , ,1,3, ,2,11,4, , , , , ,2, , , , , ,2, , , , ,8,0,1, , , , , ,88,6,1, , , , , ,8,6,5,2,8,6,2,.627364
1,96224733,4237,579,8,7,1,2,12, , , , , , , , , ,1,2, , ,11,4, , , , , ,1,2,4,6,7, ,2, , , , ,8,0,8,2,4,5, , ,6,2,1, , , , , ,6,5,4,2,6,8,2,.783779
3,98216826,17209,2309,4,3,1,2,3, , , , , , , , , ,1,3, ,2,11,4, , , , , ,1,2,3,4, , ,2, , , , ,8,0,1, , , , , ,4,2,1, , , , , ,6,6,8,2,8,6,2,1.050174
4,96103671,18194,2445,4,3,1,1,12, , , , , , , , , ,1,3, ,2,11,4, , , , , ,1,2,4,6,7, ,2, , , , ,8,0,1, , , , , ,9,1,1, , , , , ,5,5,5,1,8,2,2,2.598218
4,99127165,21870,2954,6,5,1,1,13, , , , , , , , , ,1,3, ,2,11,4, , , , , ,1,2,4, , , ,2, , , , ,8,0,1, , , , , ,88,5,1, , , , , ,9,3,11,2,4,10,2,.533777
4,99111167,21119,2843,6,5,1,1,4, , , , , , , , , ,1,3, ,2,11,2,2,3, , , ,2, , , , , ,2, , , , ,7,3,8,1,5, , , ,6,7,1, , , , , ,6,4,2,2,10,1,1,1.482626
2,96250071,9270,1183,7,6,1,1,4, , , , , , , , , ,1,3, ,2,11,3,2, , , , ,2, , , , , ,2, , , , ,7,2,7,1,2,5, , ,10,10,1, , , , , ,9,3,13,2,5,11,1,.734051
1,96120037,838,123,5,4,1,1,13, , , , , , , , , ,1,3, ,2,11,4, , , , , ,1,1,2,3,4, ,2, , , , ,7,0,1, , , , , ,1,8,1, , , , , ,5,3,6,1,10,2,1,1.38236
2,96118915,6567,815,4,3,1,1,12, , , , , , , , , ,1,1,3, ,11,4, , , , , ,1,1,2,3,4,6,2, , , , ,7,0,1, , , , , ,6,5,1, , , , , ,6,3,11,2,6,4,2,1.137476
2,96123689,6701,838,5,4,1,1,4, , , , , , , , , ,1,3, ,2,11,4, , , , , ,1,2,4,6,1, ,2, , , , ,7,0,2,3, , , , ,10,8,1, , , , , ,5,5,4,1,8,10,2,1.057441
2,97102302,9631,1222,7,6,1,2,6, , , , , , , , , ,1,3, ,2,11,4, , , , , ,1,2,4, , , ,2, , , , ,7,0,1, , , , , ,1,3,1, , , , , ,2,5,14,1,2,2,2,4.133637
2,97226044,11918,1547,7,6,1,2,4, , , , , , , , , ,1,1,3, ,11,4, , , , , ,2, , , , , ,2, , , , ,7,0,1, , , , , ,12,11,1, , , , , ,8,4,8,2,6,5,1,1.111175
2,97232149,12075,1566,6,5,1,1,12, , , , , , , , , ,1,3, ,2,11,4, , , , , ,2, , , , , ,2, , , , ,7,0,1, , , , , ,8,10,1, , , , , ,9,2,11,2,1,4,2,.488998
3,98221748,17488,2350,14,13,1,1,5, , , , , , , , , ,1,3, ,2,11,4, , , , , ,1,2,3,4,6,7,2, , , , ,7,0,1, , , , , ,10,9,1, , , , , ,6,5,12,2,8,4,1,1.065693
4,99221174,23223,3130,9,8,1,2,13, , , , , , , , , ,1,3, ,2,11,4, , , , , ,1,2,3,4,6, ,2, , , , ,7,0,10,1,2,3,5, ,8,5,1, , , , , ,6,6,3,2,7,14,2,1.357774
3,98224271,17606,2364,5,4,1,1,12, , , , , , , , , ,1,3, ,2,11,1,5, , , , ,2, , , , , ,1,1, , , ,6,6,1, , , , , ,9,7,1, , , , , ,10,3,13,2,5,8,2,.348156
4,96240815,20205,2729,3,2,1,2,1, , , , , , , , , ,1,3, ,2,11,2,3, , , , ,1,3, , , , ,1,1,2,4, ,6,2,1, , , , , ,1,7,1, , , , , ,8,5,11,2,8,5,2,1.24395
1,96118613,2872,111,4,3,1,2,1, , , , , , , , , ,1,1,2, ,11,4, , , , , ,1,2,3,4, , ,2, , , , ,6,0,1, , , , , ,7,6,1, , , , , ,3,5,5,1,5,18,2,1.680643
2,96209317,8208,1060,4,3,3, ,2, , , , , , , , , ,1,1,3, ,11,4, , , , , ,1,4, , , , ,2, , , , ,6,0,1, , , , , ,1,2,1, , , , , ,8,4,1,4,8,22,1,.108759
1,96126777,4448,170,5,4,1,1,4, , , , , , , , , ,1,2, , ,11,4, , , , , ,1,2,4,6,7, ,2, , , , ,5,0,1, , , , , ,10,3,1, , , , , ,6,3,5,3,7,3,2,.610291
1,96168928,5293,384,5,4,1,1,12, , , , , , , , , ,1,3, ,2,11,4, , , , , ,1,2,3,4, , ,2, , , , ,5,0,1, , , , , ,8,5,1, , , , , ,5,5,5,2,7,1,2,.86437
2,96131752,6918,868,5,4,1,1,1, , , , , , , , , ,1,3, ,2,11,4, , , , , ,1,1,2,3,4,5,2, , , , ,5,0,1, , , , , ,8,8,1, , , , , ,5,5,6,1,6,3,2,1.126926
2,96171418,7818,1000,7,6,1,1,4, , , , , , , , , ,1,3, ,2,11,4, , , , , ,1,2,4,6, , ,2, , , , ,5,0,1, , , , , ,10,4,1, , , , , ,5,5,11,2,8,3,2,1.477421
2,97101724,9587,1219,7,6,1,1,9, , , , , , , , , ,1,1,3, ,11,4, , , , , ,1,2,4,6, , ,2, , , , ,5,0,1, , , , , ,7,9,1, , , , , ,7,4,3,2,8,2,1,1.142397
3,98200725,16309,2180,3,2,3, ,2, , , , , , , , , ,1,2, , ,11,4, , , , , ,2, , , , , ,2, , , , ,5,0,1, , , , , ,1,3,1, , , , , ,8,4,1,4,8,22,1,.08537
4,99114821,21278,2870,6,5,1,1,13, , , , , , , , , ,1,3, ,2,11,4, , , , , ,1,2,4,65, , ,2, , , , ,5,0,6,1, , , , ,9,5,1, , , , , ,5,5,1,2,8,3,2,1.660925
3,96157717,13221,1752,6,5,1,2,13, , , , , , , , , ,1,3, ,1,11,1,1,2,3, , ,2, , , , , ,2, , , , ,4,2,1, , , , , ,1,9,1, , , , , ,6,6,1,2,8,4,2,.904096
3,98124407,16049,2141,5,4,1,1,13, , , , , , , , , ,1,3, ,1,11,3,3, , , , ,1,1,3,4,6,7,2, , , , ,4,2,2,3, , , , ,4,7,1, , , , , ,6,5,5,2,7,3,2,.644673
2,97221339,11717,1510,5,4,1,2,1, , , , , , , , , ,1,3, ,2,11,4, , , , , ,2, , , , , ,2, , , , ,4,0,1, , , , , ,5,10,1, , , , , ,9,2,13,2,5,12,1,.55299
3,96153612,13147,1740,4,3,1,2,1, , , , , , , , , ,1,3, ,2,11,4, , , , , ,1,2,3,4,7, ,2, , , , ,4,0,1, , , , , ,4,7,1, , , , , ,5,5,11,2,7,1,2,1.548565
3,96209317,13762,1840,4,3,3, ,2, , , , , , , , , ,1,3, ,2,11,4, , , , , ,1,1,4, , , ,2, , , , ,4,0,1, , , , , ,1,3,1, , , , , ,8,4,1,4,8,22,1,.107438
1,96157982,1246,333,5,4,1,1,4, , , , , , , , , ,1,3, ,2,11,4, , , , , ,1,4, , , , ,2, , , , ,2,0,1, , , , , ,1,7,1, , , , , ,7,4,11,2,5,2,2,.493083
4,96146595,18930,2551,16,15,1,1,12, , , , , , , , , ,1,3, ,2,10,4, , , , , ,1,2,3,4,6, ,2, , , , ,21,0,1, , , , , ,1,2,1, , , , , ,10,6,13,2,7,1,1,.511122
1,96154426,1018,320,5,4,1,1,12, , , , , , , , , ,1,3, ,2,10,1,2, , , , ,2, , , , , ,2, , , , ,19,8,1, , , , , ,9,7,1, , , , , ,9,2,8,2,7,2,1,.568613
1,96118542,2192,110,5,4,1,1,12, , , , , , , , , ,1,3, ,2,10,4, , , , , ,1,2,4, , , ,2, , , , ,17,0,1, , , , , ,7,3,1, , , , , ,5,6,2,2,7,4,1,1.379565
2,97216386,11481,1484,15,14,2, ,1,2,6,9, , , , , , ,1,3, ,2,10,4, , , , , ,1,4, , , , ,2, , , , ,16,0,1, , , , , ,9,8,1, , , , , ,11,4,11,2,8,9,2,.510338
3,98233676,18061,2427,10,9,1,1,13, , , , , , , , , ,1,3, ,2,10,4, , , , , ,2, , , , , ,2, , , , ,16,0,1, , , , , ,1,8,1, , , , , ,4,6,3,2,10,5,1,1.650164
1,96133777,5161,206,6,5,1,1,12, , , , , , , , , ,1,3, ,2,10,3,2, , , , ,1,3,4,7, , ,2, , , , ,15,4,1, , , , , ,11,4,1, , , , , ,6,4,5,2,8,1,2,.778643
1,96232865,143,612,8,7,1,1,12, , , , , , , , , ,1,3, ,2,10,4, , , , , ,1,2,4,6, , ,2, , , , ,15,0,5,4, , , , ,1,6,1, , , , , ,8,6,13,2,8,6,2,.627364
2,96153791,7456,951,10,9,1,1,12, , , , , , , , , ,1,3, ,2,10,4, , , , , ,1,2,4, , , ,2, , , , ,15,0,1, , , , , ,9,7,1, , , , , ,7,5,1,2,8,1,2,.656222
4,99134506,22122,2980,10,9,1,1,12, , , , , , , , , ,1,3, ,2,10,4, , , , , ,1,2, , , , ,2, , , , ,15,0,1, , , , , ,1,4,1, , , , , ,8,4,2,2,10,1,2,.704302
4,99213112,22846,3085,6,5,1,1,12, , , , , , , , , ,1,2, , ,10,4, , , , , ,1,2,4, , , ,2, , , , ,15,0,1, , , , , ,10,9,1, , , , , ,6,5,3,2,9,4,2,1.231694
1,96220460,1871,554,15,14,1,1,12, , , , , , , , , ,1,3, ,2,10,4, , , , , ,1,2,6, , , ,2, , , , ,14,0,6,1,4, , , ,5,8,1, , , , , ,7,4,11,2,1,5,2,.691378
1,96151807,4437,305,9,8,1,1,12, , , , , , , , , ,1,3, ,2,10,4, , , , , ,1,2,3,4, , ,2, , , , ,13,0,1, , , , , ,1,7,1, , , , , ,8,5,3,1,8,3,2,.689826
3,98202651,16412,2196,12,11,1,1,12, , , , , , , , , ,1,3, ,1,10,4, , , , , ,1,1,2,3,4,6,2, , , , ,13,0,9,1, , , , ,88,5,1, , , , , ,7,6,1,2,8,9,2,.519885
4,96140306,18830,2535,9,8,1,1,12, , , , , , , , , ,1,3, ,2,10,4, , , , , ,1,2,3,4, , ,2, , , , ,13,0,3,1, , , , ,9,5,1, , , , , ,9,3,11,2,5,1,2,.570779
1,96105045,4514,25,5,4,1,1,12, , , , , , , , , ,1,3, ,2,10,4, , , , , ,1,2,3,4,5, ,2, , , , ,12,0,1, , , , , ,8,8,1, , , , , ,5,6,4,1,7,3,2,.863924
1,96251836,3061,702,5,4,3, ,2, , , , , , , , , ,1,3, ,2,10,4, , , , , ,2, , , , , ,2, , , , ,12,0,1, , , , , ,1,11,1, , , , , ,8,4,13,2,1,15,1,.794573
2,97203759,10845,1403,5,4,1,1,12, , , , , , , , , ,1,3, ,2,10,1,1, , , , ,2, , , , , ,2, , , , ,11,10,1, , , , , ,9,88,1, , , , , ,6,6,11,2,1,8,2,.681852
1,96245147,3308,675,9,8,1,1,12, , , , , , , , , ,1,3, ,2,10,4, , , , , ,1,2,3,4,5,6,2, , , , ,11,0,14,1,2,4, , ,5,8,1, , , , , ,8,3,7,2,6,13,2,.691383
2,97218413,11580,1493,5,4,1,1,12, , , , , , , , , ,1,3, ,2,10,4, , , , , ,1,2,4,6, , ,2, , , , ,11,0,1, , , , , ,11,8,1, , , , , ,6,6,3,2,8,5,1,1.116398
4,96224674,19884,2696,10,9,1,1,12, , , , , , , , , ,1,3, ,2,10,4, , , , , ,1,1,2,3,4, ,2, , , , ,11,0,1, , , , , ,8,9,1, , , , , ,9,5,13,2,4,19,2,.56953
4,99122661,21673,2926,6,5,1,1,12, , , , , , , , , ,1,3, ,2,10,4, , , , , ,2, , , , , ,2, , , , ,11,0,1, , , , , ,12,1,1, , , , , ,11,6,2,2,10,3,1,.470191
1,96246652,2963,680,6,5,2, ,12, , , , , , , , , ,1,3, ,2,10,1,2, , , , ,2, , , , , ,2, , , , ,10,9,1, , , , , ,9,8,1, , , , , ,10,6,13,2,6,16,2,.513622
3,98207200,16635,2228,5,4,1,1,12, , , , , , , , , ,1,2, , ,10,1,6, , , , ,2, , , , , ,2, , , , ,10,9,1, , , , , ,6,1,1, , , , , ,5,5,5,1,6,4,2,.895814
4,99233556,23846,3222,5,4,1,1,12, , , , , , , , , ,1,3, ,2,10,1,1,2,3, , ,1,6, , , , ,2, , , , ,10,9,5,2,3, , , ,4,12,1, , , , , ,9,5,13,2,7,6,1,.466133
2,97112276,10128,1296,5,4,1,1,12, , , , , , , , , ,1,3, ,2,10,1,2, , , , ,1,6,3, , , ,2, , , , ,10,8,1, , , , , ,9,9,1, , , , , ,10,5,13,2,6,2,1,.536518
3,98113123,15492,2065,5,4,1,1,12, , , , , , , , , ,1,3, ,1,10,1,3, , , , ,2, , , , , ,2, , , , ,10,8,1, , , , , ,1,1,1, , , , , ,3,5,14,1,2,2,1,1.907746
4,99124051,21743,2933,6,5,1,1,12, , , , , , , , , ,1,3, ,2,10,1,1, , , , ,1,6, , , , ,2, , , , ,10,7,1, , , , , ,1,7,1, , , , , ,9,5,13,2,6,2,1,.592281
4,99125537,21811,2945,4,3,1,1,12, , , , , , , , , ,1,2, , ,10,2,1, , , , ,1,2,4, , , ,2, , , , ,10,5,1, , , , , ,8,10,1, , , , , ,8,5,13,2,6,2,1,1.303275
1,96224674,2752,577,7,6,1,1,12, , , , , , , , , ,1,3, ,2,10,3,1,3, , , ,1,3,4,6, , ,2, , , , ,10,3,1, , , , , ,1,9,1, , , , , ,9,5,13,2,6,19,2,.516975
1,96119934,970,121,8,7,1,1,12, , , , , , , , , ,1,1,2, ,10,4, , , , , ,1,2,4,6, , ,2, , , , ,10,0,1, , , , , ,9,4,1, , , , , ,6,5,5,1,8,2,2,.781068
1,96122077,1084,139,6,5,1,1,12, , , , , , , , , ,1,3, ,2,10,4, , , , , ,1,2,4,7, , ,2, , , , ,10,0,1, , , , , ,10,10,1, , , , , ,11,5,13,4,6,2,2,.55139
1,96177402,1979,433,8,7,1,1,12, , , , , , , , , ,1,3, ,1,10,4, , , , , ,1,2,4, , , ,2, , , , ,10,0,9,1,2,3, , ,3,7,1, , , , , ,6,6,3,2,10,4,2,.779488
1,96239825,1823,654,8,7,1,1,12, , , , , , , , , ,1,3, ,2,10,4, , , , , ,1,1,2,4,5,6,2, , , , ,10,0,1, , , , , ,1,8,1, , , , , ,9,6,13,2,2,5,1,.724096
2,96109093,6323,775,6,5,1,1,12, , , , , , , , , ,1,3, ,1,10,4, , , , , ,2, , , , , ,2, , , , ,10,0,1, , , , , ,8,5,1, , , , , ,7,3,5,4,8,1,2,.713827
3,96230361,14203,1905,5,4,1,1,12, , , , , , , , , ,1,2, , ,10,4, , , , , ,1,2,3,4,7, ,2, , , , ,10,0,4,2,3, , , ,1,7,1, , , , , ,6,6,3,2,10,5,2,.614503
3,96231383,14228,1907,10,9,1,2,12, , , , , , , , , ,1,3, ,2,10,4, , , , , ,1,2,4,5,6,7,2, , , , ,10,0,1, , , , , ,1,6,1, , , , , ,6,6,2,2,10,19,2,.648351
3,96242245,14477,1933,8,7,1,1,12, , , , , , , , , ,1,3, ,2,10,4, , , , , ,1,2,4,6,7, ,2, , , , ,10,0,1, , , , , ,6,4,1, , , , , ,7,4,5,2,7,6,2,.729903
3,98107623,15190,2022,6,5,1,2,12, , , , , , , , , ,1,3, ,2,10,4, , , , , ,1,2,4,6, , ,2, , , , ,10,0,1, , , , , ,7,4,1, , , , , ,6,6,2,1,8,2,2,.99802
3,98212861,16968,2269,5,4,1,1,12, , , , , , , , , ,1,3, ,2,10,4, , , , , ,1,2,3,4,6, ,2, , , , ,10,0,1, , , , , ,9,1,1, , , , , ,5,5,4,2,10,7,1,1.437635
4,99211596,22772,3074,5,4,1,1,1, , , , , , , , , ,1,3, ,2,10,4, , , , , ,1,2,3,4, , ,2, , , , ,10,0,1, , , , , ,88,88,1, , , , , ,4,5,3,1,10,4,1,1.602302
4,99212282,22804,3079,5,4,3, ,2, , , , , , , , , ,1,3, ,2,10,4, , , , , ,2, , , , , ,2, , , , ,10,0,10,4, , , , ,12,13,1, , , , , ,10,5,13,4,10,4,1,.372356
4,99233853,23861,3224,5,4,1,1,12, , , , , , , , , ,1,3, ,2,10,4, , , , , ,2, , , , , ,2, , , , ,10,0,1, , , , , ,1,7,1, , , , , ,5,5,6,1,5,4,2,1.304669
3,98210250,16803,2246,5,4,1,2,12, , , , , , , , , ,1,3, ,2,10,3,4, , , , ,2, , , , , ,2, , , , ,9,7,8,2, , , , ,1,12,1, , , , , ,4,5,8,1,6,11,1,1.441697
2,97221626,11729,1512,13,12,1,1,12, , , , , , , , , ,1,3, ,2,10,4, , , , , ,1,2,3,4,6, ,2, , , , ,9,0,1, , , , , ,9,3,1, , , , , ,10,5,13,2,8,6,1,.63851
3,98229181,17867,2399,4,3,1,2,2, , , , , , , , , ,1,1,5, ,10,4, , , , , ,1,2,3,4, , ,2, , , , ,9,0,1, , , , , ,10,8,1, , , , , ,6,5,2,2,10,19,1,1.487728
3,98202931,16424,2199,7,6,1,1,12, , , , , , , , , ,1,3, ,2,10,1,1,2,3, , ,2, , , , , ,2, , , , ,8,8,1, , , , , ,8,9,1, , , , , ,10,4,13,2,6,16,2,.53066
4,99105141,20797,2805,5,4,1,1,13, , , , , , , , , ,1,3, ,2,10,1,3, , , , ,2, , , , , ,2, , , , ,8,8,1, , , , , ,1,3,1, , , , , ,4,3,4,2,6,1,2,1.351006
2,97226440,11932,1550,6,5,1,1,12, , , , , , , , , ,1,3, ,2,10,4, , , , , ,2, , , , , ,2, , , , ,8,0,1, , , , , ,4,8,1, , , , , ,7,4,5,1,5,4,2,.697634
3,96133556,12766,1679,5,4,1,1,12, , , , , , , , , ,1,3, ,2,10,4, , , , , ,1,4, , , , ,2, , , , ,8,0,1, , , , , ,8,3,1, , , , , ,11,6,13,2,6,1,1,.391014
4,96119589,18465,2480,5,4,1,1,12, , , , , , , , , ,1,3, ,2,10,4, , , , , ,1,2,4, , , ,2, , , , ,8,0,1, , , , , ,1,11,1, , , , , ,5,6,3,1,9,2,2,1.380301
4,99228992,23621,3186,5,4,1,1,12, , , , , , , , , ,1,3, ,2,10,4, , , , , ,1,2,4, , , ,2, , , , ,8,0,11,2, , , , ,11,5,1, , , , , ,9,5,4,2,9,6,1,.466133
4,99230069,23679,3196,9,8,1,1,12, , , , , , , , , ,1,3, ,2,10,4, , , , , ,1,2,4, , , ,2, , , , ,8,0,1, , , , , ,10,7,1, , , , , ,9,6,11,1,7,16,2,.618197
3,96124656,12612,1662,5,4,1,1,12, , , , , , , , , ,1,3, ,1,10,1,1,2, , , ,2, , , , , ,2, , , , ,7,7,1, , , , , ,1,3,1, , , , , ,6,6,5,2,10,2,2,.665917
1,96108491,2409,52,6,5,1,2,9, , , , , , , , , ,1,3, ,1,10,1,6, , , , ,2, , , , , ,2, , , , ,7,6,1, , , , , ,1,4,1, , , , , ,10,3,13,2,5,4,1,.650195
2,96154059,7461,953,5,4,2, ,12, , , , , , , , , ,1,3, ,2,10,1,1, , , , ,1,1, , , , ,2, , , , ,7,5,1, , , , , ,1,5,1, , , , , ,8,5,11,2,8,1,2,.544483
4,99232460,23790,3215,7,6,1,1,12, , , , , , , , , ,1,2, , ,10,2,4, , , , ,2, , , , , ,2, , , , ,7,5,1, , , , , ,10,7,1, , , , , ,6,5,3,1,9,4,1,1.480419
2,97115050,10265,1317,6,5,1,1,4, , , , , , , , , ,1,3, ,2,10,2,4, , , , ,1,1,2,4, , ,2, , , , ,7,0,1, , , , , ,9,7,1, , , , , ,9,3,13,1,5,1,2,.500348
2,97224700,11868,1540,5,4,1,1,12, , , , , , , , , ,1,3, ,2,10,4, , , , , ,1,2,3,4,5,6,2, , , , ,7,0,1, , , , , ,5,7,1, , , , , ,6,5,4,1,8,4,2,.703996
3,96165153,13347,1770,6,5,1,1,12, , , , , , , , , ,1,3, ,1,10,4, , , , , ,1,2,3,4, , ,2, , , , ,7,0,1, , , , , ,1,6,1, , , , , ,7,6,2,1,10,1,2,.724788
4,99209271,22646,3056,3,2,1,1,12, , , , , , , , , ,1,3, ,2,10,4, , , , , ,2, , , , , ,2, , , , ,7,0,1, , , , , ,1,10,1, , , , , ,7,4,5,2,8,12,2,1.206716
1,96134170,5421,210,7,6,1,2,13, , , , , , , , , ,1,3, ,2,10,4, , , , , ,1,2,4, , , ,2, , , , ,6,0,1, , , , , ,5,9,1, , , , , ,8,3,11,2,6,1,2,.626826
2,97212557,11299,1461,5,4,1,1,12, , , , , , , , , ,1,2, , ,10,4, , , , , ,1,2,4,6,7, ,2, , , , ,6,0,1, , , , , ,1,11,1, , , , , ,6,5,4,2,10,4,2,.703996
2,97217424,11527,1488,7,6,1,1,12, , , , , , , , , ,1,3, ,2,10,4, , , , , ,1,2,3,4,6, ,2, , , , ,6,0,5,4, , , , ,8,6,1, , , , , ,5,5,11,2,1,8,2,1.423755
3,96104600,12199,1588,5,4,1,1,13, , , , , , , , , ,1,3, ,1,10,4, , , , , ,1,3, , , , ,2, , , , ,6,0,1, , , , , ,8,4,1, , , , , ,7,5,5,2,9,4,1,.759625
3,96224733,14087,1889,8,7,1,1,12, , , , , , , , , ,1,3, ,2,10,4, , , , , ,1,2,4,6,7, ,2, , , , ,6,0,1, , , , , ,11,3,1, , , , , ,6,5,4,2,6,8,2,.955519
3,98233220,18044,2424,6,5,1,1,12, , , , , , , , , ,1,3, ,2,10,4, , , , , ,1,3,4, , , ,2, , , , ,6,0,1, , , , , ,9,4,1, , , , , ,6,6,12,2,7,6,1,1.495939
4,99213982,22887,3092,8,7,1,1,12, , , , , , , , , ,1,3, ,2,10,4, , , , , ,1,2,4,6, , ,2, , , , ,6,0,1, , , , , ,5,5,1, , , , , ,10,3,13,2,2,6,1,.506215
4,99238513,24074,3248,8,7,1,1,12, , , , , , , , , ,1,3, ,1,10,4, , , , , ,1,2,4,6, , ,2, , , , ,6,0,4,3,5, , , ,1,8,1, , , , , ,8,3,6,3,5,4,2,.655622
3,96134910,12790,1687,3,2,1,1,1, , , , , , , , , ,1,1,5, ,10,2,2,3, , , ,2, , , , , ,2, , , , ,5,3,10,1,2, , , ,1,7,1, , , , , ,6,5,5,2,8,3,2,.844918
3,98231543,17966,2412,5,4,1,1,12, , , , , , , , , ,1,3, ,2,10,3,1, , , , ,1,3,4,6, , ,2, , , , ,5,3,1, , , , , ,11,8,1, , , , , ,8,3,5,2,6,4,2,.461432
1,96136561,4338,227,4,3,1,1,12, , , , , , , , , ,1,2, , ,10,4, , , , , ,1,2,4, , , ,2, , , , ,5,0,1, , , , , ,4,4,1, , , , , ,6,6,5,2,9,3,2,.956409
1,96159532,5361,340,6,5,1,1,2, , , , , , , , , ,1,3, ,2,10,4, , , , , ,2, , , , , ,2, , , , ,5,0,1, , , , , ,7,10,1, , , , , ,6,3,4,1,7,1,2,.778643
2,96122458,6668,831,3,2,1,2,12, , , , , , , , , ,1,3, ,2,10,4, , , , , ,1,2,4,6, , ,2, , , , ,5,0,1, , , , , ,6,5,1, , , , , ,4,5,5,1,7,18,2,1.628977
3,96109937,12322,1616,5,4,1,1,2, , , , , , , , , ,1,3, ,2,10,4, , , , , ,1,3,4,5, , ,2, , , , ,5,0,1, , , , , ,1,1,1, , , , , ,3,6,14,1,2,1,2,1.709289
4,96251671,20383,2745,7,6,1,1,1, , , , , , , , , ,1,3, ,2,10,4, , , , , ,1,2, , , , ,2, , , , ,5,0,1, , , , , ,9,6,1, , , , , ,11,5,13,2,6,6,1,.502113
4,99223078,23311,3138,4,3,1,1,13, , , , , , , , , ,1,3, ,2,10,4, , , , , ,1,2,4,6, , ,2, , , , ,5,0,1, , , , , ,5,88,1, , , , , ,9,4,11,2,2,4,2,.782714
2,97200365,10655,1374,6,5,3, ,2, , , , , , , , , ,1,3, ,2,10,1,1, , , , ,2, , , , , ,2, , , , ,4,4,1, , , , , ,1,1,1, , , , , ,11,1,11,2,2,22,2,.044796
2,97113529,10191,1307,5,4,2, ,12, , , , , , , , , ,1,3, ,2,10,3,3, , , , ,2, , , , , ,2, , , , ,4,3,1, , , , , ,1,5,1, , , , , ,8,4,4,2,7,3,1,.839583
1,96221216,16,558,4,3,3, ,2, , , , , , , , , ,1,2, , ,10,4, , , , , ,2, , , , , ,2, , , , ,4,0,1, , , , , ,1,2,1, , , , , ,7,4,1,2,7,22,1,.152358
4,96235660,20109,2723,3,2,3, ,2, , , , , , , , , ,1,2, , ,10,4, , , , , ,2, , , , , ,2, , , , ,4,0,1, , , , , ,1,3,1, , , , , ,11,3,13,2,2,21,1,.988824
4,99204866,22416,3018,4,3,1,2,12, , , , , , , , , ,1,3, ,2,10,4, , , , , ,1,2,3,4,6, ,2, , , , ,4,0,1, , , , , ,7,2,1, , , , , ,6,5,5,1,7,6,2,1.930458
1,96221216,16,559,3,2,3, ,2, , , , , , , , , ,1,2, , ,10,4, , , , , ,2, , , , , ,2, , , , ,3,0,1, , , , , ,1,2,1, , , , , ,7,4,1,2,7,22,1,.222063
1,96213823,39,505,3,2,3, ,2, , , , , , , , , ,1,2, , ,10,4, , , , , ,2, , , , , ,2, , , , ,2,0,1, , , , , ,8,1,1, , , , , ,4,6,1,1,7,21,2,1.5198
1,96216899,4120,524,4,3,1,1,3, , , , , , , , , ,1,3, ,2,10,4, , , , , ,1,2,4, , , ,2, , , , ,2,0,1, , , , , ,1,8,1, , , , , ,9,5,11,2,4,9,2,.624013
2,96113486,6443,792,4,3,3, ,2, , , , , , , , , ,1,1,3, ,10,4, , , , , ,1,4,3, , , ,2, , , , ,2,0,1, , , , , ,1,2,1, , , , , ,6,6,1,2,9,22,2,.091656
2,97225421,11896,1545,4,3,1,1,12, , , , , , , , , ,1,3, ,2,10,4, , , , , ,1,2,3,4,6,7,2, , , , ,2,0,1, , , , , ,8,10,1, , , , , ,5,6,1,2,8,4,2,1.811667
1,96205218,46,467,2,1,3, ,2, , , , , , , , , ,1,2, , ,10,4, , , , , ,1,4,6, , , ,2, , , , ,1,0,1, , , , , ,1,2,1, , , , , ,6,4,1,2,6,21,2,2.426581
2,96133832,6962,873,15,14,1,2,30, , , , , , , , , ,1,3, ,2,9,1,2, , , , ,2, , , , , ,2, , , , ,22,22,1, , , , , ,1,1,1, , , , , ,11,4,13,2,4,1,2,.522929
3,96137270,12833,1696,12,11,1,1,21, , , , , , , , , ,1,3, ,2,9,1,5, , , , ,2, , , , , ,2, , , , ,22,22,1, , , , , ,11,9,1, , , , , ,7,5,11,2,9,2,2,.573995
3,96242379,14480,1935,16,15,1,1,61, , , , , , , , , ,1,3, ,1,9,1,3,5, , , ,2, , , , , ,2, , , , ,22,22,1, , , , , ,10,11,1, , , , , ,6,6,1,2,6,20,2,.766259
3,96259125,14760,1968,13,12,1,2,28,62, , , , , , , , ,1,3, ,2,9,1,2,3, , , ,2, , , , , ,2, , , , ,22,21,1, , , , , ,1,1,1, , , , , ,7,5,5,2,9,14,2,.560491
4,99208596,22613,3050,19,18,1,1,23,24, , , , , , , , ,1,3, ,2,9,1,3, , , , ,2, , , , , ,2, , , , ,22,20,1, , , , , ,1,1,1, , , , , ,5,5,4,2,8,4,1,2.198495
1,96104388,5219,23,19,18,1,2,15, , , , , , , , , ,1,2, , ,9,4, , , , , ,1,2,3,4,6,7,2, , , , ,22,0,5,4,5, , , ,10,2,1, , , , , ,4,5,1,1,8,1,2,1.264503
1,96114488,3743,90,26,25,1,2,28, , , , , , , , , ,1,3, ,2,9,4, , , , , ,1,1,2,3,4,5,2, , , , ,22,0,4,3, , , , ,88,10,1, , , , , ,5,5,1,2,8,10,1,2.640675
3,98124425,16051,2142,21,20,1,2,21,23,28, , , , , , , ,1,3, ,2,9,4, , , , , ,1,2,3,4,6,7,2, , , , ,22,0,1, , , , , ,12,7,1, , , , , ,6,6,11,2,10,3,2,1.113757
3,98226814,17738,2380,33,32,1,1,62, , , , , , , , , ,1,3, ,2,9,4, , , , , ,2, , , , , ,2, , , , ,22,0,1, , , , , ,14,10,1, , , , , ,10,5,13,2,8,6,1,.772696
4,99105949,20826,2815,36,35,1,2,22,28, , , , , , , , ,1,3, ,2,9,4, , , , , ,1,1,2,3,4,6,2, , , , ,22,0,10,1,2,3,4,5,12,9,1, , , , , ,7,5,5,2,8,2,2,1.945875
4,99226830,23491,3164,15,14,1,2,2, , , , , , , , , ,1,3, ,2,9,2,1,5, , , ,2, , , , , ,2, , , , ,21,20,4,3,5, , , ,9,3,1, , , , , ,10,3,13,2,6,7,2,.606757
1,96151711,5129,304,13,12,1,2,28,62, , , , , , , , ,1,3, ,2,9,1,2, , , , ,1,1, , , , ,2, , , , ,20,19,1, , , , , ,9,11,1, , , , , ,8,3,13,2,8,1,2,.690181
4,96125008,18578,2502,8,7,1,1,2, , , , , , , , , ,1,3, ,2,9,2,1,2,3,4, ,2, , , , , ,2, , , , ,20,8,1, , , , , ,9,5,1, , , , , ,10,2,13,2,5,3,1,.474032
2,96143282,7196,911,13,12,1,2,25, , , , , , , , , ,1,3, ,2,9,1,6, , , , ,2, , , , , ,2, , , , ,19,19,1, , , , , ,1,3,1, , , , , ,5,6,3,2,10,2,1,2.179201
4,99225792,23446,3158,10,9,1,1,17,18,19,20, , , , , , ,1,3, ,2,9,1,2,5, , , ,1,6, , , , ,2, , , , ,19,15,1, , , , , ,9,9,1, , , , , ,9,4,6,2,7,6,1,.638895
2,96135132,6995,878,11,10,1,1,2,21,23,24,25,62, , , , ,1,3, ,2,9,1,4, , , , ,2, , , , , ,2, , , , ,19,14,1, , , , , ,11,5,1, , , , , ,10,5,2,2,10,2,2,.479319
3,98128081,16216,2170,10,9,1,1,26, , , , , , , , , ,1,3, ,2,9,1,1,3, , , ,2, , , , , ,2, , , , ,19,14,11,1,5, , , ,88,5,1, , , , , ,4,5,12,1,3,1,2,1.192836
2,96240658,9056,1163,11,10,1,2,60, , , , , , , , , ,1,3, ,2,9,1,2, , , , ,2, , , , , ,2, , , , ,17,15,1, , , , , ,11,11,1, , , , , ,8,4,1,1,8,5,2,.650705
3,98201321,16337,2184,5,4,1,1,12, , , , , , , , , ,1,3, ,1,9,1,1,2, , , ,2, , , , , ,2, , , , ,17,8,1, , , , , ,1,10,1, , , , , ,9,6,1,2,8,14,2,.359261
1,96258796,2736,727,10,8,1,1,23,24, , , , , , , , ,1,3, ,2,9,1,3, , , , ,2, , , , , ,2, , , , ,16,12,1, , , , , ,8,11,1, , , , , ,10,5,13,2,7,19,2,.567509
4,99133919,22109,2979,11,10,1,2,62, , , , , , , , , ,1,3, ,2,9,1,1, , , , ,2, , , , , ,2, , , , ,15,15,3,3, , , , ,8,9,1, , , , , ,9,6,13,2,7,1,2,.570779
4,96116463,18432,2470,12,11,1,2,2, , , , , , , , , ,1,3, ,2,9,2,4, , , , ,2, , , , , ,2, , , , ,15,14,8,1, , , , ,11,3,1, , , , , ,10,6,13,1,6,2,2,.604652
2,97118453,10442,1341,8,7,1,2,2, , , , , , , , , ,1,3, ,2,9,1,1, , , , ,2, , , , , ,2, , , , ,15,13,1, , , , , ,1,1,1, , , , , ,9,6,13,2,5,2,2,.510082
4,96250663,20365,2744,10,9,1,2,64, , , , , , , , , ,1,3, ,2,9,1,1, , , , ,2, , , , , ,2, , , , ,15,13,4,1,3, , , ,11,11,1, , , , , ,9,5,4,1,8,5,2,.569957
1,96176089,824,429,11,10,1,2,2, , , , , , , , , ,1,3, ,2,9,1,3,4,5,6, ,2, , , , , ,2, , , , ,15,12,1, , , , , ,11,7,1, , , , , ,5,6,2,2,10,2,2,1.217429
3,98201888,16368,2188,10,8,1,2,12, , , , , , , , , ,1,2, , ,9,1,1,3, , , ,2, , , , , ,2, , , , ,15,12,1, , , , , ,1,5,1, , , , , ,11,6,2,2,10,7,1,.427941
2,96211942,8259,1064,5,4,1,1,12, , , , , , , , , ,1,3, ,2,9,1,1,5, , , ,2, , , , , ,2, , , , ,15,10,7,2,5, , , ,9,11,1, , , , , ,9,5,11,2,6,6,2,.384192
2,97119806,10511,1353,14,13,1,2,12, , , , , , , , , ,1,3, ,2,9,4, , , , , ,1,2,4,6, , ,2, , , , ,15,0,1, , , , , ,7,3,1, , , , , ,5,3,9,1,7,3,2,1.358194
3,96221147,14006,1875,9,8,1,1,12, , , , , , , , , ,1,3, ,2,9,4, , , , , ,1,2,4,7, , ,2, , , , ,15,0,1, , , , , ,9,8,1, , , , , ,6,6,3,2,10,8,1,1.126307
4,96231704,20021,2712,15,14,1,2,23,62, , , , , , , , ,1,3, ,2,9,1,3,5, , , ,2, , , , , ,2, , , , ,14,12,5,1,2,3,5, ,7,11,1, , , , , ,9,5,6,2,5,20,2,.606976
4,99121236,21593,2916,15,14,1,2,60, , , , , , , , , ,1,3, ,2,9,4, , , , , ,1,2,4,7, , ,2, , , , ,14,0,1, , , , , ,1,4,1, , , , , ,8,5,12,2,4,2,1,.948973
2,96138938,7078,894,8,7,1,2,2, , , , , , , , , ,1,3, ,2,9,1,4, , , , ,2, , , , , ,2, , , , ,13,12,1, , , , , ,1,11,1, , , , , ,9,5,13,2,8,10,2,.461165
1,96151238,2533,303,5,4,1,1,12, , , , , , , , , ,1,1,5, ,9,1,1,4, , , ,2, , , , , ,2, , , , ,13,10,1, , , , , ,88,9,1, , , , , ,9,2,6,2,4,4,1,.567464
2,96116869,6529,806,5,4,1,1,12, , , , , , , , , ,1,3, ,2,9,1,5, , , , ,2, , , , , ,2, , , , ,13,9,11,1,2,5, , ,9,5,1, , , , , ,8,6,6,2,8,10,1,.787815
2,97119599,10499,1350,5,4,1,1,12, , , , , , , , , ,1,3, ,2,9,1,1,2, , , ,2, , , , , ,2, , , , ,13,9,1, , , , , ,9,4,1, , , , , ,9,6,2,2,10,2,1,.588528
2,97207257,11018,1424,13,12,1,2,2, , , , , , , , , ,1,3, ,2,9,3,2, , , , ,1,2, , , , ,2, , , , ,12,88,1, , , , , ,10,3,1, , , , , ,11,5,11,2,6,6,2,.526415
4,96166303,19246,2601,8,7,1,1,2, , , , , , , , , ,1,3, ,2,9,2,2, , , , ,2, , , , , ,2, , , , ,12,10,1, , , , , ,1,4,1, , , , , ,10,5,13,1,9,2,2,.563698
1,96223584,392,571,6,5,3, ,2, , , , , , , , , ,1,1,1, ,9,1,3, , , , ,2, , , , , ,2, , , , ,12,5,1, , , , , ,7,3,1, , , , , ,8,4,5,2,6,6,2,.627364
2,97109963,10020,1280,11,8,1,1,23,25, , , , , , , , ,1,3, ,2,9,4, , , , , ,1,2,3,4,5,6,2, , , , ,12,0,2,3, , , , ,11,7,1, , , , , ,6,4,3,2,10,2,1,1.383312
3,98126081,16133,2154,7,6,1,1,12, , , , , , , , , ,1,3, ,1,9,4, , , , , ,1,2,3,4, , ,2, , , , ,12,0,1, , , , , ,9,2,1, , , , , ,6,5,3,2,7,2,2,.99802
4,99204588,22394,3014,7,6,1,1,12, , , , , , , , , ,1,3, ,2,9,4, , , , , ,2, , , , , ,2, , , , ,12,0,1, , , , , ,8,4,1, , , , , ,8,5,8,2,10,5,1,.836263
2,96234255,8864,1135,8,7,1,1,2, , , , , , , , , ,1,3, ,2,9,4, , , , , ,1,1,2,4, , ,2, , , , ,11,0,1, , , , , ,1,9,1, , , , , ,7,4,4,2,7,5,2,.707826
1,96126790,5949,172,5,4,1,1,12, , , , , , , , , ,1,1,2, ,9,1,6, , , , ,2, , , , , ,2, , , , ,10,10,4,1,3, , , ,1,7,1, , , , , ,3,5,14,1,2,1,1,1.359596
2,97203703,10843,1401,5,4,1,2,13, , , , , , , , , ,1,3, ,2,9,1,1,2,3, , ,2, , , , , ,2, , , , ,10,9,1, , , , , ,1,6,1, , , , , ,10,5,11,2,8,4,2,.381263
4,96117823,18445,2474,9,8,1,1,2, , , , , , , , , ,1,3, ,2,9,2,2, , , , ,2, , , , , ,2, , , , ,10,8,1, , , , , ,1,9,1, , , , , ,11,3,13,2,6,1,2,.608507
4,96138938,18807,2531,6,5,1,1,2, , , , , , , , , ,1,3, ,2,9,2,1,2, , , ,2, , , , , ,2, , , , ,10,6,1, , , , , ,1,11,1, , , , , ,9,5,11,2,6,10,2,.533777
3,98221602,17481,2348,5,4,1,1,9, , , , , , , , , ,1,3, ,2,9,3,1, , , , ,2, , , , , ,2, , , , ,10,1,1, , , , , ,11,11,1, , , , , ,9,3,6,2,7,7,2,.339254
1,96144660,5049,265,6,5,1,1,12, , , , , , , , , ,1,1,2, ,9,4, , , , , ,1,2,4,7, , ,2, , , , ,10,0,1, , , , , ,9,3,1, , , , , ,5,5,1,2,10,1,1,1.757309
2,96111736,6406,786,8,7,1,1,12, , , , , , , , , ,1,3, ,2,9,4, , , , , ,1,2,4,6, , ,2, , , , ,10,0,1, , , , , ,88,4,1, , , , , ,9,3,11,2,5,3,2,.491468
2,97118405,10437,1340,3,2,1,2,13, , , , , , , , , ,1,3, ,2,9,4, , , , , ,1,2,4, , , ,2, , , , ,10,0,1, , , , , ,4,5,1, , , , , ,6,6,11,2,10,1,2,1.32375
3,96131656,12738,1676,7,6,1,2,12, , , , , , , , , ,1,3, ,2,9,4, , , , , ,1,2,3,4,5,6,2, , , , ,10,0,1, , , , , ,7,6,1, , , , , ,6,5,5,2,9,3,1,1.514674
4,96111736,18359,2467,10,9,1,1,12, , , , , , , , , ,1,3, ,2,9,4, , , , , ,1,2,4, , , ,2, , , , ,10,0,1, , , , , ,11,4,1, , , , , ,9,3,11,2,4,3,2,.567819
4,99116915,21386,2890,20,19,1,1,12, , , , , , , , , ,1,3, ,2,9,4, , , , , ,1,2,4,6, , ,2, , , , ,10,0,1, , , , , ,11,7,1, , , , , ,7,5,5,2,6,2,2,.820789
1,96250083,3314,691,5,4,1,1,9, , , , , , , , , ,1,3, ,2,9,1,1,3, , , ,2, , , , , ,2, , , , ,9,7,8,1, , , , ,88,11,1, , , , , ,8,4,3,2,6,13,2,.492408
1,96238061,4092,641,5,4,1,2,12, , , , , , , , , ,1,1,5, ,9,4, , , , , ,1,2,3,4,5,7,2, , , , ,9,0,3,5, , , , ,10,7,1, , , , , ,5,6,4,1,6,9,1,1.359944
3,98218619,17312,2320,7,6,1,1,12, , , , , , , , , ,1,3, ,2,9,4, , , , , ,2, , , , , ,2, , , , ,9,0,1, , , , , ,11,88,1, , , , , ,11,3,11,4,4,5,2,.505942
4,99206394,22498,3029,5,4,1,1,2, , , , , , , , , ,1,3, ,2,9,2,1,3, , , ,2, , , , , ,2, , , , ,8,8,5,2,5, , , ,9,10,1, , , , , ,6,5,6,2,7,5,2,.96397
3,98214788,17076,2283,5,4,1,1,2, , , , , , , , , ,1,2, , ,9,2,5, , , , ,2, , , , , ,2, , , , ,8,7,1, , , , , ,1,12,1, , , , , ,11,5,13,2,8,6,1,.393774
4,96124316,18568,2500,6,5,1,2,2, , , , , , , , , ,1,3, ,2,9,2,6, , , , ,2, , , , , ,2, , , , ,8,7,1, , , , , ,1,1,1, , , , , ,11,4,13,2,8,1,2,.567292
2,96252455,9334,1188,15,14,3, ,2, , , , , , , , , ,1,3, ,2,9,4, , , , , ,2, , , , , ,2, , , , ,8,1,1, , , , , ,8,7,1, , , , , ,11,6,13,2,7,13,1,.562476
1,96171787,855,405,6,5,1,1,2, , , , , , , , , ,1,3, ,1,9,4, , , , , ,1,2,3,4,6, ,2, , , , ,8,0,8,4, , , , ,1,2,1, , , , , ,7,5,11,2,9,2,2,.628778
3,96101114,12111,1571,8,7,1,2,2, , , , , , , , , ,1,3, ,2,9,4, , , , , ,1,2,4, , , ,2, , , , ,8,0,3,2, , , , ,9,4,1, , , , , ,8,4,2,3,10,1,1,1.19317
3,96102467,12149,1577,7,6,1,1,2, , , , , , , , , ,1,3, ,1,9,4, , , , , ,1,2,4, , , ,2, , , , ,8,0,1, , , , , ,1,1,1, , , , , ,10,3,13,2,5,2,2,.544996
3,96103583,12169,1583,17,16,1,2,2, , , , , , , , , ,1,3, ,2,9,4, , , , , ,1,2, , , , ,2, , , , ,8,0,1, , , , , ,9,3,1, , , , , ,11,2,13,2,5,2,1,.711517
4,96121992,18512,2490,6,5,1,1,2, , , , , , , , , ,1,3, ,2,9,4, , , , , ,1,2,4, , , ,2, , , , ,8,0,1, , , , , ,1,3,1, , , , , ,10,6,13,2,6,2,2,.563698
4,99207428,22555,3039,6,5,1,1,12, , , , , , , , , ,1,3, ,2,9,4, , , , , ,1,2,3,4, , ,2, , , , ,8,0,4,5, , , , ,12,9,1, , , , , ,6,6,5,2,9,8,2,1.206744
1,96225805,2707,583,5,4,1,2,2, , , , , , , , , ,1,3, ,2,9,1,1,2,3, , ,2, , , , , ,2, , , , ,7,6,1, , , , , ,3,1,1, , , , , ,9,4,13,2,9,19,1,.569537
4,96145132,18909,2544,8,7,1,2,2, , , , , , , , , ,1,3, ,2,9,2,6, , , , ,1,6, , , , ,2, , , , ,7,5,1, , , , , ,8,11,1, , , , , ,9,2,13,2,9,4,2,.531327
4,99219273,23128,3117,5,4,1,1,9, , , , , , , , , ,1,3, ,2,9,2,4, , , , ,1,3, , , , ,2, , , , ,7,5,1, , , , , ,9,6,1, , , , , ,6,5,5,2,6,6,2,1.025554
1,96153248,1192,314,15,14,1,2,9,10, , , , , , , , ,1,3, ,2,9,4, , , , , ,1,1,2,3,4,6,2, , , , ,7,0,5,1,5, , , ,9,6,1, , , , , ,5,5,4,1,6,2,2,1.217429
2,96171787,7824,1001,6,5,1,2,2, , , , , , , , , ,1,3, ,2,9,4, , , , , ,1,2,4,6, , ,2, , , , ,7,0,1, , , , , ,1,4,1, , , , , ,6,5,5,2,8,2,2,.962749
2,97205383,10930,1415,5,4,1,1,9, , , , , , , , , ,1,3, ,2,9,1,3, , , , ,2, , , , , ,2, , , , ,6,4,1, , , , , ,1,11,1, , , , , ,11,5,13,2,5,5,2,.430239
1,96142688,4480,259,8,7,1,2,5, , , , , , , , , ,1,1,2, ,9,4, , , , , ,1,2,4, , , ,2, , , , ,6,0,1, , , , , ,11,4,1, , , , , ,6,4,5,2,7,3,2,.778241
2,96102345,6122,747,7,6,1,1,12, , , , , , , , , ,1,3, ,2,9,4, , , , , ,1,2,4,7, , ,2, , , , ,6,0,1, , , , , ,9,10,1, , , , , ,11,3,11,4,3,4,2,.55593
1,96254296,18,713,8,7,3, ,2, , , , , , , , , ,1,3, ,2,9,1,2, , , , ,2, , , , , ,2, , , , ,5,5,1, , , , , ,1,1,1, , , , , ,11,3,13,2,6,22,1,.078381
4,96120857,18489,2486,5,4,1,2,10, , , , , , , , , ,1,3, ,2,9,2,5, , , , ,1,1,2,4,6, ,2, , , , ,5,1,1, , , , , ,7,5,1, , , , , ,4,6,3,1,9,2,2,1.427197
2,97212531,11295,1460,5,4,1,1,12, , , , , , , , , ,1,3, ,2,9,4, , , , , ,1,2,3,4, , ,2, , , , ,5,0,1, , , , , ,7,9,1, , , , , ,7,5,6,2,9,9,1,.834171
3,98234585,18114,2435,6,5,1,1,12, , , , , , , , , ,1,3, ,2,9,4, , , , , ,1,1,2,3,4,6,2, , , , ,5,0,1, , , , , ,9,5,1, , , , , ,7,5,3,2,7,4,2,.691555
4,96171787,19323,2613,4,3,1,1,2, , , , , , , , , ,1,2, , ,9,4, , , , , ,1,2,4, , , ,2, , , , ,5,0,4,4, , , , ,1,6,1, , , , , ,7,5,5,2,8,2,2,1.021805
4,99118225,21448,2898,3,2,1,2,3, , , , , , , , , ,1,3, ,2,9,2,4, , , , ,1,2,4,5, , ,2, , , , ,4,3,2,65, , , , ,1,3,1, , , , , ,7,6,8,1,10,1,1,1.5889
3,98220619,17432,2339,8,7,1,1,9, , , , , , , , , ,1,3, ,2,9,2,6, , , , ,1,1,2,4,6, ,2, , , , ,4,1,1, , , , , ,88,2,1, , , , , ,9,4,13,2,3,6,1,.724302
3,98203615,16459,2202,6,5,1,1,2, , , , , , , , , ,1,3, ,2,9,4, , , , , ,1,2, , , , ,2, , , , ,4,0,1, , , , , ,7,8,1, , , , , ,11,4,13,2,8,20,1,.630278
4,99106891,20874,2821,6,5,1,2,4, , , , , , , , , ,1,2, , ,9,4, , , , , ,1,2,3,4, , ,2, , , , ,4,0,1, , , , , ,8,5,1, , , , , ,6,5,3,1,7,1,1,1.482626
4,99222496,23280,3134,15,14,3, ,2, , , , , , , , , ,1,3, ,2,9,4, , , , , ,2, , , , , ,2, , , , ,3,0,1, , , , , ,6,5,1, , , , , ,10,5,13,2,5,22,1,.051415
1,96100302,783,2,14,13,1,1,15, , , , , , , , , ,1,3, ,2,8,4, , , , , ,1,2,4, , , ,2, , , , ,22,0,1, , , , , ,8,1,1, , , , , ,11,5,13,2,10,2,1,.709913
1,96109668,830,60,3,2,1,1,3, , , , , , , , , ,1,2, , ,8,4, , , , , ,1,2, , , , ,2, , , , ,22,0,1, , , , , ,10,1,1, , , , , ,6,5,2,2,10,2,1,2.237241
3,98111622,15420,2055,24,23,1,1,29, , , , , , , , , ,1,3, ,2,8,4, , , , , ,1,2,4, , , ,2, , , , ,22,0,6,2,3,4,5, ,11,3,1, , , , , ,10,6,13,4,9,1,2,.596464
2,96240972,9067,1165,10,9,1,2,22, , , , , , , , , ,1,3, ,2,8,1,1, , , , ,2, , , , , ,2, , , , ,21,20,1, , , , , ,11,10,1, , , , , ,8,5,4,2,7,5,2,.650705
3,96240658,14439,1929,13,12,1,2,60, , , , , , , , , ,1,3, ,2,8,1,2, , , , ,2, , , , , ,2, , , , ,19,16,1, , , , , ,11,12,1, , , , , ,8,4,1,1,8,5,2,.529678
2,96176471,7915,1016,10,9,1,1,15, , , , , , , , , ,1,3, ,2,8,3,1, , , , ,1,1,3,4,7, ,2, , , , ,19,7,1, , , , , ,9,6,1, , , , , ,7,5,3,2,6,2,2,.668989
3,98201061,16325,2182,16,15,1,2,15,16, , , , , , , , ,1,3, ,1,8,4, , , , , ,1,2,3,4,7, ,2, , , , ,19,0,1, , , , , ,10,8,1, , , , , ,7,6,1,2,9,4,1,.856002
2,96109362,6333,776,10,9,1,1,21,24, , , , , , , , ,1,3, ,2,8,1,6, , , , ,2, , , , , ,2, , , , ,18,16,1, , , , , ,9,9,1, , , , , ,6,6,4,1,10,1,1,1.356912
1,96142506,872,256,5,4,1,2,12, , , , , , , , , ,1,2, , ,8,2,2,3, , , ,2, , , , , ,2, , , , ,18,15,11,1,2,5, , ,10,2,1, , , , , ,6,5,3,2,9,2,1,.979479
1,96146595,5230,282,10,9,1,1,12, , , , , , , , , ,1,3, ,2,8,4, , , , , ,2, , , , , ,2, , , , ,16,0,1, , , , , ,11,1,1, , , , , ,10,6,13,2,7,1,1,.715136
2,97103639,9705,1239,7,6,1,1,12, , , , , , , , , ,1,3, ,2,8,4, , , , , ,1,2,3,4,6, ,2, , , , ,16,0,1, , , , , ,8,10,1, , , , , ,9,4,5,1,7,1,2,.500348
1,96146235,804,277,5,4,1,1,12, , , , , , , , , ,1,3, ,2,8,1,6, , , , ,2, , , , , ,2, , , , ,15,12,1, , , , , ,9,1,1, , , , , ,7,4,4,2,10,2,2,.493083
3,98218908,17329,2323,5,4,1,1,12, , , , , , , , , ,1,3, ,2,8,1,6, , , , ,2, , , , , ,2, , , , ,15,11,5,1,5, , , ,6,1,1, , , , , ,7,5,2,2,10,9,2,.461352
2,96168321,7750,991,3,2,1,2,12, , , , , , , , , ,1,1,3, ,8,4, , , , , ,1,2,3,4,5, ,2, , , , ,15,0,1, , , , , ,9,11,1, , , , , ,5,5,1,2,8,1,2,2.108348
2,96211398,8247,1062,15,13,1,1,15, , , , , , , , , ,1,3, ,2,8,4, , , , , ,1,2,4,7, , ,2, , , , ,15,0,5,65, , , , ,10,1,1, , , , , ,10,4,13,2,5,11,1,.615178
3,98104820,15070,2009,4,3,1,2,12, , , , , , , , , ,1,3, ,2,8,4, , , , , ,1,2,3,4, , ,2, , , , ,15,0,1, , , , , ,1,9,1, , , , , ,6,6,2,2,10,2,2,1.098368
4,99115104,21293,2871,7,6,1,1,12, , , , , , , , , ,1,3, ,2,8,1,6, , , , ,2, , , , , ,2, , , , ,14,12,1, , , , , ,9,8,1, , , , , ,11,5,11,2,6,1,2,.567292
4,99100736,20559,2774,7,6,1,1,12, , , , , , , , , ,1,3, ,2,8,1,1,2,3,4,6,2, , , , , ,2, , , , ,14,11,1, , , , , ,12,1,1, , , , , ,11,3,11,4,1,1,2,.567292
3,96111309,12347,1621,48,47,1,2,20, , , , , , , , , ,1,3, ,2,8,4, , , , , ,1,2, , , , ,2, , , , ,14,0,1, , , , , ,13,1,1, , , , , ,9,3,4,2,5,3,2,.641215
4,99110870,21105,2841,8,7,1,1,12, , , , , , , , , ,1,3, ,2,8,4, , , , , ,1,1,2,4,5,6,2, , , , ,14,0,9,1,2, , , ,1,1,1, , , , , ,6,5,3,1,10,1,1,1.482626
3,98204213,16491,2207,10,9,1,1,2, , , , , , , , , ,1,3, ,2,8,2,3,5, , , ,2, , , , , ,2, , , , ,13,12,1, , , , , ,1,1,1, , , , , ,11,1,13,4,2,7,2,.380127
4,99208474,22605,3047,6,5,1,1,12, , , , , , , , , ,1,3, ,2,8,1,4, , , , ,2, , , , , ,2, , , , ,13,12,1, , , , , ,1,1,1, , , , , ,11,6,2,1,6,5,2,.566476
2,97203906,10853,1405,5,4,1,1,12, , , , , , , , , ,1,1,3, ,8,1,3, , , , ,2, , , , , ,2, , , , ,13,11,1, , , , , ,9,1,1, , , , , ,7,6,4,2,10,4,1,.835362
1,96247147,1443,684,9,8,1,1,23,24, , , , , , , , ,1,1,2, ,8,4, , , , , ,2, , , , , ,2, , , , ,13,0,1, , , , , ,88,11,1, , , , , ,10,3,11,2,9,5,2,.565809
3,96165249,13349,1771,12,11,1,2,13, , , , , , , , , ,1,3, ,2,8,4, , , , , ,1,2,3,6, , ,2, , , , ,13,0,14,1,4,5, , ,9,9,1, , , , , ,4,5,3,1,6,3,2,1.216299
4,99208650,22620,3052,10,9,1,1,4, , , , , , , , , ,1,3, ,2,8,4, , , , , ,1,2,3,4,6, ,2, , , , ,13,0,1, , , , , ,1,9,1, , , , , ,4,5,4,1,7,13,1,2.09176
3,96161079,13282,1765,5,4,1,1,12, , , , , , , , , ,1,3, ,1,8,1,6, , , , ,1,6, , , , ,2, , , , ,12,10,1, , , , , ,8,9,1, , , , , ,8,4,4,2,8,4,1,.759625
2,96121125,6620,826,5,4,1,1,12, , , , , , , , , ,1,3, ,2,8,1,3, , , , ,2, , , , , ,1,1, , , ,12,8,1, , , , , ,8,11,1, , , , , ,6,6,1,2,9,10,1,1.037694
4,99229575,23658,3193,5,4,1,2,13, , , , , , , , , ,1,2, , ,8,1,1,2,3, , ,2, , , , , ,2, , , , ,12,5,4,2,5, , , ,9,1,1, , , , , ,7,4,5,2,8,9,2,.512391
2,96173939,7861,1010,12,11,1,1,15, , , , , , , , , ,1,3, ,2,8,4, , , , , ,1,2,3, , , ,2, , , , ,12,0,1, , , , , ,1,5,1, , , , , ,3,6,3,1,10,2,1,2.188239
1,96213687,217,504,5,4,1,1,12, , , , , , , , , ,1,3, ,2,8,1,2,3,6, , ,1,6, , , , ,2, , , , ,11,11,1, , , , , ,9,9,1, , , , , ,5,6,1,1,8,6,1,1.379252
2,96132563,6935,870,5,4,1,1,12, , , , , , , , , ,1,3, ,2,8,1,1,2, , , ,2, , , , , ,2, , , , ,11,10,1, , , , , ,8,1,1, , , , , ,8,3,13,3,9,3,2,.53482
4,99124652,21769,2936,5,4,1,1,12, , , , , , , , , ,1,3, ,2,8,1,1,2, , , ,2, , , , , ,2, , , , ,11,10,1, , , , , ,1,8,1, , , , , ,9,5,13,2,6,2,1,.463518
3,98103256,14982,2000,8,7,1,2,2, , , , , , , , , ,1,3, ,2,8,2,6, , , , ,2, , , , , ,2, , , , ,11,9,1, , , , , ,1,2,1, , , , , ,11,3,13,2,6,3,2,.530782
1,96101217,834,8,4,3,1,2,12, , , , , , , , , ,1,3, ,1,8,3,1,3, , , ,1,4, , , , ,2, , , , ,11,4,11,4, , , , ,10,8,1, , , , , ,9,6,1,2,10,2,1,.891095
3,96152791,13131,1737,9,8,1,2,13, , , , , , , , , ,1,3, ,2,8,4, , , , , ,1,2,4,6, , ,2, , , , ,11,0,1, , , , , ,9,3,1, , , , , ,5,5,12,1,2,4,1,1.591564
1,96152814,815,311,5,4,1,1,31, , , , , , , , , ,1,3, ,2,8,1,5, , , , ,2, , , , , ,2, , , , ,10,10,6,1,2, , , ,1,4,1, , , , , ,6,5,3,2,10,2,1,.979479
2,96113216,6436,790,4,3,1,1,12, , , , , , , , , ,1,2, , ,8,3,1, , , , ,2, , , , , ,2, , , , ,10,10,11,1,2, , , ,1,9,1, , , , , ,6,6,5,2,8,1,2,1.163878
4,96260990,20511,2765,10,9,1,2,2, , , , , , , , , ,1,3, ,2,8,2,1,2,3, , ,2, , , , , ,2, , , , ,10,10,1, , , , , ,11,1,1, , , , , ,10,2,11,2,6,9,2,.570743
2,96130551,6880,864,5,4,1,1,5, , , , , , , , , ,1,3, ,2,8,1,2, , , , ,2, , , , , ,2, , , , ,10,6,1, , , , , ,9,3,1, , , , , ,11,6,13,2,10,1,1,.492825
4,96104113,18208,2448,8,7,1,2,2, , , , , , , , , ,1,3, ,2,8,3,2, , , , ,2, , , , , ,2, , , , ,10,5,6,1,3,4, , ,10,11,1, , , , , ,8,4,4,2,8,4,2,.655622
1,96212959,2000,499,5,4,1,1,12, , , , , , , , , ,1,3, ,2,8,4, , , , , ,1,2,4,6, , ,2, , , , ,10,0,1, , , , , ,7,9,1, , , , , ,7,6,1,1,10,4,2,.492086
2,97100218,9502,1208,5,4,1,1,12, , , , , , , , , ,1,3, ,2,8,4, , , , , ,1,2,4,6, , ,2, , , , ,10,0,1, , , , , ,9,7,1, , , , , ,7,6,2,2,8,1,2,.544483
3,96201551,13579,1814,12,11,1,1,9,60, , , , , , , , ,1,3, ,2,8,4, , , , , ,1,1,2,3,4,5,2, , , , ,10,0,6,1,2,5, , ,8,11,1, , , , , ,5,5,1,1,8,8,2,1.066886
3,96260615,14786,1972,6,5,1,1,13, , , , , , , , , ,1,2, , ,8,4, , , , , ,1,2,4,6,7, ,2, , , , ,10,0,5,3, , , , ,10,9,1, , , , , ,4,5,5,1,5,8,2,1.599799
3,98110289,15352,2053,5,4,1,1,12, , , , , , , , , ,1,3, ,2,8,4, , , , , ,1,2,4, , , ,2, , , , ,10,0,1, , , , , ,11,5,1, , , , , ,6,6,5,2,8,2,1,1.043954
3,98224601,17628,2366,7,6,1,1,13, , , , , , , , , ,1,3, ,2,8,4, , , , , ,1,2,3,4,6, ,2, , , , ,10,0,1, , , , , ,6,3,1, , , , , ,4,5,1,1,7,6,2,1.59764
4,96217741,19751,2674,9,8,1,1,12, , , , , , , , , ,1,3, ,2,8,4, , , , , ,1,2,3,4, , ,2, , , , ,10,0,1, , , , , ,11,9,1, , , , , ,6,4,5,1,6,19,1,1.586862
4,99115680,21320,2879,7,6,1,2,12, , , , , , , , , ,1,3, ,2,8,4, , , , , ,1,2,4, , , ,2, , , , ,10,0,1, , , , , ,9,7,1, , , , , ,6,5,6,1,8,1,2,1.23353
4,99220588,23196,3128,8,7,1,1,12, , , , , , , , , ,1,3, ,2,8,4, , , , , ,1,2,3,4,5,6,2, , , , ,10,0,5,1,2,3,5, ,1,1,1, , , , , ,5,5,5,1,8,6,2,1.773689
4,96147189,18942,2554,4,3,1,1,1, , , , , , , , , ,1,3, ,2,8,1,2,4, , , ,2, , , , , ,2, , , , ,9,8,1, , , , , ,1,8,1, , , , , ,8,6,11,2,7,1,2,.967256
4,99118937,21478,2902,5,4,1,1,12, , , , , , , , , ,1,3, ,2,8,1,1, , , , ,2, , , , , ,2, , , , ,9,8,1, , , , , ,1,3,1, , , , , ,6,3,5,2,5,1,2,.965359
4,99204717,22404,3015,5,4,1,1,12, , , , , , , , , ,1,3, ,2,8,1,3, , , , ,2, , , , , ,2, , , , ,9,8,1, , , , , ,1,9,1, , , , , ,11,2,13,2,5,6,1,.392953
1,96165249,4622,367,8,7,1,2,13, , , , , , , , , ,1,3, ,2,8,4, , , , , ,1,2,4,6, , ,2, , , , ,9,0,6,4, , , , ,10,9,1, , , , , ,4,5,3,1,6,3,2,.841291
2,96201418,7983,1024,5,4,1,1,8, , , , , , , , , ,1,3, ,2,8,1,1,3, , , ,2, , , , , ,2, , , , ,8,7,5,1,3,5, , ,1,5,1, , , , , ,6,6,3,2,8,11,1,1.091952
2,96236228,8936,1145,7,6,1,2,12, , , , , , , , , ,1,3, ,2,8,1,4, , , , ,2, , , , , ,2, , , , ,8,7,1, , , , , ,9,4,1, , , , , ,11,3,11,2,5,6,2,.572626
3,98121955,15938,2124,5,4,1,1,4, , , , , , , , , ,1,3, ,1,8,1,1, , , , ,2, , , , , ,2, , , , ,8,6,1, , , , , ,9,6,1, , , , , ,8,3,5,2,8,2,2,.509369
1,96152141,5405,308,5,4,1,1,9, , , , , , , , , ,1,3, ,2,8,1,3, , , , ,2, , , , , ,2, , , , ,8,5,1, , , , , ,1,1,1, , , , , ,11,2,13,2,6,1,1,.504035
2,96101217,6087,743,5,4,1,2,12, , , , , , , , , ,1,3, ,2,8,3,4, , , , ,1,4, , , , ,2, , , , ,8,4,8,4, , , , ,10,7,1, , , , , ,9,6,1,2,10,2,1,.588528
3,96169443,13411,1778,3,2,1,1,2, , , , , , , , , ,1,3, ,2,8,2,2, , , , ,2, , , , , ,2, , , , ,8,4,1, , , , , ,9,4,1, , , , , ,10,6,2,2,5,1,1,.558591
1,96231200,91,607,8,7,1,1,12, , , , , , , , , ,1,3, ,2,8,4, , , , , ,2, , , , , ,2, , , , ,8,0,1, , , , , ,9,10,1, , , , , ,9,4,1,2,10,6,1,.723464
2,96102140,6118,746,8,7,1,1,12, , , , , , , , , ,1,3, ,2,8,4, , , , , ,1,2,4,6, , ,2, , , , ,8,0,1, , , , , ,88,1,1, , , , , ,8,6,13,2,2,2,1,1.142397
2,96208921,8197,1056,4,3,1,2,12, , , , , , , , , ,1,2, , ,8,4, , , , , ,1,2,3,4,6, ,2, , , , ,8,0,5,2,4, , , ,10,11,1, , , , , ,7,6,1,2,10,6,2,.885608
2,97102741,9652,1228,5,4,1,2,13, , , , , , , , , ,1,1,4, ,8,4, , , , , ,1,2,3, , , ,1,1,4, , ,8,0,1, , , , , ,1,5,1, , , , , ,4,5,4,1,8,2,2,.847519
3,98118905,15779,2104,5,4,2, ,12, , , , , , , , , ,1,3, ,1,8,4, , , , , ,2, , , , , ,2, , , , ,8,0,1, , , , , ,88,7,1, , , , , ,10,3,13,2,5,1,2,.345249
4,96121921,18510,2489,5,4,2, ,12, , , , , , , , , ,1,2, , ,8,4, , , , , ,1,6,7,65, , ,2, , , , ,8,0,1, , , , , ,9,4,1, , , , , ,5,6,3,1,8,1,2,1.306613
4,96149572,18975,2559,5,4,1,1,12, , , , , , , , , ,1,3, ,2,8,4, , , , , ,1,2,4,6, , ,2, , , , ,8,0,1, , , , , ,8,3,1, , , , , ,5,5,4,1,6,1,2,1.306613
4,96259807,20497,2763,10,9,1,1,9, , , , , , , , , ,1,3, ,2,8,4, , , , , ,1,2, , , , ,2, , , , ,8,0,1, , , , , ,1,11,1, , , , , ,10,4,13,3,3,8,1,.500023
4,99120889,21573,2914,9,8,1,1,12, , , , , , , , , ,1,3, ,2,8,4, , , , , ,1,2,4,6,7, ,2, , , , ,8,0,1, , , , , ,11,4,1, , , , , ,4,5,5,1,6,1,2,1.851726
4,96145466,18916,2547,6,5,1,1,7, , , , , , , , , ,1,3, ,2,8,1,6, , , , ,2, , , , , ,2, , , , ,7,7,1, , , , , ,1,4,1, , , , , ,8,5,11,2,8,3,2,.653195
2,97201196,10705,1386,5,4,1,2,13, , , , , , , , , ,1,3, ,2,8,3,6, , , , ,2, , , , , ,2, , , , ,7,6,6,4, , , , ,1,1,1, , , , , ,9,4,13,2,8,20,1,.595612
4,96123870,18558,2498,7,6,1,1,9, , , , , , , , , ,1,3, ,2,8,1,6, , , , ,2, , , , , ,2, , , , ,7,6,1, , , , , ,9,11,1, , , , , ,7,4,5,2,6,4,2,.655622
1,96105288,4473,26,5,4,1,2,13, , , , , , , , , ,1,3, ,2,8,1,1,2,3, , ,2, , , , , ,2, , , , ,7,4,6,2, , , , ,1,8,1, , , , , ,6,5,5,2,7,3,2,.610291
2,96107975,6287,771,5,4,1,2,13, , , , , , , , , ,1,3, ,2,8,4, , , , , ,1,2,3,4,6, ,2, , , , ,7,0,1, , , , , ,1,4,1, , , , , ,5,5,3,1,7,3,2,1.126926
2,96220156,8480,1093,7,6,1,2,2, , , , , , , , , ,1,3, ,2,8,4, , , , , ,1,2,4,6,7, ,2, , , , ,7,0,1, , , , , ,8,9,1, , , , , ,7,4,3,2,7,5,1,1.111175
2,96222745,8556,1099,4,3,1,1,12, , , , , , , , , ,1,3, ,2,8,4, , , , , ,1,2,3,4,6, ,2, , , , ,7,0,1, , , , , ,9,12,1, , , , , ,5,6,1,1,9,5,1,2.841631
2,97116532,10345,1326,8,7,1,2,9, , , , , , , , , ,1,3, ,2,8,4, , , , , ,2, , , , , ,2, , , , ,7,0,1, , , , , ,1,9,1, , , , , ,4,5,4,1,8,2,1,1.756533
2,96148142,7309,928,4,3,2, ,12, , , , , , , , , ,1,3, ,2,8,3,6, , , , ,1,4,3, , , ,2, , , , ,6,6,1, , , , , ,1,2,1, , , , , ,10,2,11,2,5,18,2,.672086
4,96137719,18784,2527,5,4,1,2,13, , , , , , , , , ,1,3, ,2,8,1,3, , , , ,2, , , , , ,2, , , , ,6,6,1, , , , , ,1,4,1, , , , , ,9,5,13,2,5,1,1,.438773
2,97115226,10274,1320,3,2,1,2,12, , , , , , , , , ,1,2, , ,8,3,3, , , , ,1,6, , , , ,2, , , , ,6,2,1, , , , , ,1,3,1, , , , , ,3,5,14,1,3,1,2,1.991057
1,96119290,4400,116,7,6,1,1,5, , , , , , , , , ,1,2, , ,8,4, , , , , ,1,2,3,4, , ,2, , , , ,6,0,1, , , , , ,9,1,1, , , , , ,8,5,5,2,8,3,1,1.016113
2,96219109,8454,1089,5,4,1,1,13, , , , , , , , , ,1,2, , ,8,4, , , , , ,1,2,3,4,6, ,2, , , , ,6,0,3,3,5, , , ,7,2,1, , , , , ,5,6,5,1,6,6,2,1.154935
2,97213581,11348,1468,8,7,1,1,9, , , , , , , , , ,1,3, ,2,8,4, , , , , ,1,2,3,4,5, ,2, , , , ,6,0,1, , , , , ,7,1,1, , , , , ,7,3,6,2,6,5,1,1.111175
4,99116754,21382,2889,5,4,1,2,12, , , , , , , , , ,1,3, ,2,8,4, , , , , ,1,2,3,4,6, ,2, , , , ,6,0,3,1,2,5, , ,7,3,1, , , , , ,3,5,14,1,2,3,2,1.50271
4,99121308,21602,2919,8,7,1,1,12, , , , , , , , , ,1,3, ,2,8,4, , , , , ,1,2,4, , , ,2, , , , ,6,0,1, , , , , ,5,3,1, , , , , ,10,5,13,1,6,1,2,.533605
3,96123348,12572,1655,8,7,1,2,2, , , , , , , , , ,1,3, ,1,8,2,2,6, , , ,2, , , , , ,2, , , , ,5,4,1, , , , , ,7,11,1, , , , , ,11,5,13,2,8,1,2,.520542
3,98117099,15676,2093,4,3,1,1,3, , , , , , , , , ,1,3, ,1,8,2,3, , , , ,2, , , , , ,2, , , , ,5,4,1, , , , , ,1,3,1, , , , , ,5,6,5,2,8,1,2,1.548565
4,99202553,22284,3003,4,3,1,1,12, , , , , , , , , ,1,3, ,2,8,1,5, , , , ,2, , , , , ,2, , , , ,5,4,1, , , , , ,1,1,1, , , , , ,11,5,11,2,6,5,2,.834492
1,96170249,799,399,5,4,2, ,12, , , , , , , , , ,1,1,2, ,8,4, , , , , ,1,1,6,7, , ,2, , , , ,5,0,1, , , , , ,9,4,1, , , , , ,6,5,4,2,10,2,1,.979479
2,96127527,6806,849,6,5,1,2,7, , , , , , , , , ,1,3, ,2,8,4, , , , , ,1,1,2,4, , ,2, , , , ,5,0,1, , , , , ,11,3,1, , , , , ,5,5,4,1,7,1,1,2.325258
3,98108745,15259,2035,8,7,1,1,12, , , , , , , , , ,1,3, ,1,8,4, , , , , ,1,2,3,4, , ,2, , , , ,5,0,1, , , , , ,11,7,1, , , , , ,6,6,3,2,7,1,2,.947542
4,96171787,19323,2614,4,3,1,1,2, , , , , , , , , ,1,3, ,2,8,4, , , , , ,1,2,4, , , ,2, , , , ,5,0,1, , , , , ,1,7,1, , , , , ,7,5,5,2,8,2,2,1.021805
4,96171787,19323,2615,2,1,1,2,2, , , , , , , , , ,1,3, ,2,8,4, , , , , ,1,2,4, , , ,2, , , , ,5,0,1, , , , , ,1,7,1, , , , , ,7,5,5,2,8,2,2,.470111
3,96151594,13106,1733,5,4,1,1,9, , , , , , , , , ,1,3, ,1,8,1,4, , , , ,2, , , , , ,2, , , , ,4,4,1, , , , , ,1,6,1, , , , , ,11,2,13,2,7,3,1,.398706
3,96123351,12573,1657,3,2,1,1,1, , , , , , , , , ,1,3, ,2,8,2,3, , , , ,1,3, , , , ,2, , , , ,4,3,1, , , , , ,1,4,1, , , , , ,7,5,2,2,10,3,2,.646289
3,98122201,15950,2127,8,7,1,1,2, , , , , , , , , ,1,3, ,2,8,3,2, , , , ,2, , , , , ,2, , , , ,4,3,1, , , , , ,8,11,1, , , , , ,9,4,4,2,8,1,1,.719226
2,96165249,7700,984,6,5,1,2,13, , , , , , , , , ,1,3, ,2,8,4, , , , , ,1,2,6, , , ,2, , , , ,4,0,5,4, , , , ,11,11,1, , , , , ,4,5,3,1,6,3,2,1.070566
2,97118512,10447,1344,4,3,1,2,1, , , , , , , , , ,1,3, ,2,8,4, , , , , ,2, , , , , ,2, , , , ,4,0,1, , , , , ,1,5,1, , , , , ,4,5,4,1,8,2,1,2.164807
3,96119934,12494,1645,3,2,1,1,12, , , , , , , , , ,1,2, , ,8,4, , , , , ,1,2,4, , , ,2, , , , ,4,0,1, , , , , ,9,4,1, , , , , ,6,5,4,1,8,2,2,.872762
4,96208921,19590,2650,4,3,1,2,13, , , , , , , , , ,1,2, , ,8,4, , , , , ,1,2,3,4,6, ,2, , , , ,4,0,1, , , , , ,7,3,1, , , , , ,7,6,1,2,9,6,2,1.027569
4,99231127,23724,3205,5,4,1,1,1, , , , , , , , , ,1,1,5, ,8,3,4, , , , ,2, , , , , ,2, , , , ,3,2,1, , , , , ,4,10,1, , , , , ,4,5,5,2,5,12,2,1.30868
3,98105283,15089,2013,3,2,3, ,2, , , , , , , , , ,1,2, , ,8,4, , , , , ,2, , , , , ,2, , , , ,3,0,1, , , , , ,1,3,1, , , , , ,11,3,6,2,4,3,1,.52255
3,96161281,13287,1766,3,2,2, ,12, , , , , , , , , ,1,2, , ,8,1,3,6, , , ,2, , , , , ,2, , , , ,2,2,1, , , , , ,1,4,1, , , , , ,5,5,4,1,7,3,1,1.978188
1,96120270,2855,126,3,2,1,1,12, , , , , , , , , ,1,2, , ,8,4, , , , , ,1,3,4, , , ,2, , , , ,2,0,1, , , , , ,4,4,1, , , , , ,5,5,5,1,6,18,2,1.955177
1,96139560,5960,243,5,4,1,1,12, , , , , , , , , ,1,3, ,2,7,3,1, , , , ,2, , , , , ,2, , , , ,88,88,1, , , , , ,1,1,1, , , , , ,2,4,14,1,2,1,2,2.095979
2,96133482,6949,871,5,4,1,1,5, , , , , , , , , ,1,3, ,2,7,1,4, , , , ,2, , , , , ,2, , , , ,88,88,1, , , , , ,7,7,1, , , , , ,11,4,11,2,2,4,2,.424044
2,97204118,10863,1408,30,29,1,1,1,2,12,13, , , , , , ,1,3, ,2,7,3,4, , , , ,2, , , , , ,2, , , , ,88,88,8,4, , , , ,1,88,1, , , , , ,11,4,11,4,8,4,2,.907815
2,97217685,11543,1490,13,12,1,1,15, , , , , , , , , ,1,3, ,2,7,1,2,3, , , ,2, , , , , ,2, , , , ,88,22,1, , , , , ,1,1,1, , , , , ,10,3,11,2,10,4,2,.459506
2,97204023,10859,1406,5,4,1,1,12, , , , , , , , , ,1,3, ,2,7,1,3,5, , , ,2, , , , , ,2, , , , ,88,6,1, , , , , ,88,1,1, , , , , ,8,3,6,2,6,19,2,.545143
1,96138932,5899,238,8,7,1,1,2, , , , , , , , , ,1,3, ,2,7,4, , , , , ,2, , , , , ,2, , , , ,88,0,1, , , , , ,1,88,1, , , , , ,11,2,13,2,2,1,2,.549678
2,96141425,7152,907,5,4,1,1,12, , , , , , , , , ,1,3, ,2,7,4, , , , , ,2, , , , , ,2, , , , ,88,0,1, , , , , ,88,88,1, , , , , ,5,5,4,2,7,1,1,1.773628
2,96172689,7845,1008,4,3,1,2,3, , , , , , , , , ,1,3, ,2,7,4, , , , , ,1,2,4, , , ,2, , , , ,88,0,1, , , , , ,1,11,1, , , , , ,11,3,11,2,5,2,2,.714688
2,97114547,10240,1314,4,3,1,1,12, , , , , , , , , ,1,3, ,2,7,4, , , , , ,2, , , , , ,2, , , , ,88,0,1, , , , , ,1,88,1, , , , , ,9,3,11,2,1,1,2,.616644
4,96222087,19831,2685,5,4,1,1,12, , , , , , , , , ,1,2, , ,7,4, , , , , ,2, , , , , ,2, , , , ,88,0,1, , , , , ,88,5,1, , , , , ,11,3,13,4,2,6,1,.392953
4,99125861,21819,2948,12,11,1,2,2, , , , , , , , , ,1,3, ,2,7,4, , , , , ,2, , , , , ,2, , , , ,88,0,1, , , , , ,9,1,1, , , , , ,11,5,13,2,6,2,1,.535571
2,97222208,11752,1513,13,12,1,2,18,19,62, , , , , , , ,1,3, ,2,7,1,1,2,3, , ,2, , , , , ,2, , , , ,22,88,1, , , , , ,1,1,1, , , , , ,9,6,4,2,10,6,1,.700408
4,99205980,22481,3027,13,12,1,1,62, , , , , , , , , ,1,3, ,2,7,1,2,3, , , ,2, , , , , ,2, , , , ,22,88,1, , , , , ,10,1,1, , , , , ,11,2,11,2,2,5,2,.607631
2,96209467,8211,1061,16,15,1,1,15,16, , , , , , , , ,1,3, ,2,7,1,4, , , , ,2, , , , , ,2, , , , ,22,22,1, , , , , ,1,10,1, , , , , ,11,6,11,2,7,14,2,.523037
2,97100633,9522,1210,14,13,1,1,62, , , , , , , , , ,1,3, ,2,7,1,1, , , , ,2, , , , , ,2, , , , ,22,22,3,3, , , , ,9,1,1, , , , , ,6,5,11,2,2,2,2,.885056
2,97106949,9877,1262,13,12,1,1,22,26, , , , , , , , ,1,3, ,2,7,1,4, , , , ,2, , , , , ,2, , , , ,22,22,1, , , , , ,8,10,1, , , , , ,10,5,13,2,4,2,1,.646622
3,96151711,13109,1734,12,11,1,2,62, , , , , , , , , ,1,3, ,2,7,1,2, , , , ,2, , , , , ,2, , , , ,22,22,1, , , , , ,9,8,1, , , , , ,8,3,13,2,7,1,2,.544963
3,98113610,15514,2068,14,13,1,1,22, , , , , , , , , ,1,3, ,2,7,1,2, , , , ,2, , , , , ,2, , , , ,22,22,1, , , , , ,10,1,1, , , , , ,4,5,12,1,6,2,2,1.256382
3,98202677,16413,2197,15,14,1,2,22, , , , , , , , , ,1,3, ,2,7,1,5, , , , ,2, , , , , ,2, , , , ,22,22,1, , , , , ,11,1,1, , , , , ,9,5,13,2,5,6,2,.396405
4,96121161,18495,2487,14,13,1,2,60, , , , , , , , , ,1,3, ,2,7,1,3,5, , , ,2, , , , , ,2, , , , ,22,22,1, , , , , ,11,1,1, , , , , ,10,5,11,2,8,3,2,.569405
4,99217119,23029,3106,15,14,1,2,23,24,25, , , , , , , ,1,3, ,2,7,1,1,2, , , ,2, , , , , ,2, , , , ,22,22,1, , , , , ,1,12,1, , , , , ,11,3,11,2,9,4,2,.607602
4,99231160,23727,3206,17,16,1,2,24,62, , , , , , , , ,1,3, ,2,7,1,5, , , , ,2, , , , , ,2, , , , ,22,22,1, , , , , ,1,11,1, , , , , ,5,5,4,1,9,6,1,2.339064
1,96107950,4369,46,12,11,1,2,62, , , , , , , , , ,1,3, ,2,7,1,1, , , , ,2, , , , , ,2, , , , ,22,21,1, , , , , ,13,1,1, , , , , ,10,5,13,4,8,3,2,.564538
1,96134148,5047,209,15,14,1,2,64, , , , , , , , , ,1,3, ,2,7,1,1,3,4, , ,2, , , , , ,2, , , , ,22,21,8,1, , , , ,1,6,1, , , , , ,8,3,2,2,10,1,1,1.119392
3,96133832,12773,1681,13,12,1,1,17, , , , , , , , , ,1,3, ,2,7,1,1,2, , , ,2, , , , , ,2, , , , ,22,21,1, , , , , ,1,1,1, , , , , ,11,4,13,2,10,1,2,.391393
3,98101898,14892,1986,7,6,1,1,12, , , , , , , , , ,1,3, ,2,7,1,6, , , , ,2, , , , , ,2, , , , ,22,21,1, , , , , ,9,1,1, , , , , ,10,4,13,2,6,1,2,.51743
3,98107807,15205,2026,13,12,1,2,30, , , , , , , , , ,1,3, ,2,7,1,6, , , , ,2, , , , , ,2, , , , ,22,21,1, , , , , ,9,1,1, , , , , ,6,3,5,2,10,1,2,.71245
3,98114214,15542,2074,13,12,1,1,62, , , , , , , , , ,1,3, ,2,7,1,4, , , , ,2, , , , , ,2, , , , ,22,21,8,1,2, , , ,1,11,1, , , , , ,9,3,2,2,10,10,1,.504992
1,96135561,2380,220,15,14,1,2,17,18,19,20,62, , , , , ,1,3, ,2,7,1,2,3, , , ,2, , , , , ,2, , , , ,22,20,1, , , , , ,1,9,1, , , , , ,11,5,13,4,5,4,1,.708477
3,98113834,15527,2070,12,11,1,1,26, , , , , , , , , ,1,3, ,2,7,1,3, , , , ,2, , , , , ,2, , , , ,22,20,1, , , , , ,6,1,1, , , , , ,7,6,6,2,6,1,1,.897137
4,99207951,22576,3042,13,11,1,1,30, , , , , , , , , ,1,3, ,2,7,1,2, , , , ,2, , , , , ,2, , , , ,22,20,1, , , , , ,12,11,1, , , , , ,9,5,13,2,3,5,1,.600529
1,96238959,3593,647,6,5,1,1,17, , , , , , , , , ,1,3, ,2,7,1,5, , , , ,2, , , , , ,2, , , , ,22,19,14,4, , , , ,1,8,1, , , , , ,8,6,1,2,8,11,2,.629194
1,96240658,1525,659,13,12,1,2,28,62, , , , , , , , ,1,3, ,2,7,1,2, , , , ,1,3, , , , ,2, , , , ,22,19,1, , , , , ,11,12,1, , , , , ,8,4,1,1,8,5,2,.691378
3,96137526,12834,1697,12,11,1,1,12, , , , , , , , , ,1,3, ,2,7,1,6, , , , ,2, , , , , ,2, , , , ,22,19,1, , , , , ,7,1,1, , , , , ,11,3,13,3,6,2,2,.412243
1,96139291,5783,242,13,12,1,1,62, , , , , , , , , ,1,3, ,2,7,1,1, , , , ,2, , , , , ,2, , , , ,22,18,1, , , , , ,10,5,1, , , , , ,10,5,13,4,3,1,2,.56483
2,96228728,8715,1118,10,9,1,1,21,23,24, , , , , , , ,1,3, ,2,7,1,2, , , , ,2, , , , , ,2, , , , ,22,14,1, , , , , ,1,88,1, , , , , ,10,2,11,2,5,8,2,.445052
2,96214804,8331,1075,12,11,1,2,60, , , , , , , , , ,1,3, ,2,7,1,4, , , , ,1,6, , , , ,2, , , , ,22,13,1, , , , , ,9,11,1, , , , , ,7,3,11,2,1,20,2,.677041
2,97102732,9651,1227,7,6,1,1,2, , , , , , , , , ,1,2, , ,7,4, , , , , ,1,2, , , , ,2, , , , ,22,0,1, , , , , ,11,3,1, , , , , ,8,4,6,2,6,1,1,1.120595
2,97105202,9779,1251,17,16,1,2,60, , , , , , , , , ,1,3, ,2,7,4, , , , , ,1,2,3,4,6,7,2, , , , ,22,0,1, , , , , ,1,1,1, , , , , ,10,4,13,2,5,3,2,.820351
3,98125127,16084,2148,35,34,1,1,21,23,26, , , , , , , ,1,3, ,2,7,4, , , , , ,2, , , , , ,2, , , , ,22,0,1, , , , , ,9,4,1, , , , , ,6,6,6,1,9,1,2,1.13819
4,96135857,18757,2525,30,29,1,2,2, , , , , , , , , ,1,3, ,2,7,4, , , , , ,1,2,4, , , ,2, , , , ,22,0,8,3, , , , ,11,1,1, , , , , ,9,4,13,2,7,3,2,.626405
4,99119678,21514,2908,45,44,1,2,62, , , , , , , , , ,1,3, ,2,7,4, , , , , ,1,2,3,4, , ,2, , , , ,22,0,1, , , , , ,9,4,1, , , , , ,9,4,13,2,5,2,2,1.57697
4,99123453,21717,2931,13,12,1,1,26, , , , , , , , , ,1,3, ,2,7,1,2, , , , ,2, , , , , ,2, , , , ,21,21,1, , , , , ,1,3,1, , , , , ,10,4,2,2,9,2,1,.539947
2,96146595,7278,924,12,11,1,1,30, , , , , , , , , ,1,3, ,2,7,1,1, , , , ,2, , , , , ,2, , , , ,21,20,1, , , , , ,8,1,1, , , , , ,10,6,13,2,8,1,1,.634282
3,96156334,13192,1750,10,9,1,2,27,62, , , , , , , , ,1,3, ,2,7,1,1,2, , , ,2, , , , , ,2, , , , ,21,18,2,3, , , , ,1,2,1, , , , , ,8,3,6,2,1,3,2,.555683
4,99230833,23715,3203,10,8,1,1,21,22, , , , , , , , ,1,3, ,2,7,1,1,2,3, , ,2, , , , , ,2, , , , ,21,16,11,1,2,3, , ,12,12,1, , , , , ,11,3,5,2,9,11,2,.581514
2,96130765,6886,866,12,11,1,2,28,62, , , , , , , , ,1,3, ,2,7,3,1,2,3,4, ,1,3,4,6, , ,2, , , , ,21,8,3,1, , , , ,8,9,1, , , , , ,5,6,2,1,9,10,2,1.274449
2,96159345,7577,966,15,14,1,2,2, , , , , , , , , ,1,3, ,2,7,3,4, , , , ,2, , , , , ,2, , , , ,21,7,13,1,2,3, , ,10,9,1, , , , , ,7,6,3,2,4,4,2,.641336
1,96168321,5170,379,6,5,1,1,12, , , , , , , , , ,1,1,2, ,7,3,1,3,4, , ,1,1,2,3,4,5,2, , , , ,21,1,3,2, , , , ,10,9,1, , , , , ,5,5,4,2,8,1,2,1.102242
3,96134148,12776,1684,33,32,1,2,26,62, , , , , , , , ,1,3, ,2,7,4, , , , , ,1,2,4,6,7, ,2, , , , ,21,0,1, , , , , ,12,6,1, , , , , ,9,3,2,2,10,1,1,.863936
3,98206823,16621,2226,80,79,1,1,16, , , , , , , , , ,1,3, ,2,7,4, , , , , ,2, , , , , ,2, , , , ,21,0,1, , , , , ,1,11,1, , , , , ,9,6,13,2,8,19,1,.786208
4,99125095,21786,2940,13,12,1,1,62, , , , , , , , , ,1,3, ,2,7,1,2, , , , ,2, , , , , ,2, , , , ,20,20,13,2,3,5, , ,9,4,1, , , , , ,10,3,13,2,8,1,2,.572373
2,96151711,7399,944,13,12,1,2,28, , , , , , , , , ,1,3, ,2,7,1,1,2,3,5, ,1,1, , , , ,2, , , , ,20,19,1, , , , , ,9,7,1, , , , , ,8,3,13,2,7,1,2,.656222
4,96253838,20418,2751,10,9,1,1,20,62, , , , , , , , ,1,3, ,2,7,1,1,5, , , ,2, , , , , ,1,1,2,3,4,20,19,5,1,2,3, , ,11,9,1, , , , , ,11,3,11,2,6,6,2,.646451
3,96125869,12634,1666,11,10,1,2,23,24, , , , , , , , ,1,3, ,1,7,1,1,5, , , ,2, , , , , ,2, , , , ,20,18,1, , , , , ,1,5,1, , , , , ,8,6,1,2,10,2,1,.94493
3,96166287,13364,1773,13,12,1,2,18,62, , , , , , , , ,1,3, ,2,7,1,1,2,3, , ,2, , , , , ,2, , , , ,20,18,6,1,2,3,5, ,9,1,1, , , , , ,11,4,13,2,2,1,2,.391393
3,98112330,15446,2058,10,9,1,2,27, , , , , , , , , ,1,3, ,2,7,1,1, , , , ,2, , , , , ,2, , , , ,20,17,1, , , , , ,9,4,1, , , , , ,10,3,11,2,10,1,2,.389053
2,97102817,9656,1229,12,11,1,2,27,62, , , , , , , , ,1,3, ,2,7,1,2,3, , , ,2, , , , , ,2, , , , ,20,16,1, , , , , ,7,1,1, , , , , ,10,3,11,2,4,1,2,.470171
3,96123535,12579,1658,10,9,1,1,21,23,24, , , , , , , ,1,3, ,2,7,1,1, , , , ,1,6, , , , ,2, , , , ,20,16,1, , , , , ,9,3,1, , , , , ,6,5,5,2,7,3,2,.726465
4,99201165,22222,2994,13,12,1,1,2, , , , , , , , , ,1,3, ,2,7,2,2,3, , , ,2, , , , , ,2, , , , ,20,15,1, , , , , ,1,1,1, , , , , ,10,3,13,2,6,6,2,.608063
3,98108872,15267,2038,37,36,1,1,17,22,26, , , , , , , ,1,3, ,2,7,3,6, , , , ,1,4, , , , ,2, , , , ,20,3,4,4, , , , ,12,3,1, , , , , ,9,5,13,1,2,1,2,.628846
1,96118450,4301,109,7,6,1,1,62, , , , , , , , , ,1,3, ,2,7,4, , , , , ,1,2,4,6, , ,2, , , , ,20,0,1, , , , , ,10,1,1, , , , , ,8,6,13,2,10,3,2,.626503
3,98216496,17194,2302,21,20,1,2,21,24, , , , , , , , ,1,3, ,2,7,4, , , , , ,1,2,3,4,6,7,2, , , , ,20,0,4,1,5, , , ,10,3,1, , , , , ,7,6,13,2,10,19,1,1.251671
4,99103363,20691,2795,10,9,1,2,30, , , , , , , , , ,1,3, ,2,7,1,2,3, , , ,2, , , , , ,2, , , , ,19,19,1, , , , , ,1,1,1, , , , , ,9,3,13,2,5,3,1,.598276
3,96149321,13058,1727,12,11,1,2,25,26,62, , , , , , , ,1,3, ,2,7,1,2, , , , ,1,6, , , , ,2, , , , ,19,17,1, , , , , ,5,1,1, , , , , ,7,5,3,1,10,2,1,.94493
1,96132452,3712,201,8,7,1,1,29, , , , , , , , , ,1,3, ,2,7,1,1,2,3, , ,2, , , , , ,2, , , , ,19,15,1, , , , , ,11,10,1, , , , , ,6,5,4,2,9,10,2,.778853
4,99205974,22480,3026,10,9,1,1,2, , , , , , , , , ,1,3, ,2,7,2,5, , , , ,2, , , , , ,2, , , , ,19,15,1, , , , , ,88,1,1, , , , , ,10,3,4,2,10,4,1,.510361
1,96255624,4907,718,10,9,1,2,12, , , , , , , , , ,1,3, ,2,7,1,2, , , , ,2, , , , , ,2, , , , ,19,14,1, , , , , ,8,1,1, , , , , ,11,5,13,2,8,7,2,.60737
2,96211907,8256,1063,11,9,1,1,21,23,24, , , , , , , ,1,3, ,2,7,3,4, , , , ,2, , , , , ,2, , , , ,19,10,4,4, , , , ,9,9,1, , , , , ,7,4,1,2,8,11,2,.636457
1,96232609,3371,611,10,9,1,2,60,27, , , , , , , , ,1,3, ,2,7,1,1,2, , , ,2, , , , , ,2, , , , ,18,17,1, , , , , ,1,13,1, , , , , ,9,3,11,2,3,13,2,.567526
3,98202196,16388,2191,9,8,1,2,60, , , , , , , , , ,1,2, , ,7,1,4,6, , , ,2, , , , , ,2, , , , ,18,16,1, , , , , ,9,9,1, , , , , ,8,3,13,2,5,5,2,.529678
4,99135480,22151,2984,10,9,1,1,23,24, , , , , , , , ,1,3, ,2,7,1,6, , , , ,2, , , , , ,2, , , , ,18,15,1, , , , , ,10,9,1, , , , , ,11,5,13,2,6,2,1,.535571
3,98234048,18089,2431,10,9,1,2,18,19,20, , , , , , , ,1,3, ,2,7,1,1, , , , ,2, , , , , ,2, , , , ,18,14,1, , , , , ,10,1,1, , , , , ,10,4,13,2,8,4,1,.458258
2,96130399,6875,863,5,4,1,2,12, , , , , , , , , ,1,3, ,2,7,4, , , , , ,1,1,2,3,4,6,2, , , , ,18,0,1, , , , , ,11,4,1, , , , , ,6,6,1,2,8,2,2,.734352
4,99125562,21812,2946,12,11,1,2,26, , , , , , , , , ,1,3, ,2,7,1,1,2, , , ,2, , , , , ,2, , , , ,17,16,1, , , , , ,13,4,1, , , , , ,10,5,13,2,5,2,2,.604652
4,99226094,23459,3160,11,10,1,2,62, , , , , , , , , ,1,3, ,2,7,1,2, , , , ,2, , , , , ,2, , , , ,17,15,1, , , , , ,9,8,1, , , , , ,9,5,13,2,7,4,1,.6005
2,96223586,8581,1102,13,12,1,2,20,26,28, , , , , , , ,1,3, ,2,7,1,2,5, , , ,2, , , , , ,2, , , , ,17,14,1, , , , , ,9,8,1, , , , , ,11,5,13,2,6,14,1,.594085
1,96164846,1337,364,6,5,1,2,12, , , , , , , , , ,1,3, ,2,7,1,2,4, , , ,2, , , , , ,2, , , , ,17,11,3,3, , , , ,9,1,1, , , , , ,11,4,13,4,2,2,2,.55139
2,96148263,7315,929,13,12,1,2,17, , , , , , , , , ,1,3, ,2,7,4, , , , , ,1,1,2,3,4,6,2, , , , ,17,0,1, , , , , ,1,9,1, , , , , ,7,3,11,2,5,1,2,.656222
2,97214031,11367,1471,16,15,1,1,62, , , , , , , , , ,1,3, ,2,7,4, , , , , ,1,2,4,6, , ,2, , , , ,17,0,1, , , , , ,9,5,1, , , , , ,8,6,3,4,9,6,2,.660597
3,96139013,12865,1705,15,14,1,2,17, , , , , , , , , ,1,3, ,1,7,4, , , , , ,1,1,2,3,4,5,2, , , , ,17,0,1, , , , , ,1,7,1, , , , , ,3,6,14,1,2,2,2,2.028765
3,96160419,13271,1763,7,6,1,1,12, , , , , , , , , ,1,3, ,2,7,4, , , , , ,1,2,3,4,6, ,2, , , , ,17,0,1, , , , , ,88,8,1, , , , , ,6,6,1,2,9,2,2,.99802
4,96134148,18727,2517,15,14,1,2,26,62, , , , , , , , ,1,3, ,2,7,4, , , , , ,1,2,4,6,7, ,2, , , , ,17,0,1, , , , , ,11,9,1, , , , , ,9,3,2,2,9,1,1,.601395
4,96146645,18935,2552,9,8,1,1,12, , , , , , , , , ,1,3, ,2,7,1,2, , , , ,2, , , , , ,2, , , , ,16,15,1, , , , , ,9,4,1, , , , , ,9,5,13,2,8,2,1,.635311
1,96219771,2801,547,10,9,1,1,18,19,21,62, , , , , , ,1,3, ,2,7,1,1,2,3,4, ,2, , , , , ,2, , , , ,16,14,5,1,2,3, , ,10,1,1, , , , , ,9,2,11,2,1,19,2,.569227
2,96212009,8263,1065,10,7,1,1,23,24, , , , , , , , ,1,3, ,2,7,1,1,3, , , ,2, , , , , ,2, , , , ,16,14,3,1,2,5, , ,10,11,1, , , , , ,5,5,9,1,5,6,2,1.514141
2,97118274,10429,1338,10,9,1,1,23,24, , , , , , , , ,1,3, ,2,7,1,1,2,4, , ,2, , , , , ,2, , , , ,16,14,1, , , , , ,10,5,1, , , , , ,10,3,13,2,5,1,2,.470171
4,96256046,20448,2760,10,8,1,2,62, , , , , , , , , ,1,3, ,2,7,1,1,2,3,6, ,2, , , , , ,2, , , , ,16,14,6,2,3, , , ,10,11,1, , , , , ,9,5,7,2,8,13,1,.571954
3,98223576,17582,2361,12,11,1,2,2, , , , , , , , , ,1,3, ,2,7,3,2,4, , , ,2, , , , , ,2, , , , ,16,13,11,2, , , , ,10,1,1, , , , , ,8,5,13,3,8,4,2,.519976
4,99122883,21686,2928,8,7,1,1,12, , , , , , , , , ,1,2, , ,7,1,4, , , , ,2, , , , , ,2, , , , ,16,13,1, , , , , ,9,4,1, , , , , ,11,4,13,2,9,3,2,.564351
3,98109278,15293,2044,11,10,1,1,60, , , , , , , , , ,1,3, ,2,7,1,2, , , , ,2, , , , , ,2, , , , ,16,11,1, , , , , ,1,9,1, , , , , ,10,5,13,2,8,10,2,.363305
3,96174596,13493,1801,5,4,1,1,12, , , , , , , , , ,1,3, ,2,7,2,4, , , , ,2, , , , , ,2, , , , ,16,10,1, , , , , ,88,11,1, , , , , ,3,6,14,1,1,4,1,1.728207
3,96111566,12355,1623,8,7,1,1,12, , , , , , , , , ,1,3, ,2,7,4, , , , , ,1,2,3,4, , ,2, , , , ,16,0,1, , , , , ,10,10,1, , , , , ,5,5,5,2,9,1,2,1.407086
4,96106334,18246,2454,30,29,1,2,16, , , , , , , , , ,1,3, ,2,7,4, , , , , ,1,2,3,4,6,7,2, , , , ,16,0,1, , , , , ,14,8,1, , , , , ,10,3,13,2,5,1,1,.563858
1,96164846,1337,363,11,10,1,1,2,62, , , , , , , , ,1,3, ,2,7,1,6, , , , ,2, , , , , ,2, , , , ,15,13,1, , , , , ,11,1,1, , , , , ,11,4,13,4,2,2,2,.607121
2,96145132,7246,918,12,11,1,1,26, , , , , , , , , ,1,3, ,2,7,1,1, , , , ,2, , , , , ,2, , , , ,15,13,1, , , , , ,10,1,1, , , , , ,9,3,13,2,1,4,2,.449536
2,97200926,10687,1382,13,12,1,1,2, , , , , , , , , ,1,3, ,2,7,1,4,6, , , ,2, , , , , ,2, , , , ,15,13,11,1,2,3,5, ,1,14,1, , , , , ,10,3,11,2,5,22,2,.037026
4,99123527,21719,2932,10,9,1,1,64, , , , , , , , , ,1,3, ,2,7,1,2, , , , ,2, , , , , ,2, , , , ,15,12,1, , , , , ,1,3,1, , , , , ,10,4,13,2,7,3,1,.508471
4,96129495,18650,2507,7,7,1,1,12, , , , , , , , , ,1,3, ,2,7,1,4, , , , ,2, , , , , ,2, , , , ,15,11,1, , , , , ,1,9,1, , , , , ,10,4,13,2,4,1,1,.476503
1,96166450,4642,373,6,5,1,2,12, , , , , , , , , ,1,2, , ,7,1,2,4, , , ,2, , , , , ,2, , , , ,15,9,1, , , , , ,8,7,1, , , , , ,9,4,13,2,5,3,1,.722471
1,96255495,2972,717,5,4,1,1,12, , , , , , , , , ,1,3, ,2,7,3,3, , , , ,2, , , , , ,2, , , , ,15,8,3,1,3, , , ,1,6,1, , , , , ,6,4,1,2,6,16,1,.977659
4,96122512,18529,2492,9,8,1,1,1, , , , , , , , , ,1,3, ,2,7,1,6, , , , ,2, , , , , ,2, , , , ,15,5,9,4, , , , ,1,4,1, , , , , ,10,5,13,2,8,3,1,.508471
2,97118577,10451,1345,5,4,1,1,13, , , , , , , , , ,1,3, ,2,7,1,6, , , , ,2, , , , , ,2, , , , ,15,4,1, , , , , ,8,9,1, , , , , ,11,1,11,4,3,10,2,.399908
3,98218261,17291,2319,7,6,1,1,29, , , , , , , , , ,1,3, ,2,7,3,2,3, , , ,2, , , , , ,2, , , , ,15,1,1, , , , , ,9,1,1, , , , , ,10,6,4,4,8,4,2,.493706
1,96134696,5046,214,14,13,1,2,6,17,20, , , , , , , ,1,1,2, ,7,4, , , , , ,1,2,3,4, , ,2, , , , ,15,0,1, , , , , ,8,7,1, , , , , ,7,4,2,2,10,1,1,1.119392
1,96168596,2825,381,14,13,1,2,8, , , , , , , , , ,1,3, ,2,7,4, , , , , ,1,2,4, , , ,2, , , , ,15,0,1, , , , , ,1,4,1, , , , , ,6,5,3,1,8,18,1,1.357712
1,96214257,108,508,8,7,1,1,12, , , , , , , , , ,1,3, ,2,7,4, , , , , ,1,2,3,4,5,6,2, , , , ,15,0,1, , , , , ,1,12,1, , , , , ,9,5,4,2,9,6,1,.723464
1,96233793,1540,619,7,6,1,1,12, , , , , , , , , ,1,3, ,2,7,4, , , , , ,1,1,2,3,4,6,2, , , , ,15,0,1, , , , , ,88,7,1, , , , , ,5,5,9,2,7,5,1,1.760355
1,96241808,3588,665,10,9,1,2,4, , , , , , , , , ,1,1,2, ,7,4, , , , , ,1,2,4,5,7, ,2, , , , ,15,0,1, , , , , ,7,11,1, , , , , ,9,3,6,2,8,11,2,.568679
2,96103583,6157,752,15,14,1,2,2, , , , , , , , , ,1,3, ,2,7,4, , , , , ,1,2, , , , ,2, , , , ,15,0,1, , , , , ,10,6,1, , , , , ,11,3,13,2,4,2,1,.605519
2,96107902,6285,769,30,29,1,1,20, , , , , , , , , ,1,3, ,2,7,4, , , , , ,1,2, , , , ,2, , , , ,15,0,1, , , , , ,11,8,1, , , , , ,4,5,6,1,5,1,2,1.779784
2,96157276,7527,960,5,4,1,1,12, , , , , , , , , ,1,3, ,2,7,4, , , , , ,1,2,4, , , ,2, , , , ,15,0,1, , , , , ,12,1,1, , , , , ,11,1,13,2,10,3,1,.484079
2,97104115,9725,1244,15,14,1,1,62, , , , , , , , , ,1,3, ,2,7,4, , , , , ,2, , , , , ,2, , , , ,15,0,1, , , , , ,10,1,1, , , , , ,11,5,13,2,8,3,2,.513649
2,97104303,9732,1247,7,6,1,2,17, , , , , , , , , ,1,3, ,2,7,4, , , , , ,1,1,2,3,4,6,2, , , , ,15,0,1, , , , , ,1,10,1, , , , , ,7,6,3,2,10,1,1,1.120595
3,96212839,13822,1851,7,6,1,1,12, , , , , , , , , ,1,3, ,2,7,4, , , , , ,1,2,4,6, , ,2, , , , ,15,0,1, , , , , ,9,8,1, , , , , ,5,4,5,2,6,6,2,1.417018
3,98105787,15103,2014,11,10,1,1,29, , , , , , , , , ,1,3, ,2,7,4, , , , , ,1,1,2,3,6, ,2, , , , ,15,0,1, , , , , ,1,11,1, , , , , ,6,6,3,2,8,2,2,.750405
3,98116646,15655,2091,5,4,1,1,29, , , , , , , , , ,1,3, ,2,7,4, , , , , ,1,4, , , , ,2, , , , ,15,0,1, , , , , ,88,3,1, , , , , ,8,5,12,2,8,3,1,.811789
4,96237023,20132,2726,23,22,1,1,17, , , , , , , , , ,1,3, ,2,7,4, , , , , ,1,2,6,65, , ,2, , , , ,15,0,11,2,3,4,5, ,11,11,1, , , , , ,3,5,5,1,7,5,1,2.461995
4,99112013,21143,2846,30,29,1,2,15,16, , , , , , , , ,1,3, ,2,7,4, , , , , ,1,2,3,4, , ,2, , , , ,15,0,1, , , , , ,1,11,1, , , , , ,7,6,4,2,10,2,1,1.046886
4,99113164,21189,2852,8,7,1,1,12, , , , , , , , , ,1,3, ,1,7,4, , , , , ,1,2,4, , , ,2, , , , ,15,0,13,2, , , , ,1,12,1, , , , , ,8,5,11,2,10,2,2,.693629
4,99116177,21344,2883,7,6,1,1,12, , , , , , , , , ,1,3, ,2,7,4, , , , , ,1,2, , , , ,2, , , , ,15,0,1, , , , , ,1,7,1, , , , , ,6,5,12,2,1,1,2,1.23353
1,96125062,5617,161,8,7,1,1,2, , , , , , , , , ,1,3, ,2,7,1,2,3, , , ,2, , , , , ,2, , , , ,14,14,1, , , , , ,7,1,1, , , , , ,11,1,13,2,5,1,1,.642744
3,96125062,12619,1664,12,11,1,2,2, , , , , , , , , ,1,3, ,1,7,2,1,2,5, , ,2, , , , , ,2, , , , ,14,14,1, , , , , ,9,1,1, , , , , ,11,1,13,2,5,1,1,.440624
3,96227027,14134,1895,14,13,1,1,2, , , , , , , , , ,1,3, ,2,7,2,2,3, , , ,2, , , , , ,2, , , , ,14,14,1, , , , , ,1,88,1, , , , , ,11,5,11,2,7,5,2,.380415
1,96125869,835,164,8,7,1,1,9, , , , , , , , , ,1,3, ,1,7,1,2,5, , , ,2, , , , , ,2, , , , ,14,13,1, , , , , ,1,3,1, , , , , ,8,6,1,2,10,2,1,1.019803
2,97106439,9857,1259,12,11,1,2,2, , , , , , , , , ,1,3, ,2,7,1,1,5, , , ,2, , , , , ,2, , , , ,14,13,1, , , , , ,9,1,1, , , , , ,9,6,13,2,8,10,1,.641283
4,96253696,20411,2750,5,4,1,1,12, , , , , , , , , ,1,3, ,2,7,1,1,2,3, , ,2, , , , , ,2, , , , ,14,11,1, , , , , ,9,1,1, , , , , ,9,4,11,2,7,12,2,.403389
2,97114210,10225,1312,8,7,1,2,2, , , , , , , , , ,1,3, ,2,7,2,1,2,5, , ,1,2,4, , , ,2, , , , ,14,5,6,1,3, , , ,9,8,1, , , , , ,7,4,5,2,8,1,1,1.120595
1,96211398,3614,489,14,13,1,1,30, , , , , , , , , ,1,1,2, ,7,4, , , , , ,1,2,4,7, , ,2, , , , ,14,0,13,1,3, , , ,11,11,1, , , , , ,10,4,13,2,6,11,1,.717837
2,96156664,7510,958,8,7,1,1,12, , , , , , , , , ,1,2, , ,7,4, , , , , ,1,1,2,3,4,6,2, , , , ,14,0,1, , , , , ,9,9,1, , , , , ,6,5,2,2,10,1,1,1.476026
2,97232003,12073,1565,14,13,1,2,2, , , , , , , , , ,1,3, ,2,7,4, , , , , ,1,2,4, , , ,2, , , , ,14,0,2,3, , , , ,10,9,1, , , , , ,11,4,13,2,5,4,2,.511067
3,98125396,16097,2151,7,6,1,1,12, , , , , , , , , ,1,3, ,1,7,4, , , , , ,1,2,4, , , ,2, , , , ,14,0,1, , , , , ,88,3,1, , , , , ,2,3,14,1,1,3,1,4.43432
3,98226817,17740,2381,9,8,1,1,12, , , , , , , , , ,1,3, ,2,7,4, , , , , ,2, , , , , ,2, , , , ,14,0,4,3,5, , , ,9,9,1, , , , , ,6,6,2,2,8,19,1,1.016416
4,96205459,19520,2639,7,6,1,1,12, , , , , , , , , ,1,3, ,2,7,4, , , , , ,1,2,3,4,5,6,2, , , , ,14,0,1, , , , , ,6,1,1, , , , , ,4,5,3,1,8,6,2,1.83395
4,99103083,20679,2793,28,27,1,1,12, , , , , , , , , ,1,3, ,2,7,4, , , , , ,1,2,3,4, , ,2, , , , ,14,0,1, , , , , ,12,4,1, , , , , ,10,3,13,3,6,1,2,.631429
3,96158448,13235,1758,10,9,1,2,2, , , , , , , , , ,1,3, ,2,7,2,4,6, , , ,2, , , , , ,2, , , , ,13,13,1, , , , , ,8,1,1, , , , , ,9,3,13,4,5,1,1,.540781
4,96151711,19014,2568,6,5,1,1,12, , , , , , , , , ,1,3, ,2,7,1,1, , , , ,2, , , , , ,2, , , , ,13,13,1, , , , , ,9,8,1, , , , , ,9,3,13,2,8,1,2,.532119
2,97105550,9798,1255,15,14,1,1,23,25,26,62, , , , , , ,1,3, ,2,7,1,6, , , , ,2, , , , , ,2, , , , ,13,12,1, , , , , ,7,7,1, , , , , ,11,3,11,2,6,1,2,.522929
3,96133120,12755,1677,13,12,1,2,2, , , , , , , , , ,1,3, ,2,7,2,3,4,6, , ,2, , , , , ,2, , , , ,13,12,1, , , , , ,1,8,1, , , , , ,9,6,13,2,8,1,1,.540781
3,96207256,13716,1834,7,6,1,2,60, , , , , , , , , ,1,3, ,2,7,1,1,4, , , ,2, , , , , ,2, , , , ,13,12,1, , , , , ,10,9,1, , , , , ,10,4,13,2,8,6,2,.521082
4,96148263,18955,2556,10,9,1,1,23,24, , , , , , , , ,1,3, ,2,7,1,3, , , , ,2, , , , , ,1,1, , , ,13,12,2,5, , , , ,1,4,1, , , , , ,7,3,11,2,5,1,2,.704302
4,96254573,20426,2754,10,9,1,2,64, , , , , , , , , ,1,3, ,2,7,1,2,3, , , ,2, , , , , ,2, , , , ,13,12,1, , , , , ,11,11,1, , , , , ,10,4,13,2,8,6,1,.542993
4,99114783,21274,2868,5,4,1,1,9, , , , , , , , , ,1,3, ,2,7,1,1,2,3, , ,2, , , , , ,2, , , , ,13,12,1, , , , , ,1,8,1, , , , , ,8,5,13,2,8,2,2,.542833
4,99135590,22156,2986,10,9,1,2,18,19,20,21, , , , , , ,1,3, ,2,7,1,2, , , , ,2, , , , , ,2, , , , ,13,12,1, , , , , ,12,3,1, , , , , ,11,3,13,4,4,18,2,.607203
4,99206218,22493,3028,10,8,1,2,60, , , , , , , , , ,1,3, ,2,7,1,1,2,3, , ,2, , , , , ,2, , , , ,13,12,4,2, , , , ,8,4,1, , , , , ,5,5,5,1,7,8,2,1.751992
2,96139162,7087,897,13,12,1,2,2, , , , , , , , , ,1,3, ,2,7,1,4, , , , ,2, , , , , ,2, , , , ,13,11,1, , , , , ,9,2,1, , , , , ,10,5,13,2,6,3,2,.461827
4,99239941,24127,3254,6,5,1,1,12, , , , , , , , , ,1,3, ,2,7,1,2, , , , ,1,6, , , , ,2, , , , ,13,11,1, , , , , ,1,3,1, , , , , ,6,4,7,2,7,11,1,1.416858
1,96122439,2348,143,5,4,1,1,12, , , , , , , , , ,1,3, ,2,7,1,4, , , , ,2, , , , , ,2, , , , ,13,10,1, , , , , ,88,8,1, , , , , ,5,3,6,1,6,4,1,1.379565
3,96260994,14791,1975,6,5,1,1,12, , , , , , , , , ,1,3, ,2,7,1,4, , , , ,2, , , , , ,2, , , , ,13,10,1, , , , , ,1,1,1, , , , , ,11,4,6,2,7,11,1,.560762
3,98221930,17500,2352,5,4,1,1,12, , , , , , , , , ,1,3, ,2,7,1,2, , , , ,2, , , , , ,2, , , , ,13,10,4,2,5, , , ,1,10,1, , , , , ,7,6,3,2,10,8,1,.802831
4,96116869,18437,2472,10,9,1,2,60, , , , , , , , , ,1,2, , ,7,1,5, , , , ,2, , , , , ,2, , , , ,13,10,3,3,5, , , ,8,4,1, , , , , ,8,6,2,2,9,10,1,.901112
3,98106651,15145,2018,12,11,1,1,62, , , , , , , , , ,1,3, ,2,7,1,1,3,4, , ,2, , , , , ,2, , , , ,13,9,3,1,3, , , ,9,4,1, , , , , ,5,5,4,1,8,1,2,1.057979
2,96171118,7808,999,8,7,1,2,2, , , , , , , , , ,1,3, ,2,7,1,1,3, , , ,1,6, , , , ,2, , , , ,13,7,1, , , , , ,2,9,1, , , , , ,9,3,13,2,4,4,2,.488998
3,96239795,14418,1928,13,12,1,1,12, , , , , , , , , ,1,3, ,2,7,2,1, , , , ,2, , , , , ,2, , , , ,13,7,1, , , , , ,10,7,1, , , , , ,8,4,11,2,8,6,2,.54881
4,96227633,19944,2704,5,4,1,1,12, , , , , , , , , ,1,3, ,2,7,1,1,2,3,4, ,2, , , , , ,2, , , , ,13,7,1, , , , , ,1,1,1, , , , , ,9,2,13,2,3,6,2,.442403
1,96246766,3127,682,6,5,1,1,13, , , , , , , , , ,1,3, ,2,7,1,4, , , , ,2, , , , , ,2, , , , ,13,6,1, , , , , ,1,1,1, , , , , ,11,3,13,2,6,14,1,.644601
2,96208921,8197,1055,5,4,1,1,13, , , , , , , , , ,1,1,3, ,7,1,3,5, , , ,1,6, , , , ,2, , , , ,13,5,1, , , , , ,10,2,1, , , , , ,7,6,1,2,10,6,2,.548113
1,96111667,4380,78,8,7,1,1,12, , , , , , , , , ,1,3, ,2,7,4, , , , , ,1,2,4,5, , ,2, , , , ,13,0,1, , , , , ,9,4,1, , , , , ,9,4,13,2,8,3,1,.722471
3,98115587,15608,2082,14,13,1,2,2, , , , , , , , , ,1,3, ,1,7,4, , , , , ,2, , , , , ,2, , , , ,13,0,6,1, , , , ,14,2,1, , , , , ,10,4,13,1,8,3,2,.396705
4,99227907,23552,3172,6,5,1,1,12, , , , , , , , , ,1,3, ,2,7,4, , , , , ,2, , , , , ,2, , , , ,13,0,1, , , , , ,1,8,1, , , , , ,8,3,4,2,8,11,1,.800319
4,99113079,21187,2851,7,6,1,1,12, , , , , , , , , ,1,3, ,2,7,3,6, , , , ,2, , , , , ,2, , , , ,12,88,1, , , , , ,1,1,1, , , , , ,11,5,2,3,10,1,1,.472641
2,96115871,6501,803,6,5,2, ,12,13, , , , , , , , ,1,3, ,2,7,1,1,2, , , ,2, , , , , ,2, , , , ,12,12,1, , , , , ,1,1,1, , , , , ,11,5,13,2,10,10,1,.834732
2,96204417,8073,1037,12,11,1,2,2, , , , , , , , , ,1,3, ,2,7,1,1, , , , ,2, , , , , ,2, , , , ,12,12,4,3,5, , , ,8,1,1, , , , , ,10,4,13,2,7,11,1,.615178
2,97228253,11989,1555,9,8,1,2,2, , , , , , , , , ,1,3, ,2,7,1,1,2, , , ,1,1, , , , ,2, , , , ,12,12,2,3, , , , ,10,9,1, , , , , ,8,6,13,2,7,4,1,1.006795
3,98107875,15209,2027,5,4,1,1,12, , , , , , , , , ,1,3, ,2,7,1,65, , , , ,2, , , , , ,2, , , , ,12,12,1, , , , , ,1,7,1, , , , , ,10,3,13,2,6,3,2,.352041
4,99226594,23478,3162,12,11,3, ,2, , , , , , , , , ,1,3, ,2,7,2,4, , , , ,2, , , , , ,2, , , , ,12,12,5,1, , , , ,10,7,1, , , , , ,9,5,11,2,5,21,2,.6294
2,96222681,8552,1098,10,9,1,2,60, , , , , , , , , ,1,3, ,2,7,1,5, , , , ,2, , , , , ,2, , , , ,12,11,1, , , , , ,7,10,1, , , , , ,10,3,11,2,2,14,2,.470268
2,97115266,10276,1321,13,12,1,2,2, , , , , , , , , ,1,3, ,2,7,1,2, , , , ,2, , , , , ,2, , , , ,12,11,1, , , , , ,10,2,1, , , , , ,11,3,13,2,5,18,1,.633319
3,96145132,12991,1718,12,11,1,2,62, , , , , , , , , ,1,3, ,2,7,1,2,5, , , ,2, , , , , ,2, , , , ,12,11,1, , , , , ,1,1,1, , , , , ,9,3,13,2,6,4,2,.375578
3,98215971,17158,2297,5,4,1,1,12, , , , , , , , , ,1,3, ,2,7,1,4,6, , , ,2, , , , , ,2, , , , ,12,11,10,1,2,3, , ,10,9,1, , , , , ,6,5,4,2,10,4,1,.945707
2,97112836,10154,1302,5,4,1,1,12, , , , , , , , , ,1,3, ,2,7,1,6, , , , ,2, , , , , ,2, , , , ,12,10,3,1,3, , , ,8,5,1, , , , , ,5,5,4,2,5,3,2,1.126926
2,97203065,10802,1396,5,4,1,1,12, , , , , , , , , ,1,3, ,2,7,1,1,2,5, , ,2, , , , , ,2, , , , ,12,10,1, , , , , ,1,12,1, , , , , ,8,4,5,2,8,6,2,.548113
2,97208553,11092,1432,5,4,1,2,12, , , , , , , , , ,1,3, ,2,7,1,4, , , , ,2, , , , , ,2, , , , ,12,10,1, , , , , ,1,1,1, , , , , ,8,2,9,2,7,19,1,.855788
2,97210054,11178,1442,5,4,1,1,12, , , , , , , , , ,1,2, , ,7,1,1,2, , , ,2, , , , , ,2, , , , ,12,10,7,1, , , , ,3,10,1, , , , , ,10,3,6,2,6,19,2,.390585
2,97107480,9898,1264,8,6,1,2,29, , , , , , , , , ,1,3, ,2,7,1,1,2,3, , ,2, , , , , ,2, , , , ,12,9,1, , , , , ,5,9,1, , , , , ,9,4,13,2,5,3,1,.743415
3,98124241,16044,2139,5,4,1,1,12, , , , , , , , , ,1,3, ,2,7,1,4, , , , ,2, , , , , ,2, , , , ,12,9,1, , , , , ,9,8,1, , , , , ,11,3,13,3,6,1,2,.347326
1,96101324,2412,9,5,4,1,1,12, , , , , , , , , ,1,3, ,2,7,1,4, , , , ,2, , , , , ,2, , , , ,12,8,1, , , , , ,1,7,1, , , , , ,9,3,13,2,5,4,1,.567464
1,96112476,3805,83,5,4,1,1,12, , , , , , , , , ,1,3, ,2,7,1,5, , , , ,2, , , , , ,2, , , , ,12,8,1, , , , , ,10,1,1, , , , , ,6,3,6,2,6,10,2,.61077
3,96107101,12245,1597,5,4,1,1,12, , , , , , , , , ,1,3, ,2,7,1,2,6, , , ,2, , , , , ,2, , , , ,12,8,1, , , , , ,1,1,1, , , , , ,8,6,13,2,8,2,1,.838541
1,96129612,5184,186,7,6,1,1,12, , , , , , , , , ,1,3, ,2,7,4, , , , , ,1,2,3,4, , ,2, , , , ,12,0,1, , , , , ,1,7,1, , , , , ,6,6,2,2,8,1,2,.778643
1,96157276,4813,329,5,4,1,1,12, , , , , , , , , ,1,3, ,2,7,4, , , , , ,1,2,4, , , ,2, , , , ,12,0,1, , , , , ,10,2,1, , , , , ,11,1,13,2,2,3,1,.503776
2,96129292,6849,857,6,5,1,1,9, , , , , , , , , ,1,2, , ,7,4, , , , , ,1,2,4, , , ,2, , , , ,12,0,9,1,2,3,5, ,8,4,1, , , , , ,8,2,6,2,6,3,2,.701159
2,96204776,8089,1039,8,7,1,1,12, , , , , , , , , ,1,3, ,2,7,4, , , , , ,1,2,4, , , ,2, , , , ,12,0,1, , , , , ,11,9,1, , , , , ,8,5,3,1,9,16,1,1.135342
3,96121444,12526,1651,15,14,1,1,12, , , , , , , , , ,1,3, ,2,7,4, , , , , ,1,2,3,4, , ,2, , , , ,12,0,5,1, , , , ,9,9,1, , , , , ,6,5,11,2,3,2,2,.750405
3,98109111,15280,2041,12,11,1,1,12, , , , , , , , , ,1,3, ,1,7,4, , , , , ,1,2,3,4,6, ,2, , , , ,12,0,3,3, , , , ,9,8,1, , , , , ,5,6,1,1,7,2,2,1.114341
3,98122353,15956,2130,11,10,1,1,12, , , , , , , , , ,1,3, ,1,7,4, , , , , ,1,2,3,4, , ,2, , , , ,12,0,1, , , , , ,1,3,1, , , , , ,1,2,14,1,1,1,1,9.208138
3,98227031,17748,2382,28,27,1,1,4, , , , , , , , , ,1,3, ,1,7,4, , , , , ,1,1,2, , , ,2, , , , ,12,0,3,1,2, , , ,8,2,1, , , , , ,7,6,1,1,9,6,1,1.385126
4,96235569,20103,2720,10,9,1,1,12, , , , , , , , , ,1,3, ,2,7,4, , , , , ,1,2,3,4,6, ,2, , , , ,12,0,4,2,5, , , ,8,11,1, , , , , ,9,5,11,2,9,5,2,.569957
4,96252151,20391,2747,8,7,1,1,12, , , , , , , , , ,1,3, ,2,7,4, , , , , ,1,2,4,6, , ,2, , , , ,12,0,5,1,2,3, , ,9,11,1, , , , , ,6,5,5,1,8,6,2,1.310447
4,99103267,20686,2794,5,4,1,1,12, , , , , , , , , ,1,3, ,2,7,4, , , , , ,1,2,4, , , ,2, , , , ,12,0,1, , , , , ,7,6,1, , , , , ,9,3,4,2,7,1,1,.438773
1,96224505,343,575,5,4,1,1,12, , , , , , , , , ,1,3, ,2,7,1,3,4, , , ,2, , , , , ,2, , , , ,11,88,1, , , , , ,1,1,1, , , , , ,11,3,13,2,6,6,1,.504468
1,96164660,4348,362,6,5,1,1,12, , , , , , , , , ,1,3, ,2,7,1,4, , , , ,2, , , , , ,2, , , , ,11,11,1, , , , , ,1,4,1, , , , , ,7,6,3,2,9,3,1,1.016113
2,96166832,7727,987,5,4,1,1,12, , , , , , , , , ,1,3, ,2,7,3,6, , , , ,1,6, , , , ,2, , , , ,11,11,8,2, , , , ,11,9,1, , , , , ,8,5,3,1,9,3,2,.53482
1,96204673,241,464,5,4,1,1,12, , , , , , , , , ,1,3, ,2,7,1,1,2, , , ,2, , , , , ,2, , , , ,11,10,8,2,3,5, , ,9,12,1, , , , , ,9,5,11,2,7,6,2,.40384
2,96224335,8598,1104,6,5,2, ,12, , , , , , , , , ,1,3, ,2,7,3,4, , , , ,2, , , , , ,2, , , , ,11,10,1, , , , , ,1,10,1, , , , , ,9,5,13,2,9,12,2,.479281
2,97108972,9968,1272,5,4,1,1,12, , , , , , , , , ,1,1,4, ,7,2,2,3,5, , ,2, , , , , ,2, , , , ,11,10,1, , , , , ,88,4,1, , , , , ,9,4,4,2,8,1,1,.577297
2,97203703,10843,1400,8,7,1,2,2, , , , , , , , , ,1,3, ,2,7,1,1,2,3, , ,2, , , , , ,2, , , , ,11,10,1, , , , , ,8,1,1, , , , , ,10,5,11,2,8,4,2,.499843
2,97204135,10864,1409,7,6,3, ,2, , , , , , , , , ,1,3, ,2,7,1,2, , , , ,2, , , , , ,2, , , , ,11,10,1, , , , , ,1,1,1, , , , , ,10,3,13,2,2,22,2,.040277
3,98107455,15181,2021,6,5,1,1,12, , , , , , , , , ,1,3, ,2,7,1,2, , , , ,2, , , , , ,2, , , , ,11,10,1, , , , , ,8,7,1, , , , , ,10,5,13,2,6,3,1,.651325
4,96135270,18747,2521,5,4,1,1,12, , , , , , , , , ,1,3, ,2,7,2,2, , , , ,1,2,4, , , ,2, , , , ,11,10,1, , , , , ,1,1,1, , , , , ,9,5,13,2,5,1,2,.416436
4,96236911,20129,2725,8,7,1,2,2, , , , , , , , , ,1,3, ,2,7,2,1,2,3, , ,2, , , , , ,2, , , , ,11,10,1, , , , , ,9,7,1, , , , , ,10,3,11,2,6,14,2,.547569
4,99116262,21347,2884,6,5,1,1,9, , , , , , , , , ,1,3, ,2,7,1,4, , , , ,2, , , , , ,2, , , , ,11,10,1, , , , , ,1,9,1, , , , , ,11,3,13,2,4,1,1,.472641
4,99119271,21493,2905,6,5,1,1,7, , , , , , , , , ,1,3, ,2,7,1,6, , , , ,2, , , , , ,2, , , , ,11,10,1, , , , , ,9,1,1, , , , , ,11,3,13,2,7,1,1,.472641
4,99225558,23429,3155,6,5,1,1,9, , , , , , , , , ,1,3, ,2,7,1,1, , , , ,2, , , , , ,2, , , , ,11,10,5,3, , , , ,9,9,1, , , , , ,11,5,13,2,5,6,1,.502113
1,96131471,5323,194,12,11,1,1,2, , , , , , , , , ,1,3, ,2,7,1,2,3, , , ,2, , , , , ,2, , , , ,11,9,7,1,2,3,5, ,1,4,1, , , , , ,4,3,4,2,7,1,2,.926801
2,97109753,10009,1278,5,4,1,1,12, , , , , , , , , ,1,3, ,2,7,1,6, , , , ,2, , , , , ,2, , , , ,11,9,1, , , , , ,1,11,1, , , , , ,8,3,5,2,7,2,1,.871382
4,96130551,18670,2511,5,4,1,1,5, , , , , , , , , ,1,3, ,2,7,1,2, , , , ,2, , , , , ,2, , , , ,11,9,1, , , , , ,4,3,1, , , , , ,11,6,13,2,9,1,1,.369889
4,96226508,19917,2698,6,5,1,2,12, , , , , , , , , ,1,3, ,2,7,1,2, , , , ,2, , , , , ,2, , , , ,11,9,1, , , , , ,4,10,1, , , , , ,10,4,8,2,9,5,1,.475817
4,99113719,21211,2856,8,7,1,2,2, , , , , , , , , ,1,3, ,2,7,2,6, , , , ,2, , , , , ,2, , , , ,11,9,1, , , , , ,1,3,1, , , , , ,10,5,13,2,7,1,1,.476503
4,99225871,23452,3159,5,4,1,1,12, , , , , , , , , ,1,3, ,2,7,1,1,2,3, , ,2, , , , , ,2, , , , ,11,9,1, , , , , ,11,9,1, , , , , ,8,3,5,2,5,4,2,.513089
4,99236429,23983,3239,6,5,1,1,12, , , , , , , , , ,1,3, ,2,7,1,4, , , , ,2, , , , , ,2, , , , ,11,9,11,2, , , , ,1,12,1, , , , , ,9,2,11,2,1,15,2,.567269
2,96137719,7046,889,5,4,1,1,12, , , , , , , , , ,1,3, ,2,7,1,6, , , , ,2, , , , , ,2, , , , ,11,8,1, , , , , ,7,7,1, , , , , ,9,5,13,2,6,1,1,.577297
2,96137760,7049,891,5,4,1,1,12, , , , , , , , , ,1,3, ,2,7,1,6, , , , ,2, , , , , ,2, , , , ,11,8,1, , , , , ,10,1,1, , , , , ,11,2,13,2,5,1,1,.492825
2,97224258,11851,1538,5,4,1,1,12, , , , , , , , , ,1,3, ,2,7,1,1,2,3, , ,2, , , , , ,2, , , , ,11,8,5,1,2,5, , ,7,1,1, , , , , ,7,4,12,1,5,5,1,.847566
3,96140255,12889,1710,5,4,1,2,12, , , , , , , , , ,1,3, ,2,7,1,5, , , , ,2, , , , , ,2, , , , ,11,8,1, , , , , ,1,7,1, , , , , ,6,3,4,1,6,1,2,.632236
3,98103039,14968,1998,5,4,1,1,12, , , , , , , , , ,1,3, ,2,7,1,6, , , , ,1,1,6, , , ,2, , , , ,11,8,1, , , , , ,6,9,1, , , , , ,7,5,5,1,7,2,2,.509369
3,98212714,16962,2267,8,7,1,1,9, , , , , , , , , ,1,3, ,2,7,1,2,4, , , ,2, , , , , ,2, , , , ,11,8,1, , , , , ,9,1,1, , , , , ,9,4,11,2,8,4,2,.49951
4,96177455,19394,2624,5,4,1,1,12, , , , , , , , , ,1,3, ,2,7,1,1,2, , , ,1,6, , , , ,2, , , , ,11,8,2,3, , , , ,9,5,1, , , , , ,10,3,13,2,4,4,1,.372356
3,96174255,13487,1799,6,5,1,1,12, , , , , , , , , ,1,3, ,1,7,2,2, , , , ,1,1, , , , ,2, , , , ,11,7,4,3,5, , , ,9,5,1, , , , , ,6,5,5,2,8,2,2,.99802
3,98233909,18079,2429,7,6,1,1,13, , , , , , , , , ,1,3, ,2,7,1,4, , , , ,2, , , , , ,2, , , , ,11,7,1, , , , , ,1,9,1, , , , , ,11,5,13,4,3,17,2,.402049
4,99210349,22707,3067,6,5,1,2,9, , , , , , , , , ,1,2, , ,7,1,4, , , , ,2, , , , , ,2, , , , ,11,7,1, , , , , ,11,2,1, , , , , ,8,3,6,2,8,6,2,.697541
2,96219319,8464,1091,8,7,1,1,12, , , , , , , , , ,1,3, ,2,7,1,2, , , , ,1,6, , , , ,2, , , , ,11,6,1, , , , , ,11,8,1, , , , , ,11,5,13,2,8,14,1,.646235
3,98227479,17773,2385,5,4,1,2,13, , , , , , , , , ,1,3, ,2,7,1,1, , , , ,1,6, , , , ,1,1, , , ,11,6,1, , , , , ,9,8,1, , , , , ,5,5,6,1,6,5,2,.912528
1,96121161,4662,131,10,9,1,1,2, , , , , , , , , ,1,3, ,2,7,3,4, , , , ,2, , , , , ,2, , , , ,11,5,1, , , , , ,1,11,1, , , , , ,10,5,11,2,5,3,2,.564538
4,96109414,18306,2460,6,5,1,1,12, , , , , , , , , ,1,3, ,2,7,3,2, , , , ,1,3,4, , , ,2, , , , ,11,4,6,4, , , , ,8,10,1, , , , , ,7,6,6,1,8,3,2,.653195
4,99231501,23742,3207,8,7,1,2,2, , , , , , , , , ,1,2, , ,7,3,3,5, , , ,2, , , , , ,2, , , , ,11,4,1, , , , , ,4,2,1, , , , , ,7,5,1,2,10,6,1,.889689
1,96110669,5822,69,16,15,1,1,12, , , , , , , , , ,1,3, ,2,7,4, , , , , ,1,2,4, , , ,2, , , , ,11,0,1, , , , , ,7,5,1, , , , , ,4,5,11,2,3,1,2,.926801
1,96121992,902,136,8,7,1,2,2, , , , , , , , , ,1,3, ,2,7,4, , , , , ,2, , , , , ,2, , , , ,11,0,1, , , , , ,1,6,1, , , , , ,10,6,13,2,8,2,2,.514578
1,96123851,1042,154,6,5,1,1,12, , , , , , , , , ,1,3, ,2,7,4, , , , , ,1,2, , , , ,2, , , , ,11,0,1, , , , , ,1,4,1, , , , , ,8,5,3,2,7,2,1,1.019803
1,96135331,4511,219,7,6,1,1,12, , , , , , , , , ,1,3, ,2,7,4, , , , , ,1,3, , , , ,2, , , , ,11,0,2,1,5, , , ,11,5,1, , , , , ,4,5,5,1,7,3,2,.841291
1,96233708,4951,618,6,5,1,1,12, , , , , , , , , ,1,3, ,2,7,4, , , , , ,1,2,3,4,5,6,2, , , , ,11,0,11,1,2,3,5, ,4,10,1, , , , , ,5,5,5,1,6,7,2,1.106128
1,96239325,1458,651,8,7,1,2,12, , , , , , , , , ,1,3, ,2,7,4, , , , , ,1,2,4, , , ,2, , , , ,11,0,6,2, , , , ,8,7,1, , , , , ,6,6,1,2,9,5,2,.779992
2,96113998,6455,796,5,4,1,1,12, , , , , , , , , ,1,3, ,2,7,4, , , , , ,1,2,3,4,6, ,2, , , , ,11,0,1, , , , , ,9,7,1, , , , , ,4,6,5,1,7,2,2,.847519
2,96168596,7754,992,20,19,1,1,8, , , , , , , , , ,1,3, ,2,7,4, , , , , ,1,2,4, , , ,2, , , , ,11,0,1, , , , , ,1,9,1, , , , , ,6,5,3,1,8,18,1,2.570011
2,97100459,9514,1209,12,11,1,2,2, , , , , , , , , ,1,3, ,2,7,4, , , , , ,1,2,4,6, , ,2, , , , ,11,0,1, , , , , ,9,5,1, , , , , ,10,5,4,2,8,2,2,.479319
2,97214787,11403,1476,8,7,1,1,12, , , , , , , , , ,1,3, ,2,7,4, , , , , ,2, , , , , ,2, , , , ,11,0,1, , , , , ,10,11,1, , , , , ,2,3,14,1,2,11,2,3.932623
3,96204776,13659,1825,7,6,1,1,12, , , , , , , , , ,1,3, ,2,7,4, , , , , ,1,1,2,4, , ,2, , , , ,11,0,1, , , , , ,9,10,1, , , , , ,8,5,3,1,10,16,1,1.223676
3,98212693,16961,2266,9,8,1,1,12, , , , , , , , , ,1,3, ,2,7,4, , , , , ,1,2,3,4,5,6,2, , , , ,11,0,1, , , , , ,9,9,1, , , , , ,8,4,8,2,10,4,1,.856002
4,96102550,18176,2444,7,6,1,1,12, , , , , , , , , ,1,3, ,2,7,4, , , , , ,1,2,3,4, , ,2, , , , ,11,0,12,2, , , , ,9,10,1, , , , , ,8,6,13,2,9,10,2,.658645
4,96104750,18219,2450,5,4,1,1,12, , , , , , , , , ,1,3, ,2,7,4, , , , , ,1,2,3,4,6,7,2, , , , ,11,0,8,1,2, , , ,8,9,1, , , , , ,6,5,5,1,6,2,2,1.019802
4,96149900,18983,2561,6,5,1,1,12, , , , , , , , , ,1,3, ,2,7,4, , , , , ,2, , , , , ,1,2,4, , ,11,0,1, , , , , ,9,8,1, , , , , ,7,5,13,2,5,1,1,.837468
4,96170466,19301,2611,5,4,1,2,12, , , , , , , , , ,1,3, ,2,7,4, , , , , ,1,2,4, , , ,2, , , , ,11,0,6,1, , , , ,5,7,1, , , , , ,10,5,11,2,7,2,2,.44115
4,96257085,20460,2761,6,5,1,1,12, , , , , , , , , ,1,3, ,2,7,4, , , , , ,1,2,4,7, , ,2, , , , ,11,0,3,3, , , , ,9,5,1, , , , , ,5,6,5,1,7,8,1,1.820261
1,96114873,5728,92,5,4,1,1,12, , , , , , , , , ,1,1,2, ,7,1,1,6, , , ,2, , , , , ,2, , , , ,10,10,1, , , , , ,88,9,1, , , , , ,10,2,11,4,4,1,2,.402276
4,99125293,21797,2942,5,4,1,1,9, , , , , , , , , ,1,1,5, ,7,1,6, , , , ,2, , , , , ,2, , , , ,10,10,1, , , , , ,9,1,1, , , , , ,9,2,11,2,5,2,2,.439921
4,99203481,22334,3006,8,7,1,2,2, , , , , , , , , ,1,3, ,2,7,2,2, , , , ,2, , , , , ,2, , , , ,10,10,1, , , , , ,9,8,1, , , , , ,9,3,6,2,8,4,1,.559827
4,99210157,22700,3064,9,8,1,2,2, , , , , , , , , ,1,3, ,2,7,2,2, , , , ,1,6, , , , ,2, , , , ,10,10,8,2, , , , ,7,88,1, , , , , ,11,3,13,2,8,5,1,.50625
1,96155819,1288,325,5,4,1,1,12, , , , , , , , , ,1,3, ,2,7,1,3,4,6, , ,2, , , , , ,2, , , , ,10,9,1, , , , , ,1,88,1, , , , , ,11,5,13,2,4,2,1,.505605
1,96218189,745,538,5,4,1,1,12, , , , , , , , , ,1,3, ,2,7,1,6, , , , ,2, , , , , ,2, , , , ,10,9,1, , , , , ,1,11,1, , , , , ,8,3,11,2,1,6,2,.491974
2,97208466,11084,1430,5,4,1,1,12, , , , , , , , , ,1,3, ,2,7,1,4,6, , , ,2, , , , , ,2, , , , ,10,9,8,1,3, , , ,8,1,1, , , , , ,11,4,13,2,6,19,1,.493422
2,97224725,11871,1542,5,4,1, ,12, , , , , , , , , ,1,3, ,2,7,1,2,3, , , ,2, , , , , ,2, , , , ,10,9,1, , , , , ,9,8,1, , , , , ,8,5,5,2,6,4,2,.532132
3,98226202,17700,2374,9,8,1,1,2, , , , , , , , , ,1,3, ,2,7,2,3,6, , , ,2, , , , , ,2, , , , ,10,9,11,1,2,3,5, ,7,10,1, , , , , ,7,3,5,2,8,12,2,.535866
1,96251716,3076,701,5,4,1,1,12, , , , , , , , , ,1,3, ,2,7,1,3, , , , ,1,6, , , , ,2, , , , ,10,8,1, , , , , ,1,9,1, , , , , ,6,5,4,2,9,14,1,.979259
3,98108330,15240,2032,5,4,1,1,12, , , , , , , , , ,1,3, ,2,7,1,6, , , , ,2, , , , , ,2, , , , ,10,8,1, , , , , ,8,3,1, , , , , ,11,3,13,2,5,2,2,.365829
3,98119741,15834,2114,6,5,1,2,9, , , , , , , , , ,1,3, ,1,7,1,4, , , , ,2, , , , , ,2, , , , ,10,8,1, , , , , ,1,1,1, , , , , ,11,5,13,2,2,10,1,.547236
4,96134976,18742,2520,5,4,1,1,12, , , , , , , , , ,1,3, ,2,7,1,2,5, , , ,2, , , , , ,2, , , , ,10,8,5,2,3, , , ,5,9,1, , , , , ,10,4,13,2,5,4,1,.372356
4,99113292,21195,2853,5,4,1,1,9, , , , , , , , , ,1,3, ,2,7,1,6, , , , ,2, , , , , ,2, , , , ,10,8,1, , , , , ,88,88,1, , , , , ,9,3,11,2,2,3,2,.414277
4,99206882,22527,3035,5,4,1,1,12, , , , , , , , , ,1,3, ,2,7,1,4, , , , ,2, , , , , ,2, , , , ,10,8,1, , , , , ,1,10,1, , , , , ,10,2,6,2,3,7,1,.395313
4,99212937,22838,3084,5,4,1,1,9, , , , , , , , , ,1,2, , ,7,3,2, , , , ,2, , , , , ,2, , , , ,10,8,1, , , , , ,7,7,1, , , , , ,10,5,13,2,6,16,1,.403891
4,99223501,23344,3142,10,9,1,1,2, , , , , , , , , ,1,3, ,2,7,2,3,4,6, , ,2, , , , , ,2, , , , ,10,8,1, , , , , ,88,1,1, , , , , ,9,3,11,2,1,4,2,.569929
1,96106865,2015,37,5,4,1,1,4, , , , , , , , , ,1,2, , ,7,1,1,2,3, , ,1,1, , , , ,2, , , , ,10,7,1, , , , , ,11,8,1, , , , , ,6,5,5,2,9,4,1,.977499
1,96207256,150,475,5,4,1,2,9, , , , , , , , , ,1,3, ,2,7,1,1,2, , , ,2, , , , , ,2, , , , ,10,7,1, , , , , ,9,4,1, , , , , ,11,4,13,2,8,6,2,.431423
2,96209214,8206,1059,5,4,1,2,9, , , , , , , , , ,1,3, ,2,7,1,4, , , , ,2, , , , , ,2, , , , ,10,7,10,1,2, , , ,9,1,1, , , , , ,8,2,8,1,6,6,2,.548113
2,97223539,11819,1531,5,4,1,2,12, , , , , , , , , ,1,2, , ,7,1,1,3,4,5, ,2, , , , , ,2, , , , ,10,7,1, , , , , ,1,6,1, , , , , ,6,5,4,2,8,6,1,1.133368
4,96210934,19620,2654,5,4,1,2,9, , , , , , , , , ,1,3, ,2,7,1,6, , , , ,2, , , , , ,2, , , , ,10,7,4,2,3, , , ,7,1,1, , , , , ,9,3,13,2,4,14,1,.450256
2,96213630,8301,1072,5,4,1,1,13, , , , , , , , , ,1,3, ,2,7,3,6, , , , ,2, , , , , ,2, , , , ,10,6,1, , , , , ,1,1,1, , , , , ,6,3,11,2,5,11,2,.698641
4,99100452,20541,2770,6,5,1,1,13, , , , , , , , , ,1,3, ,2,7,1,1,2,3, , ,2, , , , , ,2, , , , ,10,6,1, , , , , ,8,11,1, , , , , ,10,3,4,4,6,3,2,.530838
4,99106071,20830,2816,8,7,1,1,12, , , , , , , , , ,1,3, ,2,7,2,4, , , , ,1,1, , , , ,2, , , , ,10,6,1, , , , , ,9,9,1, , , , , ,10,4,13,2,1,1,1,.476503
3,96114820,12415,1634,4,3,1,1,12, , , , , , , , , ,1,3, ,2,7,1,6, , , , ,2, , , , , ,2, , , , ,10,5,5,2, , , , ,1,8,1, , , , , ,7,3,6,2,6,1,2,.797663
4,96150606,18992,2563,7,6,1,1,4, , , , , , , , , ,1,3, ,2,7,2,2, , , , ,2, , , , , ,2, , , , ,10,5,1, , , , , ,10,12,1, , , , , ,8,6,3,1,10,2,1,.884698
1,96230496,4155,603,5,4,1,1,24, , , , , , , , , ,1,3, ,2,7,3,2,4, , , ,2, , , , , ,2, , , , ,10,4,1, , , , , ,14,11,1, , , , , ,11,4,13,2,10,8,1,.50736
3,98225917,17688,2372,5,4,1,1,13, , , , , , , , , ,1,3, ,2,7,1,2, , , , ,2, , , , , ,2, , , , ,10,4,1, , , , , ,8,7,1, , , , , ,9,4,5,2,4,8,2,.352249
4,99106957,20877,2822,4,3,1,1,12, , , , , , , , , ,1,3, ,2,7,1,3, , , , ,2, , , , , ,2, , , , ,10,4,1, , , , , ,1,3,1, , , , , ,10,4,13,2,5,1,2,.78607
1,96237624,3116,639,5,4,1,1,13, , , , , , , , , ,1,3, ,2,7,3,4, , , , ,1,4,6,7, , ,2, , , , ,10,3,1, , , , , ,8,1,1, , , , , ,5,5,5,1,7,14,2,.866866
2,96250174,9274,1184,10,9,1,2,2, , , , , , , , , ,1,3, ,2,7,3,2,4,6, , ,2, , , , , ,2, , , , ,10,3,3,2,3,5, , ,9,88,1, , , , , ,9,5,13,2,4,19,2,.460528
3,98201963,16369,2189,4,3,2, ,12, , , , , , , , , ,1,3, ,2,7,3,3,6, , , ,2, , , , , ,2, , , , ,10,2,1, , , , , ,5,3,1, , , , , ,11,3,13,2,6,7,2,.556392
1,96107439,1409,41,9,8,1,1,4, , , , , , , , , ,1,3, ,2,7,4, , , , , ,1,2,3,4,6, ,2, , , , ,10,0,1, , , , , ,88,1,1, , , , , ,2,3,14,1,1,2,2,2.952099
1,96116567,888,99,6,5,1,1,4, , , , , , , , , ,1,1,2, ,7,4, , , , , ,2, , , , , ,2, , , , ,10,0,1, , , , , ,1,6,1, , , , , ,6,6,3,1,9,2,1,1.249029
1,96161281,4502,347,6,5,1,1,12, , , , , , , , , ,1,3, ,2,7,4, , , , , ,1,2,4,7, , ,2, , , , ,10,0,1, , , , , ,9,4,1, , , , , ,5,5,9,1,7,3,1,1.756403
1,96164456,5328,358,6,5,1,1,12, , , , , , , , , ,1,3, ,2,7,4, , , , , ,2, , , , , ,2, , , , ,10,0,1, , , , , ,9,88,1, , , , , ,4,5,3,2,7,1,1,1.187249
1,96168836,2207,382,6,5,1,1,12, , , , , , , , , ,1,2, , ,7,4, , , , , ,1,2,3,4,5,7,2, , , , ,10,0,1, , , , , ,9,10,1, , , , , ,4,5,5,1,7,4,2,.842639
1,96170483,5853,400,8,7,1,1,13, , , , , , , , , ,1,3, ,1,7,4, , , , , ,1,2,3,4,6, ,2, , , , ,10,0,5,2, , , , ,9,5,1, , , , , ,3,5,14,1,3,1,2,1.380946
1,96246774,4153,683,9,8,1,1,12, , , , , , , , , ,1,1,2, ,7,4, , , , , ,1,2,3,4,6, ,2, , , , ,10,0,11,1,2,5, , ,4,3,1, , , , , ,1,2,14,1,1,9,2,8.669415
2,96139079,7084,896,6,5,1,1,4, , , , , , , , , ,1,3, ,2,7,4, , , , , ,1,2,3,4, , ,2, , , , ,10,0,8,1,5, , , ,1,9,1, , , , , ,3,5,3,1,7,3,1,2.293465
2,96231075,8771,1122,6,5,1,2,12, , , , , , , , , ,1,3, ,2,7,4, , , , , ,2, , , , , ,2, , , , ,10,0,1, , , , , ,8,7,1, , , , , ,5,5,3,2,8,5,1,2.305711
2,97101554,9578,1217,7,6,1,1,12, , , , , , , , , ,1,3, ,1,7,4, , , , , ,1,2,3,4,5, ,2, , , , ,10,0,1, , , , , ,8,7,1, , , , , ,3,5,14,1,2,3,2,1.395229
2,97108934,9964,1270,6,5,1,2,12, , , , , , , , , ,1,3, ,2,7,4, , , , , ,1,2,3,4,5,6,2, , , , ,10,0,1, , , , , ,10,5,1, , , , , ,7,3,5,1,5,1,2,.713827
2,97115887,10314,1323,6,5,1,1,12, , , , , , , , , ,1,3, ,2,7,4, , , , , ,1,4,6, , , ,2, , , , ,10,0,1, , , , , ,1,3,1, , , , , ,4,5,5,1,6,1,2,1.089908
2,97200487,10663,1378,5,4,1,1,12, , , , , , , , , ,1,3, ,2,7,4, , , , , ,1,2,4,5,6, ,2, , , , ,10,0,1, , , , , ,6,88,1, , , , , ,3,3,14,1,2,6,2,1.090684
2,97203683,10842,1399,8,7,1,2,12, , , , , , , , , ,1,3, ,2,7,4, , , , , ,1,2,4,6, , ,2, , , , ,10,0,1, , , , , ,8,6,1, , , , , ,3,5,5,1,5,4,2,1.388215
3,96120464,12505,1648,11,10,1,1,23,25, , , , , , , , ,1,3, ,1,7,4, , , , , ,1,4, , , , ,2, , , , ,10,0,1, , , , , ,9,1,1, , , , , ,5,5,3,2,10,3,2,1.07879
3,96163188,13316,1767,4,3,1,1,12, , , , , , , , , ,1,3, ,2,7,4, , , , , ,1,1,2,3,4,5,2, , , , ,10,0,3,1,3, , , ,6,7,1, , , , , ,5,6,3,2,7,1,2,1.548565
3,96171478,13446,1787,7,6,1,1,12, , , , , , , , , ,1,3, ,1,7,4, , , , , ,1,2,3,4,5,6,2, , , , ,10,0,1, , , , , ,1,5,1, , , , , ,2,3,14,1,2,18,1,4.500644
3,96225428,14101,1890,6,5,1,1,21, , , , , , , , , ,1,3, ,2,7,4, , , , , ,1,2,3,4,6, ,2, , , , ,10,0,1, , , , , ,9,1,1, , , , , ,6,5,4,2,2,9,2,.903937
3,98112888,15479,2062,21,20,1,2,4, , , , , , , , , ,1,3, ,2,7,4, , , , , ,1,2,4,7, , ,2, , , , ,10,0,3,3, , , , ,8,9,1, , , , , ,10,3,13,2,5,10,2,.55699
3,98119269,15807,2110,8,7,1,1,12, , , , , , , , , ,1,3, ,1,7,4, , , , , ,1,2,4, , , ,2, , , , ,10,0,1, , , , , ,9,4,1, , , , , ,7,6,1,2,9,2,1,1.256734
3,98127812,16206,2168,10,9,1,2,2, , , , , , , , , ,1,3, ,2,7,4, , , , , ,2, , , , , ,2, , , , ,10,0,1, , , , , ,10,9,1, , , , , ,10,4,13,2,8,2,1,.505866
3,98226416,17713,2376,5,4,1,1,12, , , , , , , , , ,1,3, ,2,7,4, , , , , ,1,2,3,4, , ,2, , , , ,10,0,1, , , , , ,7,9,1, , , , , ,6,6,3,2,9,9,1,.945541
4,96100204,18124,2437,5,4,1,1,12, , , , , , , , , ,1,3, ,2,7,4, , , , , ,1,2,4, , , ,2, , , , ,10,0,6,1,2, , , ,9,7,1, , , , , ,8,3,8,2,8,1,1,.655402
4,96149065,18965,2557,7,6,1,2,12, , , , , , , , , ,1,3, ,2,7,4, , , , , ,1,2,4, , , ,2, , , , ,10,0,1, , , , , ,9,1,1, , , , , ,7,5,11,2,6,2,2,.693629
4,96166832,19253,2602,5,4,1,1,12, , , , , , , , , ,1,3, ,2,7,4, , , , , ,1,2,4,6, , ,2, , , , ,10,0,1, , , , , ,1,10,1, , , , , ,8,5,3,1,9,3,2,.511189
4,96255415,20438,2756,12,11,1,2,2, , , , , , , , , ,1,3, ,2,7,4, , , , , ,1,2,4,5,6, ,2, , , , ,10,0,1, , , , , ,11,11,1, , , , , ,9,3,13,2,5,16,1,.651357
4,99102454,20647,2790,5,4,1,1,12, , , , , , , , , ,1,3, ,2,7,4, , , , , ,1,2,4, , , ,2, , , , ,10,0,1, , , , , ,5,11,1, , , , , ,8,5,5,2,6,1,2,.513854
4,99107809,20939,2829,7,6,1,1,12, , , , , , , , , ,1,3, ,2,7,4, , , , , ,1,2,3,4,5, ,2, , , , ,10,0,6,2, , , , ,9,4,1, , , , , ,4,5,4,1,7,1,1,2.050463
4,99113737,21212,2857,5,4,2, ,12, , , , , , , , , ,1,3, ,2,7,4, , , , , ,2, , , , , ,2, , , , ,10,0,1, , , , , ,5,6,1, , , , , ,6,5,6,2,9,3,1,1.154285
4,99123161,21705,2929,6,5,1,1,12, , , , , , , , , ,1,3, ,2,7,4, , , , , ,1,2,3,4,6,7,2, , , , ,10,0,1, , , , , ,8,7,1, , , , , ,5,5,9,1,5,10,2,1.674785
4,99201126,22219,2993,6,5,1,1,12, , , , , , , , , ,1,3, ,2,7,4, , , , , ,1,2,3, , , ,2, , , , ,10,0,8,1,2,3,5, ,9,2,1, , , , , ,4,5,6,1,3,6,1,2.178319
4,99202217,22275,3002,22,21,1,2,28,62, , , , , , , , ,1,3, ,2,7,4, , , , , ,1,1,2,3,4,6,2, , , , ,10,0,1, , , , , ,7,12,1, , , , , ,9,3,6,2,8,21,2,.69434
4,99214016,22889,3093,9,8,1,2,2, , , , , , , , , ,1,3, ,2,7,4, , , , , ,1,2, , , , ,2, , , , ,10,0,3,4, , , , ,8,4,1, , , , , ,8,3,13,4,9,8,2,.689009
4,99224848,23397,3151,10,9,1,1,12, , , , , , , , , ,1,3, ,2,7,4, , , , , ,1,2,3,4,6, ,2, , , , ,10,0,1, , , , , ,9,6,1, , , , , ,9,3,13,2,8,15,1,.641121
4,99127219,21872,2955,6,5,1,1,9, , , , , , , , , ,1,3, ,2,7,1,2, , , , ,2, , , , , ,2, , , , ,9,9,1, , , , , ,9,7,1, , , , , ,10,6,13,2,7,1,1,.476503
4,99209700,22672,3060,5,4,1,1,12, , , , , , , , , ,1,3, ,2,7,1,3,4, , , ,2, , , , , ,2, , , , ,9,9,7,2,3,5, , ,88,7,1, , , , , ,7,4,4,2,8,4,2,.513089
1,96115534,5475,97,5,4,1,1,12, , , , , , , , , ,1,3, ,1,7,1,6, , , , ,1,3,6, , , ,2, , , , ,9,8,9,1,2, , , ,88,5,1, , , , , ,6,5,4,2,6,1,2,.610606
1,96145223,5394,270,7,6,1,1,2, , , , , , , , , ,1,3, ,2,7,1,4, , , , ,2, , , , , ,2, , , , ,9,8,1, , , , , ,9,4,1, , , , , ,9,5,13,2,6,1,1,.722843
1,96234672,4106,623,5,4,1,1,7, , , , , , , , , ,1,3, ,2,7,1,4,5,6, , ,2, , , , , ,2, , , , ,9,8,1, , , , , ,1,6,1, , , , , ,9,3,6,2,5,9,1,.559393
2,97103449,9694,1236,5,4,1,1,12, , , , , , , , , ,1,3, ,2,7,1,3, , , , ,2, , , , , ,2, , , , ,9,8,1, , , , , ,88,1,1, , , , , ,10,2,13,2,5,3,2,.383189
3,98107649,15194,2023,6,5,1,1,7, , , , , , , , , ,1,3, ,2,7,1,5, , , , ,2, , , , , ,2, , , , ,9,8,1, , , , , ,9,4,1, , , , , ,11,5,13,2,4,2,2,.548273
4,99112276,21155,2848,5,4,1,1,12, , , , , , , , , ,1,3, ,2,7,1,2, , , , ,2, , , , , ,2, , , , ,9,8,1, , , , , ,1,3,1, , , , , ,5,3,5,2,5,1,2,1.306613
4,99133792,22105,2978,5,4,1,2,9, , , , , , , , , ,1,3, ,2,7,1,2,3, , , ,2, , , , , ,2, , , , ,9,8,1, , , , , ,1,1,1, , , , , ,11,5,13,4,8,10,2,.445346
4,99205959,22479,3025,6,5,1,1,4, , , , , , , , , ,1,3, ,2,7,1,6, , , , ,2, , , , , ,2, , , , ,9,8,1, , , , , ,1,9,1, , , , , ,11,3,13,2,8,4,2,.566448
4,99214225,22896,3096,8,7,1,2,2, , , , , , , , , ,1,3, ,2,7,2,4,6, , , ,2, , , , , ,2, , , , ,9,8,1, , , , , ,1,1,1, , , , , ,11,4,13,2,7,4,1,.471938
1,96105485,5683,29,8,7,1,2,2, , , , , , , , , ,1,3, ,2,7,1,2,3, , , ,2, , , , , ,2, , , , ,9,7,1, , , , , ,10,1,1, , , , , ,9,3,5,2,5,1,2,.514534
3,96127205,12659,1669,5,4,1,1,9, , , , , , , , , ,1,3, ,2,7,1,6, , , , ,2, , , , , ,2, , , , ,9,7,1, , , , , ,1,6,1, , , , , ,11,1,6,2,5,1,1,.391014
3,96135951,12813,1693,4,3,1,1,12, , , , , , , , , ,1,2, , ,7,1,3, , , , ,2, , , , , ,2, , , , ,9,7,5,1,2, , , ,1,9,1, , , , , ,9,5,3,2,7,1,2,.576151
3,98212569,16948,2265,6,5,1,2,8, , , , , , , , , ,1,3, ,2,7,2,2,4, , , ,2, , , , , ,2, , , , ,9,7,1, , , , , ,8,8,1, , , , , ,5,6,5,2,8,4,2,1.34257
3,98231594,17970,2413,6,5,1,1,2, , , , , , , , , ,1,3, ,2,7,2,6, , , , ,2, , , , , ,2, , , , ,9,7,10,1,2,5, , ,9,12,1, , , , , ,8,3,5,2,7,6,2,.729903
1,96107311,4752,40,5,4,1,1,13, , , , , , , , , ,1,3, ,1,7,1,3, , , , ,2, , , , , ,2, , , , ,9,6,1, , , , , ,1,1,1, , , , , ,10,2,13,2,3,3,2,.402068
1,96148194,5022,289,5,4,1,2,13, , , , , , , , , ,1,3, ,2,7,1,1,2,3, , ,1,1,2,3,4, ,2, , , , ,9,6,1, , , , , ,1,9,1, , , , , ,9,6,5,2,10,1,1,.566848
1,96230146,2949,599,8,7,1,2,2, , , , , , , , , ,1,3, ,2,7,1,4, , , , ,2, , , , , ,2, , , , ,9,6,1, , , , , ,9,9,1, , , , , ,9,4,13,2,7,16,1,.723747
3,98227680,17787,2389,5,4,1,1,13, , , , , , , , , ,1,3, ,2,7,1,2, , , , ,2, , , , , ,2, , , , ,9,6,1, , , , , ,1,1,1, , , , , ,11,4,13,2,8,6,1,.393774
4,96155984,19088,2578,6,5,1,1,12, , , , , , , , , ,1,3, ,2,7,1,6, , , , ,2, , , , , ,2, , , , ,9,6,1, , , , , ,6,8,1, , , , , ,11,5,13,2,8,3,1,.470191
2,96149900,7356,936,5,4,1,1,13, , , , , , , , , ,1,3, ,2,7,1,1, , , , ,1,6, , , , ,2, , , , ,9,5,1, , , , , ,7,7,1, , , , , ,7,5,13,2,5,1,1,.854752
3,96116655,12451,1638,5,4,1,2,13, , , , , , , , , ,1,3, ,2,7,1,6, , , , ,2, , , , , ,2, , , , ,9,5,1, , , , , ,1,1,1, , , , , ,10,3,13,4,5,1,2,.345249
4,99204452,22391,3013,6,5,1,2,6, , , , , , , , , ,1,3, ,2,7,2,3, , , , ,1,1, , , , ,2, , , , ,9,2,1, , , , , ,7,2,1, , , , , ,6,5,3,1,8,6,1,1.575075
1,96103562,809,20,7,6,1,1,12, , , , , , , , , ,1,3, ,2,7,4, , , , , ,1,2,4,6, , ,2, , , , ,9,0,1, , , , , ,9,6,1, , , , , ,6,6,3,2,10,2,1,1.249029
1,96174571,1408,419,6,5,1,1,12, , , , , , , , , ,1,3, ,2,7,4, , , , , ,1,2,4, , , ,2, , , , ,9,0,1, , , , , ,1,1,1, , , , , ,3,5,14,1,1,2,1,1.739152
1,96206858,656,472,5,4,1,1,12, , , , , , , , , ,1,3, ,2,7,4, , , , , ,1,2,4,6, , ,2, , , , ,9,0,4,1,5, , , ,9,11,1, , , , , ,6,5,12,1,3,6,2,.61113
2,96129937,6866,859,5,4,1,1,12, , , , , , , , , ,1,3, ,2,7,4, , , , , ,1,2,4, , , ,2, , , , ,9,0,1, , , , , ,1,11,1, , , , , ,6,6,4,2,10,2,1,1.147767
2,96160881,7615,975,17,16,1,1,12, , , , , , , , , ,1,3, ,2,7,4, , , , , ,1,1, , , , ,2, , , , ,9,0,1, , , , , ,10,3,1, , , , , ,9,3,9,2,5,3,2,.802551
1,96101599,5503,10,10,9,1,2,62, , , , , , , , , ,1,3, ,2,7,3,5, , , , ,2, , , , , ,2, , , , ,8,8,1, , , , , ,1,7,1, , , , , ,4,5,9,1,6,1,1,1.307248
3,96122458,12556,1654,4,3,1,2,12, , , , , , , , , ,1,2, , ,7,1,1,2,3,6, ,2, , , , , ,2, , , , ,8,8,2,1,5, , , ,1,4,1, , , , , ,4,5,5,1,7,18,2,1.806925
4,96149727,18979,2560,10,9,1,1,2, , , , , , , , , ,1,3, ,2,7,2,4, , , , ,2, , , , , ,2, , , , ,8,8,1, , , , , ,1,3,1, , , , , ,11,6,13,4,5,3,2,.605352
4,96151594,19012,2567,5,4,1,1,12, , , , , , , , , ,1,3, ,2,7,1,6, , , , ,2, , , , , ,2, , , , ,8,8,1, , , , , ,1,1,1, , , , , ,11,2,13,2,8,3,1,.367971
1,96142620,2190,258,5,4,1,1,12, , , , , , , , , ,1,3, ,2,7,1,3, , , , ,2, , , , , ,2, , , , ,8,7,1, , , , , ,88,9,1, , , , , ,6,5,3,2,7,4,1,.977499
1,96146458,4444,278,6,5,1,1,12, , , , , , , , , ,1,3, ,2,7,1,2,3, , , ,2, , , , , ,2, , , , ,8,7,1, , , , , ,9,9,1, , , , , ,11,2,11,4,7,3,2,.549395
1,96159904,5639,341,5,4,1,1,12, , , , , , , , , ,1,3, ,2,7,1,4, , , , ,2, , , , , ,2, , , , ,8,7,1, , , , , ,1,1,1, , , , , ,10,2,11,2,5,1,2,.402276
1,96164483,1241,359,9,8,1,2,2, , , , , , , , , ,1,3, ,2,7,1,2, , , , ,2, , , , , ,2, , , , ,8,7,1, , , , , ,9,4,1, , , , , ,10,5,11,2,5,2,2,.566589
1,96169443,5038,389,6,5,1,1,2, , , , , , , , , ,1,3, ,2,7,1,4, , , , ,2, , , , , ,2, , , , ,8,7,1, , , , , ,1,1,1, , , , , ,10,6,2,2,10,1,1,.64949
2,96120371,6599,822,5,4,1,1,9, , , , , , , , , ,1,3, ,2,7,1,6, , , , ,2, , , , , ,2, , , , ,8,7,1, , , , , ,1,11,1, , , , , ,6,4,5,2,8,18,2,.768067
2,96171909,7828,1004,6,5,1,2,12, , , , , , , , , ,1,3, ,2,7,1,5, , , , ,2, , , , , ,2, , , , ,8,7,4,2, , , , ,8,1,1, , , , , ,6,5,5,2,5,2,2,.962749
2,96174255,7869,1011,5,4,1,1,9, , , , , , , , , ,1,3, ,2,7,1,6, , , , ,2, , , , , ,2, , , , ,8,7,4,3, , , , ,5,11,1, , , , , ,6,5,5,2,7,2,2,.734352
2,97209556,11153,1438,5,4,1,2,9, , , , , , , , , ,1,2, , ,7,1,4, , , , ,2, , , , , ,2, , , , ,8,7,1, , , , , ,8,1,1, , , , , ,9,5,1,2,9,5,1,.572444
3,96144876,12990,1717,5,4,1,1,12, , , , , , , , , ,1,3, ,2,7,1,4, , , , ,1,6, , , , ,2, , , , ,8,7,1, , , , , ,5,3,1, , , , , ,7,6,3,2,10,2,1,.838541
3,96245948,14550,1945,5,4,1,1,4, , , , , , , , , ,1,3, ,2,7,1,1,4, , , ,1,6, , , , ,2, , , , ,8,7,1, , , , , ,10,6,1, , , , , ,8,5,5,2,10,6,2,.48702
3,98104194,15038,2006,8,7,1,2,2, , , , , , , , , ,1,3, ,2,7,2,3, , , , ,2, , , , , ,2, , , , ,8,7,1, , , , , ,9,7,1, , , , , ,9,3,13,2,6,1,1,.719226
4,99201182,22223,2995,5,4,1,1,12, , , , , , , , , ,1,2, , ,7,1,1, , , , ,2, , , , , ,2, , , , ,8,7,1, , , , , ,11,11,1, , , , , ,5,5,3,2,9,4,1,1.453987
4,99227991,23558,3173,5,4,1,2,13, , , , , , , , , ,1,3, ,2,7,1,2, , , , ,2, , , , , ,2, , , , ,8,7,1, , , , , ,1,1,1, , , , , ,10,5,13,2,8,7,1,.395313
4,99234542,23888,3227,5,4,1,1,12, , , , , , , , , ,1,2, , ,7,1,6, , , , ,2, , , , , ,2, , , , ,8,7,1, , , , , ,9,3,1, , , , , ,8,4,11,2,6,6,2,.545895
1,96106334,5604,33,5,4,1,1,13, , , , , , , , , ,1,3, ,2,7,1,3, , , , ,2, , , , , ,2, , , , ,8,6,1, , , , , ,88,5,1, , , , , ,10,3,13,2,5,1,1,.509325
1,96111623,5388,76,8,7,1,1,5,6, , , , , , , , ,1,2, , ,7,1,1,2,3, , ,1,6, , , , ,2, , , , ,8,6,1, , , , , ,9,88,1, , , , , ,11,5,13,2,6,1,2,.549678
2,96107076,6262,765,5,4,1,1,13, , , , , , , , , ,1,3, ,2,7,1,1,3, , , ,1,1, , , , ,2, , , , ,8,6,1, , , , , ,10,9,1, , , , , ,6,5,4,2,8,1,1,1.125862
2,97121681,10587,1363,5,4,1,1,9, , , , , , , , , ,1,3, ,2,7,1,6, , , , ,2, , , , , ,2, , , , ,8,6,1, , , , , ,88,4,1, , , , , ,11,2,11,2,2,2,2,.442329
2,97200204,10645,1372,5,4,1,1,9, , , , , , , , , ,1,2, , ,7,1,4, , , , ,2, , , , , ,2, , , , ,8,6,1, , , , , ,1,13,1, , , , , ,10,5,13,2,10,9,1,.513607
3,98100140,14801,1977,5,4,1,1,8, , , , , , , , , ,1,3, ,2,7,1,4, , , , ,2, , , , , ,2, , , , ,8,6,1, , , , , ,11,1,1, , , , , ,8,3,7,2,6,10,1,.743441
3,98102794,14951,1995,5,4,1,1,5, , , , , , , , , ,1,3, ,1,7,1,1, , , , ,2, , , , , ,2, , , , ,8,6,1, , , , , ,5,8,1, , , , , ,6,6,4,2,7,1,2,.632236
4,96100830,18132,2438,8,7,1,2,2, , , , , , , , , ,1,3, ,2,7,2,2, , , , ,2, , , , , ,2, , , , ,8,6,1, , , , , ,1,5,1, , , , , ,10,5,13,2,7,1,1,.476503
4,99114025,21231,2860,5,4,1,1,12, , , , , , , , , ,1,3, ,2,7,1,1,2,3, , ,2, , , , , ,2, , , , ,8,6,1, , , , , ,1,9,1, , , , , ,9,6,2,2,10,2,1,.463518
4,99122367,21658,2925,6,4,1,1,12, , , , , , , , , ,1,3, ,2,7,1,1,2,3, , ,2, , , , , ,2, , , , ,8,6,7,1, , , , ,1,1,1, , , , , ,4,5,9,1,6,2,2,1.427197
1,96170043,1003,396,5,4,1,1,9, , , , , , , , , ,1,3, ,1,7,1,4,5, , , ,1,1, , , , ,2, , , , ,8,5,1, , , , , ,8,1,1, , , , , ,11,3,13,2,7,2,1,.505605
2,96122948,6672,832,7,6,1,2,12, , , , , , , , , ,1,3, ,2,7,3,6, , , , ,1,3,4,5, , ,2, , , , ,8,5,5,2,3,5, , ,11,3,1, , , , , ,6,5,1,2,9,1,1,1.476026
4,96244167,20268,2735,6,5,1,1,9, , , , , , , , , ,1,3, ,2,7,3,1,2,3,4, ,1,2,4,5,6, ,2, , , , ,8,5,4,3,5, , , ,1,8,1, , , , , ,9,5,5,2,8,5,2,.531353
3,98229937,17904,2404,5,4,1,2,13, , , , , , , , , ,1,3, ,2,7,1,2, , , , ,2, , , , , ,2, , , , ,8,4,1, , , , , ,1,4,1, , , , , ,11,3,13,2,7,4,1,.373086
1,96110543,979,68,7,6,1,1,12, , , , , , , , , ,1,3, ,2,7,4, , , , , ,1,2,3,4,6, ,2, , , , ,8,0,14,65, , , , ,9,5,1, , , , , ,5,3,4,1,8,2,1,1.762782
1,96122023,5166,137,5,4,1,1,12, , , , , , , , , ,1,3, ,2,7,4, , , , , ,1,2,4,6, , ,2, , , , ,8,0,1, , , , , ,9,5,1, , , , , ,6,5,4,2,8,1,1,.976438
1,96129367,5243,182,20,19,1,2,2,12, , , , , , , , ,1,3, ,2,7,4, , , , , ,1,2, , , , ,2, , , , ,8,0,1, , , , , ,9,6,1, , , , , ,9,4,13,2,7,1,1,1.08591
1,96131105,957,191,8,7,1,1,12, , , , , , , , , ,1,3, ,1,7,4, , , , , ,1,1,4,6, , ,2, , , , ,8,0,1, , , , , ,1,1,1, , , , , ,6,5,3,2,8,2,1,1.249029
1,96132014,2509,198,5,4,1,1,12, , , , , , , , , ,1,3, ,2,7,4, , , , , ,2, , , , , ,2, , , , ,8,0,1, , , , , ,5,8,1, , , , , ,10,4,13,2,4,4,1,.509878
1,96153149,4865,312,7,6,1,1,6, , , , , , , , , ,1,3, ,2,7,4, , , , , ,1,2,4, , , ,2, , , , ,8,0,2,3, , , , ,9,8,1, , , , , ,8,5,11,2,1,3,2,.626503
1,96164986,922,365,5,4,1,1,2, , , , , , , , , ,1,3, ,2,7,4, , , , , ,2, , , , , ,2, , , , ,8,0,1, , , , , ,9,3,1, , , , , ,8,5,11,2,8,2,2,.493083
1,96170125,4777,398,5,4,1,1,12, , , , , , , , , ,1,2, , ,7,4, , , , , ,1,2,3,4,5,6,2, , , , ,8,0,1, , , , , ,7,5,1, , , , , ,2,5,14,1,3,3,2,2.094899
1,96251372,316,696,7,6,1,1,8, , , , , , , , , ,1,3, ,2,7,4, , , , , ,1,1,2,4, , ,2, , , , ,8,0,12,1,3,5, , ,6,10,1, , , , , ,6,5,3,1,7,6,1,1.246221
1,96255004,3288,715,5,4,1,1,12, , , , , , , , , ,1,2, , ,7,4, , , , , ,1,4, , , , ,2, , , , ,8,0,1, , , , , ,4,11,1, , , , , ,7,4,9,2,8,13,1,.798627
2,96121444,6631,829,9,8,1,1,12, , , , , , , , , ,1,3, ,2,7,4, , , , , ,1,2,4,6,7, ,2, , , , ,8,0,1, , , , , ,8,6,1, , , , , ,6,5,11,2,3,2,2,.885056
2,96221937,8530,1097,5,4,1,1,12, , , , , , , , , ,1,3, ,2,7,4, , , , , ,2, , , , , ,2, , , , ,8,0,1, , , , , ,9,10,1, , , , , ,10,6,13,2,5,14,1,.526387
2,97115144,10269,1319,8,7,1,1,12, , , , , , , , , ,1,3, ,2,7,4, , , , , ,2, , , , , ,2, , , , ,8,0,1, , , , , ,8,14,1, , , , , ,9,3,13,1,1,10,2,.461165
2,97202358,10768,1393,5,4,1,1,12, , , , , , , , , ,1,2, , ,7,4, , , , , ,2, , , , , ,2, , , , ,8,0,1, , , , , ,7,9,1, , , , , ,4,5,4,1,6,4,1,1.28444
3,96106094,12230,1592,4,3,1,2,12, , , , , , , , , ,1,3, ,2,7,4, , , , , ,1,2,3,4,6, ,2, , , , ,8,0,1, , , , , ,5,7,1, , , , , ,9,5,3,2,9,2,1,.83371
3,96156150,13188,1749,4,3,1,1,12, , , , , , , , , ,1,3, ,2,7,4, , , , , ,1,1,2, , , ,2, , , , ,8,0,1, , , , , ,7,3,1, , , , , ,9,4,13,2,8,1,2,.576151
3,96250174,14616,1952,5,4,1,2,12, , , , , , , , , ,1,3, ,2,7,4, , , , , ,1,3, , , , ,2, , , , ,8,0,1, , , , , ,9,7,1, , , , , ,9,5,13,2,4,19,2,.317881
3,98107667,15195,2025,3,2,1,1,3, , , , , , , , , ,1,3, ,2,7,4, , , , , ,1,2,3,4,6, ,2, , , , ,8,0,1, , , , , ,9,7,1, , , , , ,6,4,6,1,6,2,2,.872762
3,98228030,17809,2391,5,4,1,1,12, , , , , , , , , ,1,3, ,2,7,4, , , , , ,1,2,4,6,7, ,2, , , , ,8,0,1, , , , , ,7,8,1, , , , , ,4,5,9,1,8,4,1,1.437551
4,96170466,19301,2612,3,2,1,2,1, , , , , , , , , ,1,3, ,2,7,4, , , , , ,1,2,4, , , ,2, , , , ,8,0,1, , , , , ,3,6,1, , , , , ,10,5,11,2,7,2,2,1.069486
1,96171914,4765,407,5,4,1,1,4, , , , , , , , , ,1,3, ,2,7,1,3, , , , ,2, , , , , ,2, , , , ,7,6,1, , , , , ,1,1,1, , , , , ,11,2,11,2,3,3,2,.430831
1,96229895,4026,598,5,4,1,1,9, , , , , , , , , ,1,3, ,2,7,1,6, , , , ,2, , , , , ,2, , , , ,7,6,6,1, , , , ,1,9,1, , , , , ,8,4,1,2,9,9,1,.786754
1,96241891,4043,666,6,5,1,1,5, , , , , , , , , ,1,2, , ,7,1,1,2,3,5, ,2, , , , , ,2, , , , ,7,6,1, , , , , ,1,7,1, , , , , ,6,6,3,1,8,9,2,.768402
1,96253696,3445,709,5,4,1,1,9, , , , , , , , , ,1,3, ,2,7,1,1,2,3, , ,2, , , , , ,2, , , , ,7,6,4,1,2,5, , ,9,1,1, , , , , ,9,4,11,2,7,12,2,.403856
2,96128354,6827,855,5,4,1,1,9, , , , , , , , , ,1,3, ,2,7,1,3, , , , ,2, , , , , ,2, , , , ,7,6,1, , , , , ,7,7,1, , , , , ,10,1,13,2,3,2,1,.536518
2,96147853,7302,926,5,4,1,1,4, , , , , , , , , ,1,3, ,2,7,1,3, , , , ,2, , , , , ,2, , , , ,7,6,1, , , , , ,88,1,1, , , , , ,11,1,13,2,6,3,2,.426187
2,96218451,8435,1087,5,4,1,1,2, , , , , , , , , ,1,3, ,2,7,3,1,2,3, , ,2, , , , , ,2, , , , ,7,6,1, , , , , ,9,4,1, , , , , ,10,4,11,2,2,11,2,.378363
2,97102593,9645,1225,4,3,1,1,12, , , , , , , , , ,1,1,5, ,7,1,1,5, , , ,2, , , , , ,2, , , , ,7,6,1, , , , , ,8,9,1, , , , , ,9,3,13,4,5,1,2,.616644
2,97117249,10384,1330,5,4,1,1,9, , , , , , , , , ,1,3, ,2,7,1,4, , , , ,2, , , , , ,2, , , , ,7,6,1, , , , , ,5,1,1, , , , , ,11,1,13,2,6,18,1,.52548
2,97210793,11209,1446,5,4,1,1,13, , , , , , , , , ,1,2, , ,7,1,3, , , , ,2, , , , , ,2, , , , ,7,6,1, , , , , ,8,1,1, , , , , ,4,5,3,1,9,4,2,.812486
3,98211609,16881,2256,6,5,1,2,9, , , , , , , , , ,1,3, ,2,7,3,2,3, , , ,2, , , , , ,2, , , , ,7,6,1, , , , , ,9,9,1, , , , , ,10,1,4,2,6,4,2,.493706
4,96235299,20095,2719,5,4,1,1,13, , , , , , , , , ,1,3, ,2,7,1,1,2,3,4,5,2, , , , , ,2, , , , ,7,6,8,1,2, , , ,7,2,1, , , , , ,9,2,13,2,5,6,2,.442403
4,99121269,21598,2917,8,7,1,2,2, , , , , , , , , ,1,3, ,2,7,2,2, , , , ,2, , , , , ,2, , , , ,7,6,1, , , , , ,1,1,1, , , , , ,9,3,13,2,9,1,2,.532119
4,99231793,23758,3211,6,5,1,1,4, , , , , , , , , ,1,3, ,2,7,1,2, , , , ,2, , , , , ,2, , , , ,7,6,1, , , , , ,1,9,1, , , , , ,8,4,11,2,3,4,2,.655622
1,96140432,3783,248,4,3,1,1,12, , , , , , , , , ,1,3, ,2,7,1,6, , , , ,2, , , , , ,2, , , , ,7,5,1, , , , , ,1,1,1, , , , , ,11,4,11,4,6,10,2,.675701
1,96166287,5893,372,5,4,1,1,13, , , , , , , , , ,1,3, ,2,7,1,1,2,3,4, ,2, , , , , ,2, , , , ,7,5,1, , , , , ,5,4,1, , , , , ,11,3,13,2,2,1,2,.431053
1,96218451,3693,541,5,4,1,1,9, , , , , , , , , ,1,3, ,2,7,1,3, , , , ,2, , , , , ,2, , , , ,7,5,1, , , , , ,9,9,1, , , , , ,10,4,11,2,1,11,2,.403795
2,96149914,7357,937,7,6,1,1,2, , , , , , , , , ,1,3, ,2,7,3,3, , , , ,2, , , , , ,2, , , , ,7,5,1, , , , , ,9,10,1, , , , , ,10,3,11,2,6,4,2,.499843
3,96231809,14240,1909,5,4,1,1,12, , , , , , , , , ,1,3, ,2,7,1,6, , , , ,2, , , , , ,2, , , , ,7,5,1, , , , , ,1,9,1, , , , , ,8,3,11,2,5,6,2,.48702
3,98108394,15244,2033,5,4,1,2,13, , , , , , , , , ,1,3, ,2,7,1,4, , , , ,2, , , , , ,2, , , , ,7,5,1, , , , , ,1,1,1, , , , , ,10,1,13,2,5,1,2,.345249
4,96117823,18445,2475,5,4,1,1,9, , , , , , , , , ,1,3, ,2,7,1,2,3, , , ,2, , , , , ,2, , , , ,7,5,1, , , , , ,9,5,1, , , , , ,11,3,13,2,6,1,2,.443962
4,99125430,21806,2943,8,7,1,2,2, , , , , , , , , ,1,3, ,2,7,2,2, , , , ,2, , , , , ,2, , , , ,7,5,1, , , , , ,1,1,1, , , , , ,11,3,13,2,7,1,1,.472641
4,99208669,22622,3053,5,4,1,2,9, , , , , , , , , ,1,2, , ,7,1,4, , , , ,2, , , , , ,2, , , , ,7,5,1, , , , , ,1,2,1, , , , , ,11,1,13,2,5,6,1,.392953
4,99236916,24002,3241,5,4,1,1,12, , , , , , , , , ,1,3, ,2,7,1,1,2,3, , ,1,6, , , , ,2, , , , ,7,5,1, , , , , ,1,9,1, , , , , ,8,4,5,1,7,4,2,.513089
1,96227884,168,590,5,4,2, ,12, , , , , , , , , ,1,3, ,2,7,1,6, , , , ,2, , , , , ,2, , , , ,7,4,1, , , , , ,88,88,1, , , , , ,10,3,8,2,8,6,2,.402621
3,96119790,12491,1644,6,5,1,1,9, , , , , , , , , ,1,3, ,2,7,1,1,3,4, , ,2, , , , , ,2, , , , ,7,4,1, , , , , ,8,9,1, , , , , ,6,4,5,2,6,1,2,.947542
1,96121619,3716,133,14,13,1,1,12, , , , , , , , , ,1,3, ,1,7,4, , , , , ,1,2,3,4,6, ,2, , , , ,7,0,4,1,2,3,5, ,5,11,1, , , , , ,6,6,1,2,9,10,2,.857574
1,96165857,4377,370,6,5,1,1,4, , , , , , , , , ,1,3, ,2,7,4, , , , , ,1,2,3,4,5,6,2, , , , ,7,0,2,3, , , , ,9,8,1, , , , , ,10,5,13,2,8,3,2,.512717
1,96246009,306,677,11,10,1,1,12, , , , , , , , , ,1,3, ,2,7,4, , , , , ,1,2,3,4,6, ,2, , , , ,7,0,10,1,2,5, , ,9,6,1, , , , , ,6,5,4,1,7,6,2,.858079
1,96253766,3676,711,5,4,1,2,12, , , , , , , , , ,1,3, ,2,7,4, , , , , ,1,2,4,6, , ,2, , , , ,7,0,1, , , , , ,9,10,1, , , , , ,3,5,12,1,3,11,1,1.364731
2,96129495,6854,858,5,4,1,1,13, , , , , , , , , ,1,3, ,2,7,4, , , , , ,1,2,4, , , ,2, , , , ,7,0,1, , , , , ,1,3,1, , , , , ,10,4,13,2,3,1,1,.526279
2,97117800,10409,1334,5,4,1,1,5, , , , , , , , , ,1,3, ,2,7,4, , , , , ,1,2,3,4, , ,2, , , , ,7,0,1, , , , , ,9,7,1, , , , , ,4,6,5,1,7,1,2,.831345
2,97118121,10419,1337,4,3,1,1,6, , , , , , , , , ,1,3, ,2,7,4, , , , , ,1,2,3,4, , ,2, , , , ,7,0,1, , , , , ,7,1,1, , , , , ,5,5,4,1,7,2,1,2.921477
2,97200392,10657,1375,6,5,1,2,13, , , , , , , , , ,1,3, ,2,7,4, , , , , ,1,2,3,4,6, ,2, , , , ,7,0,1, , , , , ,9,9,1, , , , , ,4,5,5,1,7,4,2,1.065184
3,96120857,12512,1649,5,4,1,2,13, , , , , , , , , ,1,3, ,2,7,4, , , , , ,1,2,3,4,6, ,2, , , , ,7,0,2,3,5, , , ,1,7,1, , , , , ,4,6,3,1,9,2,2,1.114927
3,96128286,12674,1670,21,20,1,1,2, , , , , , , , , ,1,3, ,2,7,4, , , , , ,1,2, , , , ,2, , , , ,7,0,1, , , , , ,9,3,1, , , , , ,10,5,13,2,5,1,1,.736326
3,98122376,15959,2132,6,5,1,1,12, , , , , , , , , ,1,3, ,1,7,4, , , , , ,1,2,4,6, , ,2, , , , ,7,0,1, , , , , ,7,4,1, , , , , ,7,3,4,2,7,1,1,1.19317
3,98220469,17427,2337,7,6,1,2,12, , , , , , , , , ,1,3, ,2,7,4, , , , , ,1,1,2,3,4,6,2, , , , ,7,0,1, , , , , ,5,11,1, , , , , ,6,6,3,2,9,15,1,1.572771
3,98234432,18109,2434,4,3,1,1,6, , , , , , , , , ,1,1,5, ,7,4, , , , , ,1,2,4,6, , ,2, , , , ,7,0,3,1, , , , ,2,6,1, , , , , ,6,4,1,2,5,4,2,.995
4,96169609,19291,2608,7,6,1,1,12, , , , , , , , , ,1,3, ,2,7,4, , , , , ,1,2,3,4,5,6,2, , , , ,7,0,1, , , , , ,1,4,1, , , , , ,8,5,13,2,4,3,2,.653195
4,99121795,21627,2921,7,6,1,1,12, , , , , , , , , ,1,3, ,2,7,4, , , , , ,2, , , , , ,2, , , , ,7,0,1, , , , , ,1,4,1, , , , , ,4,6,5,1,6,2,2,1.823663
4,99129176,21945,2966,7,6,1,1,12, , , , , , , , , ,1,3, ,2,7,4, , , , , ,1,2,4, , , ,2, , , , ,7,0,12,1,2,3,4, ,1,11,1, , , , , ,6,6,5,2,8,1,2,1.23353
4,99206681,22514,3032,5,4,1,1,13, , , , , , , , , ,1,3, ,2,7,4, , , , , ,1,1,2,3,4,6,2, , , , ,7,0,2,1,5, , , ,4,6,1, , , , , ,6,3,5,1,6,5,1,1.158631
1,96158342,1143,335,5,4,1,1,5, , , , , , , , , ,1,3, ,2,7,1,6, , , , ,2, , , , , ,2, , , , ,6,6,1, , , , , ,9,1,1, , , , , ,7,4,5,2,6,2,2,.493083
3,96136895,12826,1695,5,4,1,1,13, , , , , , , , , ,1,3, ,2,7,1,1,2,3, , ,2, , , , , ,2, , , , ,6,6,1, , , , , ,1,1,1, , , , , ,11,3,11,4,5,4,2,.331401
3,96139474,12877,1707,5,4,1,2,12, , , , , , , , , ,1,3, ,2,7,1,3, , , , ,1,1,2,4, , ,2, , , , ,6,6,1, , , , , ,1,1,1, , , , , ,11,5,13,2,7,4,1,.373086
3,96219771,13974,1869,5,4,1,1,4, , , , , , , , , ,1,3, ,2,7,1,2, , , , ,2, , , , , ,2, , , , ,6,6,1, , , , , ,1,1,1, , , , , ,9,2,11,2,1,19,2,.317881
3,96236228,14350,1917,8,7,1,1,2, , , , , , , , , ,1,3, ,2,7,2,4, , , , ,2, , , , , ,2, , , , ,6,6,1, , , , , ,11,5,1, , , , , ,11,3,11,2,2,6,2,.524216
4,96151594,19012,2566,5,4,1,1,5, , , , , , , , , ,1,3, ,2,7,1,2,3,6, , ,2, , , , , ,2, , , , ,6,6,1, , , , , ,1,1,1, , , , , ,11,2,13,2,8,3,1,.367971
4,99115497,21313,2876,5,4,1,1,9, , , , , , , , , ,1,3, ,2,7,1,3,4, , , ,2, , , , , ,2, , , , ,6,6,1, , , , , ,10,1,1, , , , , ,10,3,2,3,9,1,1,.372911
4,99203734,22345,3007,5,4,1,2,9, , , , , , , , , ,1,3, ,2,7,1,4, , , , ,2, , , , , ,2, , , , ,6,6,1, , , , , ,1,1,1, , , , , ,10,2,13,2,2,5,1,.372374
1,96119693,5181,120,5,4,1,2,6, , , , , , , , , ,1,2, , ,7,1,1,5, , , ,2, , , , , ,2, , , , ,6,5,1, , , , , ,1,5,1, , , , , ,6,5,3,2,8,1,1,.976438
1,96169086,5648,388,5,4,1,1,4, , , , , , , , , ,1,3, ,2,7,1,6, , , , ,2, , , , , ,2, , , , ,6,5,1, , , , , ,4,7,1, , , , , ,10,2,10,2,5,1,2,.402276
1,96222692,3165,568,5,4,1,2,9, , , , , , , , , ,1,3, ,2,7,1,3, , , , ,2, , , , , ,2, , , , ,6,5,2,3, , , , ,1,7,1, , , , , ,6,4,5,1,6,14,2,.612369
2,96101599,6099,745,5,4,1,1,7, , , , , , , , , ,1,3, ,2,7,2,3, , , , ,2, , , , , ,2, , , , ,6,5,5,2, , , , ,1,8,1, , , , , ,4,5,3,2,8,1,1,1.314253
2,96237656,8973,1153,5,4,3, ,2, , , , , , , , , ,1,3, ,2,7,1,6, , , , ,2, , , , , ,2, , , , ,6,5,1, , , , , ,1,1,1, , , , , ,11,1,13,2,4,22,1,.03881
3,96107501,12258,1599,5,4,1,1,4, , , , , , , , , ,1,3, ,2,7,1,6, , , , ,2, , , , , ,2, , , , ,6,5,1, , , , , ,1,3,1, , , , , ,7,6,4,1,9,2,2,.509369
3,98231946,17984,2417,5,4,1,1,5,6, , , , , , , , ,1,3, ,2,7,1,1,3, , , ,1,1,6, , , ,2, , , , ,6,5,6,1, , , , ,1,6,1, , , , , ,7,3,9,2,7,8,1,.802831
4,96175095,19364,2620,5,4,1,1,9, , , , , , , , , ,1,3, ,2,7,1,3, , , , ,2, , , , , ,2, , , , ,6,5,1, , , , , ,1,2,1, , , , , ,7,3,12,3,5,4,1,.654426
4,99102332,20643,2789,5,4,1,2,9, , , , , , , , , ,1,3, ,2,7,1,3, , , , ,2, , , , , ,1,1,2,3,4,6,5,1, , , , , ,1,8,1, , , , , ,8,4,3,2,8,3,2,.511189
1,96172179,1983,409,5,4,1,2,4, , , , , , , , , ,1,1,2, ,7,1,5, , , , ,1,1, , , , ,2, , , , ,6,4,1, , , , , ,1,7,1, , , , , ,5,5,3,2,10,4,2,.865308
2,97222894,11788,1524,6,5,1,2,4, , , , , , , , , ,1,3, ,2,7,1,1,2,3, , ,2, , , , , ,2, , , , ,6,4,1, , , , , ,88,88,1, , , , , ,7,3,4,2,7,6,1,1.128066
3,98109457,15306,2047,4,3,1,1,1, , , , , , , , , ,1,2, , ,7,2,3, , , , ,2, , , , , ,2, , , , ,6,4,1, , , , , ,11,4,1, , , , , ,7,5,5,2,5,3,2,.813353
3,98218092,17277,2318,8,7,1,2,2, , , , , , , , , ,1,2, , ,7,3,1, , , , ,1,6, , , , ,2, , , , ,6,2,6,1,3,5, , ,6,10,1, , , , , ,5,5,4,2,5,4,2,1.34257
1,96116684,5350,102,5,4,1,2,12, , , , , , , , , ,1,3, ,2,7,4, , , , , ,1,2,4,6, , ,2, , , , ,6,0,1, , , , , ,7,4,1, , , , , ,4,5,5,1,7,1,2,.660074
1,96124075,5409,157,5,4,1,1,12, , , , , , , , , ,1,3, ,2,7,4, , , , , ,2, , , , , ,2, , , , ,6,0,1, , , , , ,8,7,1, , , , , ,10,1,13,2,6,1,1,.509325
1,96139239,4585,241,4,3,1,1,6, , , , , , , , , ,1,3, ,2,7,4, , , , , ,1,2,3,4, , ,2, , , , ,6,0,1, , , , , ,7,3,1, , , , , ,6,6,1,2,6,3,2,.956409
1,96149520,3748,295,5,4,1,1,4, , , , , , , , , ,1,3, ,2,7,4, , , , , ,1,1,2,4, , ,2, , , , ,6,0,1, , , , , ,8,11,1, , , , , ,6,5,3,1,8,10,1,.976702
1,96160127,4365,342,5,4,1,1,12, , , , , , , , , ,1,1,1, ,7,4, , , , , ,1,2,4,7, , ,2, , , , ,6,0,1, , , , , ,6,3,1, , , , , ,5,6,3,1,9,3,1,1.377358
1,96214123,470,506,7,6,1,2,2, , , , , , , , , ,1,3, ,2,7,4, , , , , ,1,2,4, , , ,2, , , , ,6,0,1, , , , , ,1,2,1, , , , , ,5,5,1,1,6,6,2,1.103189
2,96127478,6805,848,5,4,1,1,12, , , , , , , , , ,1,3, ,2,7,4, , , , , ,1,2,4,7, , ,2, , , , ,6,0,1, , , , , ,1,4,1, , , , , ,8,3,5,2,6,3,2,.53482
2,96156744,7513,959,8,7,1,1,12, , , , , , , , , ,1,3, ,2,7,4, , , , , ,1,2,3,6, , ,2, , , , ,6,0,1, , , , , ,9,4,1, , , , , ,9,5,13,2,5,3,1,.743415
2,96160253,7598,973,5,4,1,1,13, , , , , , , , , ,1,3, ,2,7,4, , , , , ,1,2,3,4,6, ,2, , , , ,6,0,1, , , , , ,1,9,1, , , , , ,6,5,1,1,9,1,2,.720337
2,96260097,9477,1203,5,4,1,1,12, , , , , , , , , ,1,3, ,2,7,4, , , , , ,1,2,3,4,6, ,2, , , , ,6,0,5,1,2,5, , ,7,2,1, , , , , ,7,5,11,2,5,6,2,.548113
2,97102719,9650,1226,5,4,1,1,12, , , , , , , , , ,1,3, ,2,7,4, , , , , ,1,2,4,6, , ,2, , , , ,6,0,1, , , , , ,10,7,1, , , , , ,8,4,4,2,8,1,1,.854752
3,96121140,12519,1650,5,4,1,1,12, , , , , , , , , ,1,3, ,1,7,4, , , , , ,1,3, , , , ,2, , , , ,6,0,1, , , , , ,6,10,1, , , , , ,6,3,9,2,6,10,2,.590395
3,96169706,13418,1781,8,7,1,1,12, , , , , , , , , ,1,3, ,2,7,4, , , , , ,1,1,2,3,4,6,2, , , , ,6,0,1, , , , , ,4,3,1, , , , , ,5,6,3,2,10,1,1,2.21846
3,96174224,13486,1798,12,11,1,2,2, , , , , , , , , ,1,3, ,2,7,4, , , , , ,1,2,3,4,6, ,2, , , , ,6,0,1, , , , , ,1,4,1, , , , , ,8,3,11,2,5,2,2,.573995
3,96211989,13805,1846,6,5,1,1,12, , , , , , , , , ,1,3, ,2,7,4, , , , , ,1,2,3,4,5,6,2, , , , ,6,0,1, , , , , ,11,6,1, , , , , ,5,5,5,1,6,6,2,1.417018
3,98103317,14985,2002,7,6,1,2,12, , , , , , , , , ,1,3, ,1,7,4, , , , , ,1,2,4,6,7, ,2, , , , ,6,0,1, , , , , ,88,7,1, , , , , ,1,2,14,1,1,1,2,10.100831
3,98103674,15005,2003,5,4,1,1,6, , , , , , , , , ,1,3, ,2,7,4, , , , , ,1,2,4, , , ,2, , , , ,6,0,1, , , , , ,7,2,1, , , , , ,7,5,6,2,7,3,2,.493119
3,98114551,15563,2078,5,4,1,2,12, , , , , , , , , ,1,3, ,1,7,4, , , , , ,1,2,4,5, , ,2, , , , ,6,0,1, , , , , ,8,5,1, , , , , ,5,5,3,1,8,3,2,.95733
3,98115703,15618,2084,5,4,1,1,12, , , , , , , , , ,1,2, , ,7,4, , , , , ,1,2,3,4, , ,2, , , , ,6,0,1, , , , , ,8,11,1, , , , , ,5,5,1,2,6,10,1,1.382279
3,98127035,16181,2161,4,3,1,2,12, , , , , , , , , ,1,3, ,1,7,4, , , , , ,1,2,6, , , ,2, , , , ,6,0,1, , , , , ,5,5,1, , , , , ,6,6,4,2,8,2,1,1.721904
3,98201299,16334,2183,9,8,1,2,12, , , , , , , , , ,1,3, ,2,7,4, , , , , ,1,2,3,4,6, ,2, , , , ,6,0,2,5, , , , ,9,10,1, , , , , ,3,5,5,1,5,9,2,1.837515
3,98212079,16915,2259,5,4,1,1,12, , , , , , , , , ,1,3, ,2,7,4, , , , , ,1,2,4,6, , ,2, , , , ,6,0,1, , , , , ,9,5,1, , , , , ,6,5,5,2,5,5,2,.614503
4,96156150,19091,2579,3,2,1,1,12, , , , , , , , , ,1,3, ,2,7,4, , , , , ,1,2, , , , ,2, , , , ,6,0,1, , , , , ,6,10,1, , , , , ,9,4,13,2,7,1,2,1.009572
4,96211936,19635,2658,5,4,1,1,12, , , , , , , , , ,1,3, ,2,7,4, , , , , ,1,2,4,6,7, ,2, , , , ,6,0,1, , , , , ,4,12,1, , , , , ,6,5,3,2,6,14,2,.990622
4,99119541,21506,2907,7,6,1,2,12, , , , , , , , , ,1,3, ,2,7,4, , , , , ,1,2,3,4, , ,2, , , , ,6,0,1, , , , , ,9,4,1, , , , , ,8,4,11,2,6,1,2,.656599
1,96203200,4919,454,5,4,2,2,12, , , , , , , , , ,1,2, , ,7,1,2, , , , ,2, , , , , ,2, , , , ,5,5,1, , , , , ,1,2,1, , , , , ,10,5,13,2,7,7,1,.511121
1,96217523,4980,531,5,4,1,1,9, , , , , , , , , ,1,3, ,2,7,1,1, , , , ,2, , , , , ,1,1, , , ,5,5,1, , , , , ,8,11,1, , , , , ,9,3,5,2,4,7,2,.404916
2,96106334,6247,763,5,4,1,2,13, , , , , , , , , ,1,3, ,2,7,2,3, , , , ,2, , , , , ,2, , , , ,5,5,1, , , , , ,9,8,1, , , , , ,10,3,13,2,5,1,1,.526279
3,96139474,12877,1708,5,4,1,2,13, , , , , , , , , ,1,3, ,2,7,1,1,3, , , ,1,1,2,4, , ,2, , , , ,5,5,1, , , , , ,1,6,1, , , , , ,11,5,13,2,7,4,1,.373086
1,96149914,2259,298,7,6,1,1,2, , , , , , , , , ,1,3, ,2,7,1,4, , , , ,2, , , , , ,2, , , , ,5,4,1, , , , , ,9,7,1, , , , , ,10,3,11,2,6,4,2,.513538
2,96139474,7092,898,5,4,1,2,13, , , , , , , , , ,1,3, ,2,7,1,4,6, , , ,2, , , , , ,2, , , , ,5,4,1, , , , , ,1,7,1, , , , , ,11,5,13,2,6,4,1,.481645
2,97118491,10445,1343,5,4,1,2,2, , , , , , , , , ,1,3, ,2,7,1,6, , , , ,2, , , , , ,2, , , , ,5,4,6,2, , , , ,1,9,1, , , , , ,9,4,13,2,6,2,2,.389074
4,96144072,18895,2543,4,3,1,1,13, , , , , , , , , ,1,3, ,2,7,1,3, , , , ,2, , , , , ,2, , , , ,5,3,1, , , , , ,1,1,1, , , , , ,11,3,13,2,2,2,2,.882825
4,99223914,23362,3144,4,3,1,2,13, , , , , , , , , ,1,3, ,2,7,3,1,2,3,5, ,2, , , , , ,2, , , , ,5,3,1, , , , , ,9,3,1, , , , , ,6,5,1,1,6,6,1,2.320289
1,96110011,5119,63,5,4,1,1,4, , , , , , , , , ,1,3, ,2,7,4, , , , , ,1,1,2,4,6, ,2, , , , ,5,0,1, , , , , ,8,6,1, , , , , ,6,5,4,3,8,1,2,.610606
1,96204348,4204,462,5,4,1,1,9, , , , , , , , , ,1,2, , ,7,4, , , , , ,1,1,2,4, , ,2, , , , ,5,0,4,1, , , , ,9,7,1, , , , , ,4,5,3,1,8,8,2,.664428
1,96212421,4942,498,5,4,1,1,12, , , , , , , , , ,1,3, ,2,7,4, , , , , ,1,2,4,6,7, ,2, , , , ,5,0,1, , , , , ,5,2,1, , , , , ,5,5,9,2,6,7,1,1.382927
1,96233302,439,614,5,4,1,2,12, , , , , , , , , ,1,3, ,2,7,4, , , , , ,1,4,6, , , ,2, , , , ,5,0,1, , , , , ,8,11,1, , , , , ,4,5,6,1,6,6,2,.660641
2,96120464,6602,823,5,4,1,1,12, , , , , , , , , ,1,1,3, ,7,4, , , , , ,1,2,4, , , ,2, , , , ,5,0,1, , , , , ,1,2,1, , , , , ,5,5,3,2,10,3,2,1.126926
2,96128286,6824,853,12,11,1,1,2, , , , , , , , , ,1,3, ,2,7,4, , , , , ,1,2,4, , , ,2, , , , ,5,0,1, , , , , ,9,2,1, , , , , ,10,5,13,2,4,1,1,.634282
3,96224674,14084,1887,4,3,1,1,3, , , , , , , , , ,1,3, ,2,7,4, , , , , ,1,2,4,6, , ,2, , , , ,5,0,1, , , , , ,1,9,1, , , , , ,9,5,13,2,5,19,2,.524315
3,96240818,14445,1931,3,2,1,2,1, , , , , , , , , ,1,2, , ,7,4, , , , , ,1,2,3,4, , ,2, , , , ,5,0,1, , , , , ,1,9,1, , , , , ,7,3,6,4,6,11,2,.606504
3,98125713,16114,2152,4,3,1,1,12, , , , , , , , , ,1,3, ,2,7,4, , , , , ,1,2,4,7, , ,2, , , , ,5,0,1, , , , , ,8,4,1, , , , , ,6,3,6,2,7,1,2,1.042814
4,96135621,18755,2524,5,4,1,1,4, , , , , , , , , ,1,3, ,2,7,4, , , , , ,1,2,3,4, , ,2, , , , ,5,0,1, , , , , ,9,8,1, , , , , ,5,6,3,1,7,4,1,1.453987
4,96203552,19477,2632,7,6,1,1,4, , , , , , , , , ,1,3, ,2,7,4, , , , , ,1,2,3,4,5,6,2, , , , ,5,0,1, , , , , ,5,8,1, , , , , ,5,5,4,2,8,13,2,1.587848
4,96204473,19494,2636,5,4,1,1,13, , , , , , , , , ,1,3, ,2,7,4, , , , , ,1,3,6, , , ,2, , , , ,5,0,4,1,3, , , ,9,8,1, , , , , ,5,4,12,1,5,7,2,1.385106
4,99119520,21505,2906,5,4,1,1,13, , , , , , , , , ,1,3, ,2,7,4, , , , , ,1,2,3,4,6, ,2, , , , ,5,0,1, , , , , ,7,1,1, , , , , ,5,6,3,2,9,3,2,1.299838
4,99128126,21906,2960,5,4,1,1,3, , , , , , , , , ,1,3, ,2,7,4, , , , , ,1,2,4, , , ,2, , , , ,5,0,1, , , , , ,7,6,1, , , , , ,9,2,13,2,4,1,2,.416436
2,96226051,8641,1110,6,5,3, ,2, , , , , , , , , ,1,3, ,2,7,3,4, , , , ,2, , , , , ,2, , , , ,4,88,1, , , , , ,10,88,1, , , , , ,8,3,11,2,1,6,2,.718586
1,96135951,5487,224,5,4,1,1,13, , , , , , , , , ,1,3, ,1,7,1,2, , , , ,2, , , , , ,2, , , , ,4,4,3,1, , , , ,1,3,1, , , , , ,9,5,3,2,6,1,2,.403493
1,96168879,2309,383,5,4,1,1,2, , , , , , , , , ,1,3, ,2,7,1,3,4, , , ,2, , , , , ,2, , , , ,4,4,1, , , , , ,1,9,1, , , , , ,7,4,5,2,6,4,2,.492086
2,96254276,9368,1191,9,8,1,2,2, , , , , , , , , ,1,3, ,2,7,3,1, , , , ,1,6, , , , ,2, , , , ,4,3,1, , , , , ,9,3,1, , , , , ,8,4,4,2,6,8,1,.975126
2,97230103,12043,1561,4,3,1,1,6, , , , , , , , , ,1,1,3, ,7,2,1,3, , , ,2, , , , , ,2, , , , ,4,3,1, , , , , ,9,6,1, , , , , ,6,4,4,2,7,4,1,1.777836
3,98108831,15263,2036,5,4,1,1,9, , , , , , , , , ,1,3, ,2,7,1,2,3, , , ,2, , , , , ,2, , , , ,4,3,1, , , , , ,8,2,1, , , , , ,8,4,5,2,6,3,1,.811789
3,98126765,16164,2159,7,6,1,2,60, , , , , , , , , ,1,3, ,2,7,1,5, , , , ,2, , , , , ,2, , , , ,4,3,1, , , , , ,11,1,1, , , , , ,8,5,8,2,10,18,1,1.234837
3,98108852,15265,2037,5,4,1,1,9, , , , , , , , , ,1,3, ,1,7,1,6, , , , ,2, , , , , ,2, , , , ,4,2,1, , , , , ,1,3,1, , , , , ,1,2,14,1,2,18,1,8.456758
1,96109127,1271,55,5,4,1,1,4, , , , , , , , , ,1,2, , ,7,4, , , , , ,1,2,4,6, , ,2, , , , ,4,0,2,3, , , , ,1,1,1, , , , , ,5,5,12,1,5,2,1,1.38236
1,96163848,2505,357,5,4,1,1,4, , , , , , , , , ,1,3, ,2,7,4, , , , , ,1,2,4,6, , ,2, , , , ,4,0,1, , , , , ,1,5,1, , , , , ,11,1,13,4,4,4,2,.431521
1,96211433,3659,490,4,3,1,1,4, , , , , , , , , ,1,3, ,2,7,4, , , , , ,2, , , , , ,2, , , , ,4,0,1, , , , , ,88,10,1, , , , , ,9,2,10,2,4,11,2,.634718
2,96219962,8474,1092,5,4,1,2,8, , , , , , , , , ,1,1,3, ,7,4, , , , , ,1,1,2,4,7, ,2, , , , ,4,0,3,3, , , , ,1,8,1, , , , , ,7,5,6,2,8,6,1,.86045
3,96154295,13162,1742,6,5,1,1,9, , , , , , , , , ,1,3, ,2,7,4, , , , , ,1,1,2,3,4,6,2, , , , ,4,0,9,4, , , , ,8,3,1, , , , , ,5,5,2,2,10,4,1,2.116741
3,98102469,14927,1993,2,1,1,1,3, , , , , , , , , ,1,3, ,2,7,4, , , , , ,1,2,4, , , ,2, , , , ,4,0,1, , , , , ,1,4,1, , , , , ,5,5,4,1,6,3,2,1.941176
3,98203967,16479,2206,5,4,3, ,2, , , , , , , , , ,1,3, ,2,7,4, , , , , ,2, , , , , ,2, , , , ,4,0,1, , , , , ,1,8,1, , , , , ,11,3,6,2,7,22,1,.031992
3,98212752,16964,2268,5,4,3, ,2, , , , , , , , , ,1,3, ,2,7,4, , , , , ,2, , , , , ,2, , , , ,4,0,1, , , , , ,88,2,1, , , , , ,11,5,13,2,8,21,1,.413728
4,96207457,19563,2644,5,4,1,2,9, , , , , , , , , ,1,2, , ,7,4, , , , , ,1,2,4, , , ,2, , , , ,4,0,1, , , , , ,88,5,1, , , , , ,8,4,6,2,8,6,1,.696269
4,99215289,22946,3100,5,4,1,2,13, , , , , , , , , ,1,3, ,2,7,4, , , , , ,1,4, , , , ,1,2, , , ,4,0,1, , , , , ,88,4,1, , , , , ,3,5,12,1,2,4,2,1.508295
2,96164660,7679,979,5,4,1,1,2, , , , , , , , , ,1,3, ,2,7,4, , , , , ,1,2, , , , ,2, , , , ,3,0,1, , , , , ,9,3,1, , , , , ,7,6,3,2,9,3,1,.839583
2,96258726,9445,1197,4,3,1,2,2, , , , , , , , , ,1,3, ,2,7,4, , , , , ,2, , , , , ,2, , , , ,3,0,1, , , , , ,5,11,1, , , , , ,8,6,6,2,8,15,1,1.522483
2,97122659,10623,1368,3,2,1,1,2, , , , , , , , , ,1,3, ,2,7,4, , , , , ,2, , , , , ,2, , , , ,2,0,1, , , , , ,1,5,1, , , , , ,8,3,2,2,9,2,1,1.601322
4,99215721,22964,3103,4,3,1,2,2, , , , , , , , , ,1,3, ,2,7,4, , , , , ,1,2,4,6, , ,2, , , , ,2,0,1, , , , , ,1,8,1, , , , , ,6,4,4,2,6,13,2,1.728191
2,96157982,7545,962,5,4,1,1,4, , , , , , , , , ,1,3, ,2,7,4, , , , , ,1,3,5,6, , ,2, , , , ,1,0,1, , , , , ,1,4,1, , , , , ,7,4,11,2,3,2,2,.555076
3,98217973,17268,2316,5,4,1,1,12, , , , , , , , , ,1,3, ,2,6,1,5, , , , ,1,3, , , , ,2, , , , ,22,22,1, , , , , ,11,1,1, , , , , ,6,6,4,2,10,6,1,.998148
3,98222880,17548,2357,5,4,1,1,6, , , , , , , , , ,1,3, ,2,6,4, , , , , ,1,2,3,4,5, ,2, , , , ,20,0,6,1,2,3, , ,1,8,1, , , , , ,6,5,1,3,8,4,1,.945707
4,99219100,23113,3116,12,11,1,2,20,21,22, , , , , , , ,1,3, ,2,6,1,2,3, , , ,2, , , , , ,2, , , , ,17,14,5,2,3, , , ,9,1,1, , , , , ,9,5,13,2,7,11,2,.545459
1,96109668,830,58,4,3,1,1,1, , , , , , , , , ,1,1,2, ,6,4, , , , , ,1,2,3,4, , ,2, , , , ,16,0,1, , , , , ,10,1,1, , , , , ,6,5,2,2,10,2,1,1.534978
3,98226640,17727,2378,8,6,1,1,15, , , , , , , , , ,1,3, ,2,6,1,1,2, , , ,2, , , , , ,2, , , , ,14,13,3,2,3,5, , ,1,7,1, , , , , ,9,6,13,2,10,19,1,.654517
2,97232661,12084,1567,9,8,1,1,12, , , , , , , , , ,1,3, ,2,6,4, , , , , ,2, , , , , ,2, , , , ,14,0,5,2,5, , , ,88,1,1, , , , , ,6,6,3,2,8,4,2,.848471
2,96233754,8853,1134,5,4,2, ,12, , , , , , , , , ,1,3, ,2,6,1,2,3,4, , ,2, , , , , ,2, , , , ,13,11,4,1,3,5, , ,10,7,1, , , , , ,8,5,13,1,7,19,1,.855788
4,96204776,19505,2637,8,7,1,1,12, , , , , , , , , ,1,3, ,2,6,4, , , , , ,1,1,2,4, , ,2, , , , ,13,0,1, , , , , ,11,9,1, , , , , ,8,5,3,1,9,16,1,.907042
4,99226974,23503,3166,5,4,1,1,12, , , , , , , , , ,1,3, ,2,6,1,5, , , , ,1,6, , , , ,2, , , , ,12,11,4,2, , , , ,5,10,1, , , , , ,5,5,4,2,7,9,1,1.452007
1,96172752,2803,411,7,6,1,1,12, , , , , , , , , ,1,3, ,2,6,2,1,2,3, , ,2, , , , , ,2, , , , ,12,8,1, , , , , ,1,8,1, , , , , ,6,3,8,2,10,18,1,1.23308
1,96221147,4160,556,9,8,1,1,12, , , , , , , , , ,1,3, ,2,6,4, , , , , ,1,2,4,6,7, ,2, , , , ,12,0,1, , , , , ,9,1,1, , , , , ,6,6,3,2,10,8,1,1.380047
1,96103736,5286,21,5,4,1,1,12, , , , , , , , , ,1,3, ,1,6,1,3,5, , , ,1,1,6,7, , ,2, , , , ,11,10,1, , , , , ,9,4,1, , , , , ,6,5,5,2,7,1,1,.976438
3,98213344,16991,2271,5,4,1,1,12, , , , , , , , , ,1,3, ,2,6,1,1,2, , , ,2, , , , , ,2, , , , ,11,10,1, , , , , ,1,3,1, , , , , ,6,5,1,2,8,7,2,.614038
3,98224245,17605,2363,5,4,1,1,12, , , , , , , , , ,1,3, ,2,6,1,1, , , , ,1,1, , , , ,2, , , , ,11,10,1, , , , , ,5,9,1, , , , , ,8,4,6,2,7,16,1,.816484
3,96228682,14168,1898,5,4,1,1,12, , , , , , , , , ,1,3, ,2,6,1,1,5, , , ,1,6, , , , ,2, , , , ,11,9,1, , , , , ,3,1,1, , , , , ,6,4,11,2,5,7,2,.614038
2,96100188,6057,737,5,4,1,2,12, , , , , , , , , ,1,1,3, ,6,1,4, , , , ,1,1, , , , ,2, , , , ,11,8,8,2,3,5, , ,1,10,1, , , , , ,5,6,1,2,9,1,2,1.147287
1,96226837,1437,586,7,6,1,1,12, , , , , , , , , ,1,3, ,2,6,4, , , , , ,1,2,4, , , ,2, , , , ,11,0,1, , , , , ,10,1,1, , , , , ,6,6,1,2,10,5,1,1.24731
2,96221640,8519,1096,8,7,1,1,12, , , , , , , , , ,1,3, ,2,6,4, , , , , ,1,2,4, , , ,2, , , , ,11,0,1, , , , , ,9,11,1, , , , , ,10,5,11,2,3,6,2,.514854
3,96204473,13648,1824,5,4,1,1,12, , , , , , , , , ,1,3, ,2,6,4, , , , , ,1,2,3,4, , ,2, , , , ,11,0,6,1, , , , ,9,8,1, , , , , ,5,4,12,1,6,7,2,.911838
3,98217182,17226,2311,10,9,1,1,12, , , , , , , , , ,1,3, ,2,6,4, , , , , ,1,2,4,5,6,7,2, , , , ,11,0,1, , , , , ,88,10,1, , , , , ,11,6,13,2,8,11,1,.421633
2,96224733,8607,1107,5,4,1,1,9, , , , , , , , , ,1,2, , ,6,3,6, , , , ,2, , , , , ,2, , , , ,10,9,4,2, , , , ,1,1,1, , , , , ,6,5,4,2,6,8,2,.681852
4,99235315,23921,3231,5,4,1,1,12, , , , , , , , , ,1,3, ,2,6,1,1,2,3, , ,2, , , , , ,2, , , , ,10,7,7,2, , , , ,1,7,1, , , , , ,11,5,13,2,6,16,2,.480845
2,97102575,9644,1224,5,4,1,1,12, , , , , , , , , ,1,2, , ,6,4, , , , , ,1,2,3,4,6, ,2, , , , ,10,0,1, , , , , ,12,2,1, , , , , ,5,6,4,2,8,2,2,1.169608
2,97213638,11349,1469,4,3,1,1,12, , , , , , , , , ,1,3, ,2,6,4, , , , , ,1,2,3,4,6, ,2, , , , ,10,0,1, , , , , ,8,6,1, , , , , ,5,5,6,1,6,6,2,1.866076
3,96253698,14680,1961,5,4,1,1,12, , , , , , , , , ,1,3, ,2,6,1,3,4, , , ,2, , , , , ,2, , , , ,9,8,13,1,2,3,5, ,4,6,1, , , , , ,6,4,2,2,8,16,1,1.016494
4,99201299,22230,2997,5,4,1,1,12, , , , , , , , , ,1,3, ,2,6,1,1,4, , , ,2, , , , , ,2, , , , ,9,7,10,2,5, , , ,8,11,1, , , , , ,6,5,6,1,6,6,2,1.025554
1,96100666,2137,3,10,9,2, ,12, , , , , , , , , ,1,3, ,2,6,4, , , , , ,1,1,2,3,4,7,2, , , , ,8,0,5,1,2,3,5, ,7,9,1, , , , , ,9,5,13,2,7,4,1,.796768
2,97114573,10242,1315,7,6,1,1,12, , , , , , , , , ,1,3, ,2,6,4, , , , , ,1,2,3,4, , ,2, , , , ,8,0,1, , , , , ,5,4,1, , , , , ,6,6,11,2,4,2,2,.962749
4,96209264,19597,2652,8,7,1,1,2, , , , , , , , , ,1,3, ,2,6,2,2, , , , ,2, , , , , ,2, , , , ,7,6,1, , , , , ,1,1,1, , , , , ,8,4,4,2,6,14,1,.859384
2,96247561,9233,1179,6,5,1,1,12, , , , , , , , , ,1,3, ,2,6,3,2, , , , ,1,1,2,3,4, ,2, , , , ,7,1,1, , , , , ,7,7,1, , , , , ,5,5,1,2,8,9,2,1.467897
2,96119934,6591,821,5,4,1,1,12, , , , , , , , , ,1,3, ,2,6,4, , , , , ,1,2,3,4,6, ,2, , , , ,7,0,1, , , , , ,9,4,1, , , , , ,6,5,5,1,8,2,2,.734352
3,98216814,17206,2306,5,4,1,1,12, , , , , , , , , ,1,3, ,2,6,1,3,5, , , ,2, , , , , ,2, , , , ,6,6,1, , , , , ,1,7,1, , , , , ,11,4,13,2,8,19,2,.316077
3,98217754,17251,2314,6,5,1,2,12, , , , , , , , , ,1,2, , ,6,4, , , , , ,2, , , , , ,2, , , , ,6,0,1, , , , , ,6,11,1, , , , , ,5,5,10,2,9,6,1,2.234118
4,99208291,22593,3045,5,4,1,2,12, , , , , , , , , ,1,3, ,2,6,2,2, , , , ,2, , , , , ,2, , , , ,5,3,1, , , , , ,6,9,1, , , , , ,7,4,3,1,7,9,1,.653535
2,96224728,8606,1106,5,4,1,2,12, , , , , , , , , ,1,1,4, ,6,4, , , , , ,1,2,4,6, , ,2, , , , ,5,0,1, , , , , ,1,11,1, , , , , ,6,5,4,2,6,21,1,.941335
3,96214740,13859,1856,7,6,1,1,12, , , , , , , , , ,1,3, ,2,6,4, , , , , ,1,2,3,4,6,7,2, , , , ,5,0,1, , , , , ,7,7,1, , , , , ,5,5,6,2,5,6,2,1.417018
3,98119772,15836,2116,5,4,1,2,13, , , , , , , , , ,1,3, ,1,6,4, , , , , ,1,1,2, , , ,2, , , , ,5,0,1, , , , , ,8,5,1, , , , , ,6,5,6,2,6,10,2,.590395
1,96135850,1177,222,8,7,1,2,8, , , , , , , , , ,1,1,5, ,6,4, , , , , ,1,2,3,4,6, ,2, , , , ,4,0,1, , , , , ,10,9,1, , , , , ,4,5,5,1,6,2,1,1.190946
2,96123851,6711,839,4,3,1,1,2, , , , , , , , , ,1,2, , ,6,4, , , , , ,1,2,4, , , ,2, , , , ,4,0,1, , , , , ,1,4,1, , , , , ,8,5,4,2,8,2,1,1.407927
3,98211646,16885,2257,7,6,1,2,9, , , , , , , , , ,1,3, ,2,6,4, , , , , ,1,2,3,4,6, ,2, , , , ,4,0,1, , , , , ,1,1,1, , , , , ,9,5,13,2,10,4,1,.686249
4,99204738,22406,3016,6,5,1,1,13, , , , , , , , , ,1,3, ,2,6,4, , , , , ,1,2,4,6, , ,2, , , , ,4,0,1, , , , , ,1,3,1, , , , , ,8,5,1,2,8,6,2,.697541
2,97209436,11147,1437,3,2,1,1,1, , , , , , , , , ,1,2, , ,6,4, , , , , ,1,2,3,4, , ,2, , , , ,3,0,1, , , , , ,7,5,1, , , , , ,4,5,5,2,5,9,2,1.490961
1,96126518,1336,166,4,3,1,1,3, , , , , , , , , ,1,2, , ,5,4, , , , , ,2, , , , , ,2, , , , ,88,0,1, , , , , ,88,88,1, , , , , ,11,5,13,4,2,2,2,.677623
2,96217726,8414,1083,3,2,1,1,12, , , , , , , , , ,1,3, ,2,5,4, , , , , ,1,2,3,4,6,7,2, , , , ,88,0,1, , , , , ,88,1,1, , , , , ,10,3,13,2,6,19,2,.717772
3,96163482,13321,1768,7,6,1,1,12, , , , , , , , , ,1,3, ,2,5,4, , , , , ,1,2,4,6,7, ,2, , , , ,16,0,1, , , , , ,1,1,1, , , , , ,7,6,13,2,10,2,1,1.256734
3,98111872,15432,2057,7,6,1,1,4, , , , , , , , , ,1,3, ,2,5,4, , , , , ,1,2,6, , , ,2, , , , ,15,0,1, , , , , ,1,8,1, , , , , ,5,3,6,2,8,1,2,1.407086
4,99236920,24003,3242,60,59,1,2,7, , , , , , , , , ,1,3, ,2,5,4, , , , , ,1,2,3,4,6, ,2, , , , ,15,0,1, , , , , ,11,5,1, , , , , ,5,5,3,1,2,6,2,4.975825
3,96154954,13171,1746,18,17,1,2,2,24,25,62, , , , , , ,1,3, ,2,5,2,3, , , , ,2, , , , , ,2, , , , ,14,14,1, , , , , ,9,4,1, , , , , ,11,5,13,1,6,2,2,.632018
4,96165249,19233,2599,6,5,1,1,13, , , , , , , , , ,1,3, ,2,5,4, , , , , ,1,6,65, , , ,2, , , , ,14,0,13,4, , , , ,9,9,1, , , , , ,4,5,3,1,6,3,2,1.717355
2,97217669,11539,1489,6,5,1,1,12, , , , , , , , , ,1,3, ,2,5,1,1, , , , ,2, , , , , ,2, , , , ,13,12,1, , , , , ,1,14,1, , , , , ,11,2,13,2,4,21,1,.540207
4,99221954,23262,3131,7,6,1,2,2, , , , , , , , , ,1,3, ,2,5,2,3, , , , ,2, , , , , ,2, , , , ,13,8,1, , , , , ,10,10,1, , , , , ,11,3,13,2,6,6,1,.502113
4,99228838,23612,3183,6,5,1,1,12, , , , , , , , , ,1,3, ,2,5,1,1,4, , , ,2, , , , , ,2, , , , ,13,8,1, , , , , ,1,9,1, , , , , ,8,6,2,2,9,4,1,.836222
4,96104620,18215,2449,5,4,1,2,13, , , , , , , , , ,1,3, ,2,5,1,1,2,3, , ,2, , , , , ,2, , , , ,13,3,1, , , , , ,8,7,1, , , , , ,10,3,13,2,3,3,2,.415433
1,96235890,686,631,21,20,1,1,21,23,24,26, , , , , , ,1,3, ,2,5,4, , , , , ,1,2,3,4, , ,2, , , , ,13,0,1, , , , , ,11,11,1, , , , , ,10,3,11,2,2,6,2,.771301
2,97222536,11765,1516,21,20,1,1,2, , , , , , , , , ,1,3, ,2,5,4, , , , , ,1,2,4,6, , ,2, , , , ,13,0,1, , , , , ,1,2,1, , , , , ,6,4,2,2,10,6,1,2.42637
3,98115961,15626,2085,8,7,1,1,12, , , , , , , , , ,1,3, ,1,5,4, , , , , ,1,2,4, , , ,2, , , , ,13,0,1, , , , , ,11,8,1, , , , , ,11,3,11,2,5,2,2,.548273
4,99105762,20819,2811,8,7,1,2,12, , , , , , , , , ,1,3, ,2,5,4, , , , , ,2, , , , , ,2, , , , ,13,0,1, , , , , ,10,9,1, , , , , ,4,5,4,2,8,1,2,1.726306
4,99208758,22628,3054,7,6,1,1,12, , , , , , , , , ,1,3, ,2,5,4, , , , , ,1,2,4, , , ,2, , , , ,13,0,10,2, , , , ,12,14,1, , , , , ,4,5,4,1,10,5,1,2.047511
2,97203163,10810,1397,5,4,1,1,12, , , , , , , , , ,1,3, ,2,5,2,1,3, , , ,2, , , , , ,2, , , , ,12,10,1, , , , , ,1,3,1, , , , , ,5,6,6,1,8,20,1,1.829898
2,96172176,7834,1006,5,4,1,1,12, , , , , , , , , ,1,3, ,2,5,1,1,3, , , ,2, , , , , ,2, , , , ,12,7,1, , , , , ,9,3,1, , , , , ,4,5,5,1,6,3,2,.816591
2,96108797,6316,773,15,14,1,1,12, , , , , , , , , ,1,3, ,2,5,4, , , , , ,1,2,3,4,6, ,2, , , , ,12,0,1, , , , , ,11,5,1, , , , , ,9,5,11,2,1,1,2,.45997
2,96123399,6688,835,6,5,1,1,12, , , , , , , , , ,1,3, ,2,5,4, , , , , ,1,2,3,4,5, ,2, , , , ,12,0,1, , , , , ,3,9,1, , , , , ,9,3,5,2,6,3,2,.491468
3,98114842,15576,2079,7,6,1,1,12, , , , , , , , , ,1,3, ,2,5,1,6, , , , ,2, , , , , ,2, , , , ,11,10,1, , , , , ,11,11,1, , , , , ,11,1,13,2,3,1,1,.586019
3,98234209,18095,2433,6,5,1,1,12, , , , , , , , , ,1,3, ,2,5,1,3, , , , ,2, , , , , ,2, , , , ,11,9,1, , , , , ,8,10,1, , , , , ,9,4,13,2,7,8,2,.527921
4,99100534,20546,2772,5,4,1,1,12, , , , , , , , , ,1,3, ,2,5,1,1,2,3,4, ,2, , , , , ,2, , , , ,11,8,1, , , , , ,7,3,1, , , , , ,10,5,3,2,8,2,1,.393941
3,98221971,17502,2353,5,4,1,1,12, , , , , , , , , ,1,3, ,2,5,1,4, , , , ,2, , , , , ,2, , , , ,11,6,1, , , , , ,88,1,1, , , , , ,7,5,3,2,9,19,1,.724501
1,96136751,3700,229,8,7,1,2,12, , , , , , , , , ,1,3, ,2,5,4, , , , , ,1,2,4,7, , ,2, , , , ,11,0,1, , , , , ,9,11,1, , , , , ,6,6,3,2,10,10,1,1.245488
1,96206199,86,470,7,6,1,2,12, , , , , , , , , ,1,3, ,2,5,4, , , , , ,1,2,3,4,6, ,2, , , , ,11,0,1, , , , , ,1,11,1, , , , , ,5,6,2,2,10,6,2,1.103189
1,96229187,149,596,13,12,1,1,12,13, , , , , , , , ,1,3, ,2,5,4, , , , , ,1,1,2,4,6, ,2, , , , ,11,0,4,5, , , , ,8,1,1, , , , , ,8,5,13,2,8,6,1,1.120353
2,96157751,7541,961,5,4,1,1,12, , , , , , , , , ,1,3, ,2,5,4, , , , , ,1,2,3,4,6, ,2, , , , ,11,0,1, , , , , ,11,10,1, , , , , ,5,5,4,1,8,4,1,1.733394
3,96111975,12368,1626,6,5,1,2,12, , , , , , , , , ,1,3, ,1,5,4, , , , , ,1,2,3,4, , ,2, , , , ,11,0,6,1,3, , , ,7,6,1, , , , , ,6,5,5,2,8,1,2,.947542
4,96142727,18876,2540,9,8,1,1,12, , , , , , , , , ,1,3, ,2,5,4, , , , , ,1,2,3,4,5,6,2, , , , ,11,0,4,2, , , , ,12,6,1, , , , , ,4,5,5,2,6,2,2,1.956156
2,96249533,9259,1181,5,4,1,1,12, , , , , , , , , ,1,3, ,2,5,1,4, , , , ,2, , , , , ,2, , , , ,10,10,1, , , , , ,1,11,1, , , , , ,9,4,4,2,9,20,1,.595612
1,96113601,5482,87,5,4,1,1,12, , , , , , , , , ,1,2, , ,5,1,1,2,3, , ,2, , , , , ,1,1,2,3,4,10,9,5,1,2,3,4, ,1,4,1, , , , , ,7,3,4,2,6,1,1,.797239
2,97224573,11864,1539,7,6,1,1,12, , , , , , , , , ,1,1,4, ,5,2,4, , , , ,2, , , , , ,2, , , , ,10,9,1, , , , , ,11,1,1, , , , , ,6,4,6,2,8,5,1,1.463618
1,96236965,1975,635,5,4,1,2,13, , , , , , , , , ,1,1,2, ,5,1,1,2, , , ,2, , , , , ,2, , , , ,10,8,1, , , , , ,8,1,1, , , , , ,9,3,6,2,10,4,2,.403932
2,97109657,10004,1277,5,4,1,1,12, , , , , , , , , ,1,3, ,2,5,1,1,3, , , ,1,1,6, , , ,2, , , , ,10,8,4,2,5, , , ,8,7,1, , , , , ,5,5,5,2,8,1,1,1.773628
3,98223064,17559,2359,5,4,1,1,12, , , , , , , , , ,1,3, ,2,5,1,5,6, , , ,2, , , , , ,2, , , , ,10,8,1, , , , , ,9,8,1, , , , , ,6,5,3,2,8,19,2,.575354
4,99207877,22573,3041,5,4,1,2,9, , , , , , , , , ,1,2, , ,5,1,3, , , , ,2, , , , , ,2, , , , ,10,8,1, , , , , ,8,8,1, , , , , ,4,5,4,1,6,6,1,1.704751
1,96201752,3200,443,5,4,1,2,12, , , , , , , , , ,1,3, ,2,5,1,3,4, , , ,2, , , , , ,2, , , , ,10,7,1, , , , , ,1,1,1, , , , , ,10,3,13,1,5,14,2,.403438
1,96251600,1,698,7,6,1,1,12, , , , , , , , , ,1,1,2, ,5,2,1,2, , , ,2, , , , , ,2, , , , ,10,7,1, , , , , ,10,1,1, , , , , ,6,5,3,2,10,22,1,.151842
2,96149068,7333,930,6,5,1,1,12, , , , , , , , , ,1,3, ,2,5,1,3, , , , ,2, , , , , ,2, , , , ,10,7,1, , , , , ,9,9,1, , , , , ,6,6,2,2,9,1,1,1.476026
3,96220393,13990,1872,5,4,1,1,12, , , , , , , , , ,1,3, ,2,5,1,1,3, , , ,1,1, , , , ,2, , , , ,10,7,1, , , , , ,1,5,1, , , , , ,6,6,3,2,8,5,2,.614503
1,96132196,2189,199,5,4,1,2,12, , , , , , , , , ,1,3, ,2,5,1,3,4, , , ,2, , , , , ,2, , , , ,10,6,1, , , , , ,9,8,1, , , , , ,6,5,3,2,7,4,2,.611269
4,99209284,22649,3058,5,4,1,2,13, , , , , , , , , ,1,3, ,2,5,1,3,4, , , ,2, , , , , ,2, , , , ,10,6,1, , , , , ,9,9,1, , , , , ,9,3,11,2,5,4,2,.415816
4,99228182,23566,3176,6,5,1,2,13, , , , , , , , , ,1,2, , ,5,1,4, , , , ,2, , , , , ,2, , , , ,10,5,3,1, , , , ,7,4,1, , , , , ,8,3,11,2,3,4,2,.655622
1,96232208,47,610,6,5,1,1,4, , , , , , , , , ,1,3, ,2,5,2,3, , , , ,1,6, , , , ,2, , , , ,10,4,6,2, , , , ,9,13,1, , , , , ,6,5,1,1,6,21,2,.7849
1,96240815,1869,660,6,5,1,2,2, , , , , , , , , ,1,3, ,2,5,1,3, , , , ,2, , , , , ,2, , , , ,10,4,1, , , , , ,8,12,1, , , , , ,8,5,11,2,1,5,2,.627913
2,96166507,7726,986,5,4,1,1,2, , , , , , , , , ,1,3, ,2,5,2,4, , , , ,2, , , , , ,2, , , , ,10,4,1, , , , , ,1,7,1, , , , , ,4,5,6,1,6,10,2,.766241
3,96109362,12304,1610,5,4,1,2,12, , , , , , , , , ,1,3, ,2,5,2,2,3, , , ,2, , , , , ,2, , , , ,10,4,1, , , , , ,9,11,1, , , , , ,6,6,4,1,10,1,1,.991153
1,96205172,2976,465,4,3,1,2,12, , , , , , , , , ,1,3, ,2,5,2,3,4, , , ,2, , , , , ,2, , , , ,10,3,12,1,2,5, , ,7,11,1, , , , , ,6,4,4,1,6,16,2,.958098
1,96109977,2354,62,9,8,1,1,12, , , , , , , , , ,1,3, ,2,5,4, , , , , ,1,1, , , , ,2, , , , ,10,0,1, , , , , ,4,11,1, , , , , ,5,5,5,1,6,4,2,1.214967
1,96125210,1330,162,9,8,1,2,29, , , , , , , , , ,1,1,1, ,5,4, , , , , ,1,2,4, , , ,2, , , , ,10,0,1, , , , , ,1,3,1, , , , , ,3,5,14,1,3,2,1,1.914934
1,96131656,4344,195,7,6,1,1,12, , , , , , , , , ,1,1,2, ,5,4, , , , , ,1,2,3,4,5,6,2, , , , ,10,0,1, , , , , ,6,2,1, , , , , ,6,5,4,2,9,3,1,1.24451
1,96165139,1038,366,9,8,1,1,12, , , , , , , , , ,1,3, ,2,5,4, , , , , ,1,2,4,6, , ,2, , , , ,10,0,1, , , , , ,7,7,1, , , , , ,5,4,4,2,7,2,1,1.940952
2,97103045,9676,1232,7,6,1,1,12, , , , , , , , , ,1,3, ,2,5,4, , , , , ,1,2,4, , , ,2, , , , ,10,0,1, , , , , ,7,9,1, , , , , ,8,6,3,2,10,1,1,1.120595
2,97116460,10342,1325,5,4,1,1,12, , , , , , , , , ,1,3, ,2,5,4, , , , , ,1,2,4, , , ,2, , , , ,10,0,1, , , , , ,1,3,1, , , , , ,11,4,13,3,8,2,1,.502413
4,99126064,21824,2949,5,4,1,1,12, , , , , , , , , ,1,2, , ,5,4, , , , , ,1,1,2, , , ,2, , , , ,10,0,13,1,3,4, , ,9,10,1, , , , , ,6,3,5,2,7,18,2,.96329
4,99114466,21257,2864,6,5,1,1,2, , , , , , , , , ,1,3, ,2,5,2,5, , , , ,2, , , , , ,2, , , , ,9,9,1, , , , , ,1,3,1, , , , , ,11,4,13,4,10,18,1,.471628
1,96142533,2179,257,6,5,1,2,5, , , , , , , , , ,1,1,2, ,5,1,3, , , , ,2, , , , , ,2, , , , ,9,8,1, , , , , ,9,5,1, , , , , ,6,4,5,2,7,4,2,.779488
2,97213976,11363,1470,5,4,1,1,12, , , , , , , , , ,1,3, ,2,5,1,3,4, , , ,2, , , , , ,2, , , , ,9,7,1, , , , , ,1,12,1, , , , , ,9,2,11,4,8,6,2,.384192
3,96112440,12376,1627,5,4,1,1,12, , , , , , , , , ,1,2, , ,5,1,2,3, , , ,2, , , , , ,2, , , , ,9,6,1, , , , , ,11,7,1, , , , , ,6,5,3,2,10,1,1,.991153
3,98220406,17419,2334,6,5,1,1,4, , , , , , , , , ,1,3, ,2,5,1,4, , , , ,2, , , , , ,2, , , , ,9,6,1, , , , , ,2,9,1, , , , , ,6,5,4,2,8,4,1,1.417345
4,99228819,23608,3181,5,4,1,2,13, , , , , , , , , ,1,3, ,2,5,1,3, , , , ,2, , , , , ,2, , , , ,9,6,1, , , , , ,7,2,1, , , , , ,8,5,4,1,6,6,2,.545895
1,96149068,5084,292,7,6,1,1,12, , , , , , , , , ,1,3, ,2,5,2,3,5, , , ,1,4,5,7, , ,2, , , , ,9,5,1, , , , , ,9,9,1, , , , , ,5,6,2,2,9,1,1,1.757309
3,98116028,15629,2086,6,5,1,2,12, , , , , , , , , ,1,3, ,2,5,2,2,3, , , ,1,2,3,4,6,7,2, , , , ,9,5,1, , , , , ,8,9,1, , , , , ,9,3,13,2,9,2,1,.757541
2,96116900,6530,807,6,5,1,2,12, , , , , , , , , ,1,3, ,2,5,3,2, , , , ,1,3,4,7, , ,2, , , , ,9,2,1, , , , , ,7,4,1, , , , , ,7,5,7,2,8,4,1,1.095175
1,96130159,5339,189,5,4,1,1,2, , , , , , , , , ,1,3, ,2,5,1,1,2,3,4,5,2, , , , , ,2, , , , ,9,1,1, , , , , ,5,2,1, , , , , ,8,4,6,1,7,1,2,.491552
1,96160419,879,345,7,6,1,1,4, , , , , , , , , ,1,3, ,2,5,4, , , , , ,1,1,2,4, , ,2, , , , ,9,0,1, , , , , ,7,11,1, , , , , ,6,6,1,2,9,2,2,.781068
1,96201551,4205,442,7,6,1,1,13, , , , , , , , , ,1,1,2, ,5,4, , , , , ,1,3,6, , , ,2, , , , ,9,0,6,1,2,3,5, ,4,9,1, , , , , ,5,5,1,1,8,8,2,1.109512
1,96241050,391,661,9,8,1,2,4, , , , , , , , , ,1,1,2, ,5,4, , , , , ,1,2,3,4,5,7,2, , , , ,9,0,1, , , , , ,1,3,1, , , , , ,9,4,5,2,6,6,2,.567026
2,96123620,6700,837,8,7,1,1,12, , , , , , , , , ,1,3, ,2,5,4, , , , , ,1,2,3,4,6, ,2, , , , ,9,0,1, , , , , ,7,3,1, , , , , ,11,5,13,2,6,2,2,.579901
3,96252455,14663,1958,15,14,3, ,2, , , , , , , , , ,1,3, ,2,5,4, , , , , ,1,3,4, , , ,2, , , , ,9,0,1, , , , , ,7,11,1, , , , , ,11,6,13,2,7,13,1,.394776
4,99101459,20597,2780,6,5,1,2,9, , , , , , , , , ,1,3, ,2,5,1,3, , , , ,2, , , , , ,2, , , , ,8,8,1, , , , , ,10,3,1, , , , , ,11,3,11,2,6,1,2,.567292
4,99105169,20800,2807,10,9,1,2,60, , , , , , , , , ,1,3, ,2,5,1,3, , , , ,2, , , , , ,2, , , , ,8,8,1, , , , , ,9,1,1, , , , , ,8,6,3,2,7,1,1,.898312
2,96239932,9034,1161,9,8,1,2,12, , , , , , , , , ,1,3, ,2,5,3,3, , , , ,2, , , , , ,2, , , , ,8,6,4,5, , , , ,7,11,1, , , , , ,5,3,2,1,7,19,1,2.140203
2,97205616,10943,1418,5,4,1,1,12, , , , , , , , , ,1,3, ,2,5,1,6, , , , ,2, , , , , ,2, , , , ,8,5,1, , , , , ,7,9,1, , , , , ,10,2,11,2,5,5,2,.386833
1,96237727,203,640,5,4,2, ,12, , , , , , , , , ,1,2, , ,5,1,5, , , , ,2, , , , , ,2, , , , ,8,4,1, , , , , ,1,3,1, , , , , ,4,5,1,2,8,6,2,.660641
4,96155178,19076,2577,3,2,1,1,2, , , , , , , , , ,1,2, , ,5,2,2,3, , , ,2, , , , , ,2, , , , ,8,3,1, , , , , ,9,8,1, , , , , ,9,4,5,2,8,2,2,1.066508
3,96172179,13458,1790,9,8,1,1,5, , , , , , , , , ,1,3, ,1,5,3,2, , , , ,1,3, , , , ,2, , , , ,8,2,1, , , , , ,1,1,1, , , , , ,5,5,3,2,10,4,2,1.00947
1,96104216,4487,22,5,4,1,2,12, , , , , , , , , ,1,3, ,2,5,4, , , , , ,1,2,3,4,6, ,2, , , , ,8,0,1, , , , , ,1,5,1, , , , , ,6,5,4,2,7,3,1,.975935
2,96142537,7178,909,6,5,1,1,12, , , , , , , , , ,1,3, ,2,5,4, , , , , ,1,2,4, , , ,2, , , , ,8,0,1, , , , , ,1,4,1, , , , , ,5,5,5,1,6,1,2,1.504114
2,97202972,10797,1395,5,4,1,1,13, , , , , , , , , ,1,3, ,2,5,4, , , , , ,1,2,3,4,5,6,2, , , , ,8,0,5,1,2, , , ,6,6,1, , , , , ,4,5,6,1,6,6,2,.836887
4,99213972,22886,3091,5,4,1,1,4, , , , , , , , , ,1,3, ,2,5,4, , , , , ,1,2,3,4, , ,2, , , , ,8,0,1, , , , , ,8,7,1, , , , , ,4,5,6,2,7,4,1,1.602302
4,99223141,23316,3139,7,6,1,1,12, , , , , , , , , ,1,3, ,2,5,4, , , , , ,1,2,4,6, , ,2, , , , ,8,0,4,5, , , , ,5,8,1, , , , , ,5,6,3,2,8,12,1,1.802371
3,98205718,16568,2216,8,7,1,2,2, , , , , , , , , ,1,3, ,2,5,2,4, , , , ,2, , , , , ,2, , , , ,7,7,1, , , , , ,1,9,1, , , , , ,7,4,12,2,6,14,1,1.227167
4,99104663,20773,2803,5,4,1,1,12, , , , , , , , , ,1,3, ,2,5,1,4, , , , ,2, , , , , ,2, , , , ,7,7,1, , , , , ,1,1,1, , , , , ,3,5,12,1,3,1,1,1.630601
1,96112458,1332,82,5,4,1,2,8, , , , , , , , , ,1,3, ,1,5,2,1,3, , , ,1,1,2,3,4,5,2, , , , ,7,6,3,3, , , , ,1,4,1, , , , , ,2,5,14,1,3,2,2,2.102506
2,96164620,7678,978,5,4,1,2,8, , , , , , , , , ,1,3, ,2,5,1,6, , , , ,2, , , , , ,2, , , , ,7,6,4,1, , , , ,1,3,1, , , , , ,5,3,5,2,7,3,2,1.126926
2,96232095,8803,1126,5,4,1,1,9, , , , , , , , , ,1,3, ,2,5,1,1,2,6, , ,1,1, , , , ,2, , , , ,7,6,2,1, , , , ,1,8,1, , , , , ,3,5,12,1,3,5,2,1.074353
3,96108978,12297,1607,4,3,1,1,4, , , , , , , , , ,1,3, ,2,5,1,2, , , , ,2, , , , , ,2, , , , ,7,6,1, , , , , ,7,11,1, , , , , ,10,1,13,3,5,10,1,.656462
3,96230259,14200,1903,5,4,1,1,12, , , , , , , , , ,1,3, ,2,5,1,1,3, , , ,2, , , , , ,2, , , , ,7,6,1, , , , , ,8,3,1, , , , , ,7,5,5,2,5,6,2,.48702
4,99124569,21765,2934,5,4,1,2,13, , , , , , , , , ,1,3, ,2,5,1,4, , , , ,2, , , , , ,2, , , , ,7,6,1, , , , , ,1,5,1, , , , , ,2,3,14,1,1,1,2,5.242956
4,99239500,24109,3253,10,9,3, ,2, , , , , , , , , ,1,3, ,2,5,2,1,2,3, , ,1,2, , , , ,2, , , , ,7,6,1, , , , , ,9,11,1, , , , , ,11,3,6,2,7,22,1,.050998
2,97224818,11874,1543,5,4,1,2,13, , , , , , , , , ,1,3, ,2,5,1,3, , , , ,2, , , , , ,2, , , , ,7,5,1, , , , , ,1,1,1, , , , , ,10,1,4,2,5,4,1,.51434
3,98101282,14862,1983,5,4,1,2,13, , , , , , , , , ,1,3, ,2,5,1,3,4, , , ,2, , , , , ,2, , , , ,7,5,1, , , , , ,10,7,1, , , , , ,8,5,5,2,7,2,2,.509369
1,96151142,2235,302,6,5,1,1,4, , , , , , , , , ,1,2, , ,5,3,1,3, , , ,2, , , , , ,2, , , , ,7,4,8,5, , , , ,88,9,1, , , , , ,5,3,11,3,6,4,2,1.103439
2,97222738,11780,1520,5,4,1,1,12, , , , , , , , , ,1,3, ,2,5,1,1,6, , , ,2, , , , , ,2, , , , ,7,4,1, , , , , ,9,7,1, , , , , ,8,3,11,2,5,4,2,.532132
3,96245391,14540,1943,9,8,1,2,12, , , , , , , , , ,1,3, ,2,5,2,3, , , , ,1,3,4, , , ,2, , , , ,7,3,1, , , , , ,9,10,1, , , , , ,6,4,5,2,9,14,1,1.148729
1,96166507,3832,374,5,4,1,1,2, , , , , , , , , ,1,3, ,2,5,4, , , , , ,2, , , , , ,2, , , , ,7,0,1, , , , , ,1,1,1, , , , , ,4,3,6,1,6,10,2,.660252
2,96145312,7251,920,6,5,1,2,12, , , , , , , , , ,1,3, ,2,5,4, , , , , ,1,2,4, , , ,2, , , , ,7,0,1, , , , , ,8,6,1, , , , , ,7,3,5,2,6,2,2,.727715
2,96152113,7411,949,8,7,1,1,2, , , , , , , , , ,1,3, ,1,5,4, , , , , ,1,2,3,4, , ,2, , , , ,7,0,3,2,3, , , ,9,5,1, , , , , ,7,5,11,2,8,2,2,.727715
2,96244429,9156,1171,5,4,1,1,12, , , , , , , , , ,1,2, , ,5,4, , , , , ,1,4, , , , ,2, , , , ,7,0,6,1, , , , ,88,8,1, , , , , ,4,5,5,1,6,12,2,.796342
3,98119749,15835,2115,8,7,1,1,12, , , , , , , , , ,1,3, ,1,5,4, , , , , ,1,2,4, , , ,2, , , , ,7,0,1, , , , , ,7,7,1, , , , , ,6,6,3,2,9,2,1,1.56459
3,98204540,16503,2209,6,5,1,2,13, , , , , , , , , ,1,3, ,2,5,4, , , , , ,1,2,3,4,6, ,2, , , , ,7,0,3,1,5, , , ,7,5,1, , , , , ,3,5,5,1,6,14,2,2.634729
3,98210450,16814,2249,30,29,3, ,2, , , , , , , , , ,1,3, ,2,5,4, , , , , ,1,2,4,7, , ,2, , , , ,7,0,1, , , , , ,1,12,1, , , , , ,11,1,13,2,2,4,1,.644555
3,98229417,17877,2401,5,4,1,1,12, , , , , , , , , ,1,3, ,2,5,4, , , , , ,1,2,4,6, , ,2, , , , ,7,0,1, , , , , ,7,10,1, , , , , ,4,6,3,1,8,4,2,1.01
4,99104659,20771,2802,8,7,1,1,12, , , , , , , , , ,1,3, ,2,5,4, , , , , ,1,2,4,7, , ,2, , , , ,7,0,1, , , , , ,9,1,1, , , , , ,7,3,11,2,6,1,2,.656599
2,96246766,9219,1177,6,5,1,2,9, , , , , , , , , ,1,3, ,2,5,1,4, , , , ,2, , , , , ,2, , , , ,6,6,1, , , , , ,1,1,1, , , , , ,11,3,13,2,7,14,1,.646235
4,96114809,18402,2469,5,4,1,1,5, , , , , , , , , ,1,3, ,2,5,1,4, , , , ,2, , , , , ,2, , , , ,6,6,1, , , , , ,1,12,1, , , , , ,6,4,5,2,7,1,1,1.160301
2,96159759,7586,968,5,4,1,1,12, , , , , , , , , ,1,3, ,2,5,1,5, , , , ,1,1,6, , , ,2, , , , ,6,5,4,5, , , , ,88,11,1, , , , , ,6,4,4,3,8,3,1,1.105882
3,96117784,12461,1640,8,7,1,2,2, , , , , , , , , ,1,3, ,2,5,2,2,4, , , ,2, , , , , ,2, , , , ,6,5,1, , , , , ,9,8,1, , , , , ,9,3,13,2,1,1,2,.523514
1,96127623,4577,176,7,6,1,2,12, , , , , , , , , ,1,3, ,2,5,2,3, , , , ,2, , , , , ,2, , , , ,6,4,1, , , , , ,1,1,1, , , , , ,4,5,4,2,6,3,1,1.186637
2,96105324,6212,759,5,4,1,1,9, , , , , , , , , ,1,3, ,2,5,1,3, , , , ,2, , , , , ,2, , , , ,6,4,1, , , , , ,8,9,1, , , , , ,10,1,11,2,4,4,2,.381263
2,97112804,10153,1301,5,4,1,2,8, , , , , , , , , ,1,3, ,2,5,2,6, , , , ,2, , , , , ,2, , , , ,6,4,1, , , , , ,5,1,1, , , , , ,8,4,11,2,8,1,2,.544483
3,96165714,13356,1772,5,4,1,2,13, , , , , , , , , ,1,3, ,1,5,2,3, , , , ,2, , , , , ,2, , , , ,6,4,1, , , , , ,8,1,1, , , , , ,5,5,5,1,6,3,1,1.509358
3,98124540,16060,2144,5,4,1,1,8, , , , , , , , , ,1,3, ,2,5,3,1, , , , ,2, , , , , ,2, , , , ,6,4,2,3, , , , ,5,1,1, , , , , ,9,4,2,2,10,2,1,.505461
3,96204224,13638,1821,6,5,1,2,9, , , , , , , , , ,1,3, ,2,5,3,2,3, , , ,2, , , , , ,2, , , , ,6,3,10,1,2,3, , ,11,8,1, , , , , ,7,4,5,2,7,7,2,.703926
3,96228657,14167,1897,5,4,1,2,9, , , , , , , , , ,1,3, ,2,5,2,6, , , , ,2, , , , , ,2, , , , ,6,3,3,5, , , , ,8,11,1, , , , , ,6,3,6,3,8,12,2,.621682
4,96252455,20397,2748,15,14,3, ,2, , , , , , , , , ,1,3, ,2,5,3,4, , , , ,1,4, , , , ,2, , , , ,6,1,1, , , , , ,7,11,1, , , , , ,11,6,13,2,7,13,1,.482161
1,96110502,5100,67,5,4,1,2,9, , , , , , , , , ,1,1,5, ,5,4, , , , , ,1,2,3,4, , ,2, , , , ,6,0,5,1,5, , , ,9,7,1, , , , , ,5,5,4,1,9,1,2,.86437
1,96157751,2107,331,5,4,1,2,12, , , , , , , , , ,1,3, ,2,5,4, , , , , ,1,3,4,6, , ,2, , , , ,6,0,1, , , , , ,10,9,1, , , , , ,5,5,4,1,8,4,1,1.379565
1,96203477,4049,458,5,4,1,1,13, , , , , , , , , ,1,1,2, ,5,4, , , , , ,1,2,4, , , ,2, , , , ,6,0,1, , , , , ,1,9,1, , , , , ,11,4,13,2,7,9,1,.497406
1,96230198,2732,600,5,4,1,1,4, , , , , , , , , ,1,3, ,2,5,4, , , , , ,1,1,2,4,5,6,2, , , , ,6,0,1, , , , , ,6,1,1, , , , , ,6,3,4,1,8,19,2,.613502
2,96119589,6581,818,4,3,1,1,12, , , , , , , , , ,1,3, ,2,5,4, , , , , ,1,2,4,6, , ,2, , , , ,6,0,1, , , , , ,1,9,1, , , , , ,5,6,3,1,9,2,2,1.889784
2,97110236,10036,1282,4,3,1,2,12, , , , , , , , , ,1,2, , ,5,4, , , , , ,1,1,2,3,4,5,2, , , , ,6,0,5,1, , , , ,7,7,1, , , , , ,4,5,5,1,7,3,2,1.319399
2,97112338,10133,1299,8,7,1,2,12, , , , , , , , , ,1,3, ,2,5,4, , , , , ,1,1,2,4,6,7,2, , , , ,6,0,1, , , , , ,1,3,1, , , , , ,3,5,6,1,5,2,2,1.448073
2,97114413,10235,1313,5,4,1,2,13, , , , , , , , , ,1,3, ,2,5,4, , , , , ,1,2,4, , , ,2, , , , ,6,0,1, , , , , ,8,3,1, , , , , ,3,5,14,1,3,1,2,1.083461
2,97213298,11338,1467,5,4,1,1,12, , , , , , , , , ,1,3, ,2,5,4, , , , , ,1,2,3,4, , ,2, , , , ,6,0,1, , , , , ,1,11,1, , , , , ,4,5,1,1,8,5,2,.824356
3,96175141,13501,1803,4,3,1,1,12, , , , , , , , , ,1,2, , ,5,4, , , , , ,1,2,4,6, , ,2, , , , ,6,0,1, , , , , ,7,9,1, , , , , ,5,5,5,1,6,4,2,1.477561
3,96231222,14222,1906,5,4,1,2,12, , , , , , , , , ,1,3, ,2,5,4, , , , , ,1,2,4,7, , ,2, , , , ,6,0,1, , , , , ,1,8,1, , , , , ,5,4,9,1,8,7,1,1.437635
3,96237861,14381,1922,8,7,1,1,12, , , , , , , , , ,1,3, ,2,5,4, , , , , ,1,2,3,4,6, ,2, , , , ,6,0,7,1, , , , ,1,7,1, , , , , ,7,5,11,2,1,19,2,.659578
3,98203758,16470,2203,7,6,1,1,9, , , , , , , , , ,1,3, ,2,5,4, , , , , ,1,2,4,5,6, ,2, , , , ,6,0,1, , , , , ,1,8,1, , , , , ,4,6,14,1,5,4,1,2.154479
3,98224582,17625,2365,5,4,1,1,12, , , , , , , , , ,1,3, ,2,5,4, , , , , ,1,2,4, , , ,2, , , , ,6,0,1, , , , , ,3,9,1, , , , , ,5,5,4,2,10,4,1,1.412371
3,98234048,18089,2432,5,4,1,1,13, , , , , , , , , ,1,3, ,2,5,4, , , , , ,1,2,3,4,5,6,2, , , , ,6,0,1, , , , , ,9,1,1, , , , , ,10,4,13,2,8,4,1,.406663
4,99118076,21443,2897,10,9,3, ,2, , , , , , , , , ,1,2, , ,5,4, , , , , ,1,2,3,4,5,6,2, , , , ,6,0,1, , , , , ,1,2,1, , , , , ,7,4,11,2,2,3,2,.70065
4,99124626,21767,2935,8,7,1,1,5, , , , , , , , , ,1,3, ,2,5,4, , , , , ,1,2,3,4,6,7,2, , , , ,6,0,1, , , , , ,12,13,1, , , , , ,5,5,4,2,6,10,2,1.674785
4,99130227,21995,2972,8,7,1,1,12, , , , , , , , , ,1,3, ,2,5,4, , , , , ,2, , , , , ,2, , , , ,6,0,1, , , , , ,4,8,1, , , , , ,7,4,4,2,6,2,1,.884698
4,99213600,22864,3090,8,7,1,2,12, , , , , , , , , ,1,3, ,2,5,4, , , , , ,1,2,4,6, , ,2, , , , ,6,0,1, , , , , ,1,7,1, , , , , ,5,5,4,1,10,12,1,1.802371
4,99222215,23270,3133,5,4,1,1,13, , , , , , , , , ,1,3, ,2,5,4, , , , , ,1,2,4,6, , ,2, , , , ,6,0,1, , , , , ,8,10,1, , , , , ,6,5,4,1,6,5,2,.96397
2,96146595,7278,925,5,4,1,1,12, , , , , , , , , ,1,3, ,2,5,1,2,5, , , ,1,1, , , , ,2, , , , ,5,5,1, , , , , ,1,3,1, , , , , ,10,6,13,2,8,1,1,.526279
2,97210169,11182,1443,5,4,3, ,2, , , , , , , , , ,1,3, ,2,5,1,3,4, , , ,2, , , , , ,2, , , , ,5,4,1, , , , , ,1,88,1, , , , , ,11,1,13,4,5,6,2,.436779
3,96260710,14787,1973,8,7,1,1,2, , , , , , , , , ,1,3, ,1,5,2,6, , , , ,1,6, , , , ,2, , , , ,5,4,5,1,2,5, , ,9,3,1, , , , , ,2,5,14,1,1,11,2,2.849714
3,98102477,14929,1994,6,5,1,2,9, , , , , , , , , ,1,3, ,2,5,1,4, , , , ,2, , , , , ,2, , , , ,5,4,1, , , , , ,88,10,1, , , , , ,10,3,13,2,5,3,2,.527608
3,98221563,17479,2345,6,5,1,1,2, , , , , , , , , ,1,3, ,2,5,2,3, , , , ,2, , , , , ,2, , , , ,5,4,1, , , , , ,1,5,1, , , , , ,11,4,11,2,2,4,2,.496675
4,96231641,20018,2711,5,4,1,2,13, , , , , , , , , ,1,3, ,2,5,1,2,3, , , ,2, , , , , ,2, , , , ,5,4,6,2,5, , , ,9,1,1, , , , , ,10,5,7,2,8,13,1,.354655
4,99230688,23705,3202,5,4,1,1,12, , , , , , , , , ,1,3, ,2,5,1,3,6, , , ,2, , , , , ,2, , , , ,5,4,1, , , , , ,1,9,1, , , , , ,7,3,5,2,6,19,2,.51273
4,99236501,23989,3240,4,3,1,1,12, , , , , , , , , ,1,3, ,2,5,1,3,5, , , ,2, , , , , ,2, , , , ,5,4,3,1,2, , , ,7,9,1, , , , , ,2,3,14,1,2,20,2,10.494984
4,96154746,19073,2576,5,4,1,1,12, , , , , , , , , ,1,3, ,2,5,1,1,3, , , ,1,1, , , , ,2, , , , ,5,3,1, , , , , ,9,6,1, , , , , ,7,5,12,1,2,18,2,.512753
2,96151952,7406,947,5,4,1,1,4, , , , , , , , , ,1,3, ,2,5,3,3,4, , , ,1,4,5, , , ,2, , , , ,5,2,4,1,2,3, , ,9,9,1, , , , , ,4,5,3,1,7,1,2,.831345
3,98233622,18059,2426,12,11,1,2,2, , , , , , , , , ,1,3, ,2,5,3,3, , , , ,2, , , , , ,2, , , , ,5,2,1, , , , , ,9,9,1, , , , , ,10,2,13,2,5,6,1,.483669
1,96144876,868,268,8,7,1,2,2, , , , , , , , , ,1,3, ,2,5,4, , , , , ,1,1,2,4,6, ,2, , , , ,5,0,2,3, , , , ,6,2,1, , , , , ,7,6,3,2,9,2,1,1.019803
1,96145156,4418,269,4,3,1,1,1, , , , , , , , , ,1,3, ,2,5,4, , , , , ,1,2,3,4,6, ,2, , , , ,5,0,2,3, , , , ,1,2,1, , , , , ,5,5,3,2,8,3,2,1.353887
1,96252541,1888,706,4,4,1,1,12, , , , , , , , , ,1,2, , ,5,4, , , , , ,1,2,4, , , ,2, , , , ,5,0,1, , , , , ,88,5,1, , , , , ,3,5,14,1,1,5,2,1.084805
2,97227137,11951,1552,6,5,1,2,13, , , , , , , , , ,1,3, ,2,5,4, , , , , ,1,2,3,4,6, ,2, , , , ,5,0,3,5, , , , ,8,5,1, , , , , ,3,5,5,1,7,5,2,1.408496
3,96171787,13450,1788,4,3,1,1,2, , , , , , , , , ,1,3, ,1,5,4, , , , , ,1,2,4, , , ,2, , , , ,5,0,8,4, , , , ,1,5,1, , , , , ,7,5,11,2,8,2,2,.840157
3,96200604,13565,1812,5,4,1,2,12, , , , , , , , , ,1,3, ,1,5,4, , , , , ,1,2,3,4, , ,2, , , , ,5,0,1, , , , , ,9,7,1, , , , , ,6,6,1,2,8,20,1,1.06601
3,96216332,13898,1858,3,2,1,2,4, , , , , , , , , ,1,3, ,2,5,4, , , , , ,1,2,3,4,6,7,2, , , , ,5,0,1, , , , , ,8,11,1, , , , , ,5,3,6,2,6,12,2,1.209947
3,98209346,16755,2241,9,9,1,1,12, , , , , , , , , ,1,3, ,2,5,4, , , , , ,1,1,2,3,4,5,2, , , , ,5,0,1, , , , , ,8,7,1, , , , , ,8,4,2,2,7,5,1,.871973
4,96174224,19353,2619,15,14,1,2,2, , , , , , , , , ,1,3, ,2,5,4, , , , , ,1,2, , , , ,2, , , , ,5,0,1, , , , , ,1,6,1, , , , , ,8,3,11,2,5,2,2,.744022
4,99103450,20696,2796,4,3,1,1,12, , , , , , , , , ,1,3, ,2,5,4, , , , , ,1,1,2,4,6, ,2, , , , ,5,0,1, , , , , ,1,5,1, , , , , ,4,5,6,1,8,3,1,3.004935
4,96244583,20279,2736,5,4,1,1,9, , , , , , , , , ,1,3, , ,5,1,1,2,3, , ,1,6, , , , ,2, , , , ,4,4,3,5, , , , ,6,8,1, , , , , ,11,6,13,2,5,5,1,.369356
3,96104113,12189,1587,8,7,1,1,2, , , , , , , , , ,1,3, ,1,5,3,6, , , , ,2, , , , , ,2, , , , ,4,3,6,1,2,3,5, ,9,9,1, , , , , ,8,4,4,2,9,4,2,.691555
3,96140852,12911,1712,6,5,1,1,4, , , , , , , , , ,1,3, ,2,5,1,3,4, , , ,2, , , , , ,2, , , , ,4,3,1, , , , , ,1,5,1, , , , , ,5,3,5,2,7,10,2,1.313965
3,98126435,16147,2156,6,5,2, ,12, , , , , , , , , ,1,2, , ,5,1,2,3, , , ,2, , , , , ,2, , , , ,4,3,1, , , , , ,1,7,1, , , , , ,9,5,13,2,5,3,2,.533811
1,96126219,1160,165,5,4,1,1,4, , , , , , , , , ,1,3, ,2,5,4, , , , , ,1,2,3,4,6, ,2, , , , ,4,0,1, , , , , ,88,4,1, , , , , ,3,5,6,1,6,2,2,1.0863
1,96152272,2114,309,4,3,1,2,4, , , , , , , , , ,1,3, ,2,5,4, , , , , ,1,2,4,6, , ,2, , , , ,4,0,1, , , , , ,1,9,1, , , , , ,4,6,3,1,8,4,1,1.460638
1,96171418,4385,404,6,5,1,1,12, , , , , , , , , ,1,3, ,2,5,4, , , , , ,1,2,3,4,6, ,2, , , , ,4,0,1, , , , , ,11,1,1, , , , , ,5,5,11,2,8,3,2,1.101674
1,96225428,4122,582,5,4,1,1,4, , , , , , , , , ,1,3, ,2,5,4, , , , , ,1,2,3,4,6, ,2, , , , ,4,0,1, , , , , ,7,2,1, , , , , ,6,5,4,2,4,9,2,.602575
2,96160130,7594,971,6,5,1,1,12, , , , , , , , , ,1,3, ,2,5,4, , , , , ,1,2,4, , , ,2, , , , ,4,0,1, , , , , ,7,4,1, , , , , ,6,3,9,1,5,1,1,1.476026
2,96208990,8202,1057,6,5,1,1,4, , , , , , , , , ,1,3, ,2,5,4, , , , , ,1,2,3,4,5,6,2, , , , ,4,0,3,3,5, , , ,1,7,1, , , , , ,5,5,3,1,6,9,2,1.467897
2,96217768,8416,1084,6,5,1,1,12, , , , , , , , , ,1,3, ,2,5,4, , , , , ,1,2,3,4, , ,1,2, , , ,4,0,1, , , , , ,1,4,1, , , , , ,5,5,5,2,8,19,2,1.505937
2,97212976,11323,1465,5,4,1,2,4, , , , , , , , , ,1,3, ,2,5,4, , , , , ,2, , , , , ,2, , , , ,4,0,1, , , , , ,4,13,1, , , , , ,4,5,5,1,8,6,1,1.323015
2,97212976,11323,1466,5,4,1,2,12, , , , , , , , , ,1,3, ,2,5,4, , , , , ,1,2,4, , , ,2, , , , ,4,0,1, , , , , ,4,13,1, , , , , ,4,5,5,1,8,6,1,1.323015
3,96219962,13980,1870,4,3,1,2,12, , , , , , , , , ,1,1,5, ,5,4, , , , , ,1,4,7, , , ,2, , , , ,4,0,1, , , , , ,1,8,1, , , , , ,7,5,6,2,7,6,1,1.322407
3,98104951,15074,2011,3,2,1,1,3, , , , , , , , , ,1,3, ,2,5,4, , , , , ,1,2,4, , , ,2, , , , ,4,0,1, , , , , ,1,3,1, , , , , ,7,4,8,2,8,2,1,1.099005
3,98200675,16306,2178,5,4,1,1,12, , , , , , , , , ,1,3, ,2,5,4, , , , , ,1,3,4,6,7, ,2, , , , ,4,0,1, , , , , ,1,88,1, , , , , ,6,2,12,2,10,19,1,.901978
3,98233926,18080,2430,4,3,1,2,12, , , , , , , , , ,1,3, ,2,5,4, , , , , ,1,2,3,4,6, ,2, , , , ,4,0,1, , , , , ,7,11,1, , , , , ,7,3,4,2,3,5,2,.77529
4,99209729,22676,3061,7,6,1,1,12, , , , , , , , , ,1,3, ,2,5,4, , , , , ,1,2,4, , , ,2, , , , ,4,0,1, , , , , ,1,6,1, , , , , ,5,5,5,2,9,7,1,1.97244
1,96140900,4532,251,5,4,1,1,13, , , , , , , , , ,1,3, ,2,5,1,2,3, , , ,2, , , , , ,2, , , , ,3,2,1, , , , , ,1,7,1, , , , , ,11,3,13,2,6,3,1,.503776
1,96119513,2819,118,3,2,1,1,12, , , , , , , , , ,1,3, ,2,5,4, , , , , ,1,2,3,4,5,6,2, , , , ,3,0,1, , , , , ,6,9,1, , , , , ,5,5,5,2,8,18,1,3.117147
1,96146467,5331,280,3,2,1,2,9, , , , , , , , , ,1,3, ,2,5,4, , , , , ,1,2,4,6,7, ,2, , , , ,3,0,1, , , , , ,6,7,1, , , , , ,4,5,12,1,7,1,2,1.507684
1,96219962,171,551,4,3,1,2,8, , , , , , , , , ,1,2, , ,5,4, , , , , ,1,2,4, , , ,2, , , , ,3,0,1, , , , , ,1,7,1, , , , , ,7,5,6,2,8,6,1,1.250455
2,96204250,8067,1035,4,3,3, ,2, , , , , , , , , ,1,3, ,2,5,4, , , , , ,2, , , , , ,1,4, , , ,3,0,1, , , , , ,1,3,1, , , , , ,6,5,6,2,7,21,1,1.520953
2,97102418,9636,1223,3,2,1,2,1, , , , , , , , , ,1,3, ,2,5,4, , , , , ,1,2,3,4, , ,2, , , , ,3,0,5,4, , , , ,1,8,1, , , , , ,5,5,4,2,9,1,2,2.108348
2,97117498,10400,1333,5,4,1,2,4, , , , , , , , , ,1,3, ,2,5,4, , , , , ,1,2,3,4,6, ,2, , , , ,3,0,4,1, , , , ,8,11,1, , , , , ,7,4,6,2,10,2,2,.555076
2,97208259,11077,1429,5,4,1,1,13, , , , , , , , , ,1,2, , ,5,4, , , , , ,1,2,4, , , ,2, , , , ,3,0,1, , , , , ,5,4,1, , , , , ,8,3,5,2,5,6,2,.548113
3,98124775,16069,2145,5,4,1,2,2, , , , , , , , , ,1,3, ,2,5,4, , , , , ,1,2,4, , , ,2, , , , ,3,0,1, , , , , ,1,3,1, , , , , ,6,5,11,2,3,2,2,.665917
3,98127155,16184,2162,6,5,1,1,2, , , , , , , , , ,1,3, ,2,5,4, , , , , ,1,2, , , , ,2, , , , ,3,0,1, , , , , ,10,9,1, , , , , ,4,5,6,2,9,3,2,1.617648
3,98230013,17908,2405,5,4,1,1,8, , , , , , , , , ,1,3, ,2,5,4, , , , , ,1,2,4, , , ,2, , , , ,3,0,1, , , , , ,1,11,1, , , , , ,6,5,6,1,5,6,2,.636699
4,96123711,18551,2496,4,3,1,2,9, , , , , , , , , ,1,2, , ,5,4, , , , , ,1,2,4, , , ,2, , , , ,3,0,1, , , , , ,5,2,1, , , , , ,6,6,3,2,9,3,1,2.172774
4,99101288,20589,2779,5,4,1,2,13, , , , , , , , , ,1,2, , ,5,4, , , , , ,1,1,2,3,4,5,2, , , , ,3,0,1, , , , , ,8,4,1, , , , , ,5,5,6,1,9,2,1,1.538275
4,99128093,21904,2959,5,4,1,2,2, , , , , , , , , ,1,3, ,2,5,4, , , , , ,1,2, , , , ,2, , , , ,3,0,1, , , , , ,1,5,1, , , , , ,11,3,13,2,6,1,1,.369889
3,98216030,17167,2299,5,4,1,1,6, , , , , , , , , ,1,3, ,1,5,1,3,4,6, , ,2, , , , , ,2, , , , ,2,1,1, , , , , ,9,1,1, , , , , ,1,2,14,1,2,19,1,7.436219
1,96104556,4810,24,4,3,3, ,2, , , , , , , , , ,1,3, ,2,5,4, , , , , ,2, , , , , ,2, , , , ,2,0,1, , , , , ,1,9,1, , , , , ,8,2,13,2,2,3,2,.769932
4,99225642,23434,3156,4,3,1,1,5, , , , , , , , , ,1,3, ,2,5,4, , , , , ,1,2,3,4, , ,2, , , , ,2,0,3,3, , , , ,1,2,1, , , , , ,6,5,3,1,9,6,1,2.320289
2,97202128,10756,1392,2,1,3, ,2, , , , , , , , , ,1,3, ,2,5,4, , , , , ,2, , , , , ,2, , , , ,1,0,1, , , , , ,1,3,1, , , , , ,9,3,11,2,2,21,2,1.344305
3,96110892,12340,1620,2,1,1,1,12, , , , , , , , , ,1,2, , ,5,4, , , , , ,1,2,4,6, , ,2, , , , ,1,0,1, , , , , ,1,5,1, , , , , ,4,6,5,1,7,3,1,3.115087
2,97200089,10639,1370,14,13,1,2,7, , , , , , , , , ,1,3, ,2,4,3,6, , , , ,2, , , , , ,2, , , , ,88,88,1, , , , , ,88,1,1, , , , , ,2,3,14,1,2,4,1,5.589661
4,99217147,23032,3107,8,7,1,1,12, , , , , , , , , ,1,3, ,2,4,4, , , , , ,2, , , , , ,2, , , , ,88,88,1, , , , , ,1,88,1, , , , , ,10,3,11,2,1,5,2,.532837
1,96116651,2199,100,8,7,1,1,12, , , , , , , , , ,1,3, ,1,4,4, , , , , ,1,2,3,4, , ,2, , , , ,88,0,1, , , , , ,11,10,1, , , , , ,8,6,13,1,7,4,2,.627507
1,96217726,2718,535,12,11,1,1,12, , , , , , , , , ,1,3, ,2,4,4, , , , , ,1,2,3,4,6,7,2, , , , ,88,0,1, , , , , ,88,10,1, , , , , ,10,3,13,2,8,19,2,.567509
2,96103770,6169,754,5,4,1,2,12, , , , , , , , , ,1,3, ,2,4,4, , , , , ,2, , , , , ,2, , , , ,88,0,1, , , , , ,1,88,1, , , , , ,1,1,14,1,2,2,2,19.615793
2,96217726,8414,1082,6,5,1,1,12, , , , , , , , , ,1,3, ,2,4,4, , , , , ,1,2,4,5,6,7,2, , , , ,88,0,1, , , , , ,88,1,1, , , , , ,10,3,13,2,6,19,2,.512064
2,96101071,6079,740,12,11,1,2,22, , , , , , , , , ,1,3, ,2,4,1,4, , , , ,2, , , , , ,2, , , , ,22,22,1, , , , , ,8,1,1, , , , , ,9,5,2,2,10,4,1,.679986
2,96227027,8668,1112,15,14,1,2,22, , , , , , , , , ,1,3, ,2,4,1,2, , , , ,2, , , , , ,2, , , , ,22,22,1, , , , , ,1,1,1, , , , , ,11,5,11,2,8,5,2,.518533
2,96235654,8923,1143,13,12,1,2,22, , , , , , , , , ,1,3, ,2,4,1,1,5, , , ,2, , , , , ,2, , , , ,22,22,1, , , , , ,11,11,1, , , , , ,8,3,6,2,5,13,2,.621435
3,96222681,14040,1878,17,16,1,2,21, , , , , , , , , ,1,3, ,2,4,1,2,3, , , ,2, , , , , ,2, , , , ,22,22,4,2,3, , , ,7,9,1, , , , , ,10,3,11,2,4,14,2,.61346
3,96207256,13716,1833,11,10,1,2,21,24,62, , , , , , , ,1,3, ,2,4,1,1,3,4, , ,2, , , , , ,2, , , , ,22,21,1, , , , , ,11,9,1, , , , , ,10,4,13,2,8,6,2,.391799
2,96103112,6144,750,13,12,1,2,26, , , , , , , , , ,1,3, ,2,4,1,3, , , , ,2, , , , , ,2, , , , ,22,20,11,1,2,5, , ,10,6,1, , , , , ,9,5,13,4,8,1,2,.45997
1,96245142,3273,674,14,13,1,1,18, , , , , , , , , ,1,3, ,2,4,2,2, , , , ,1,6, , , , ,2, , , , ,22,14,1, , , , , ,6,8,1, , , , , ,5,5,6,2,10,13,1,1.938295
4,99109383,21026,2832,10,9,1,1,26, , , , , , , , , ,1,3, ,2,4,1,1,3, , , ,1,6, , , , ,2, , , , ,22,14,5,2, , , , ,10,7,1, , , , , ,6,5,4,2,9,10,2,1.327272
2,97120396,10535,1356,10,9,1,1,12, , , , , , , , , ,1,3, ,2,4,4, , , , , ,1,2,4, , , ,2, , , , ,22,0,1, , , , , ,1,11,1, , , , , ,6,6,5,1,10,2,2,.885056
2,97207650,11038,1427,12,11,1,1,27, , , , , , , , , ,1,3, ,2,4,4, , , , , ,1,1,2,4,5,7,2, , , , ,22,0,5,1,2,3,5, ,9,14,1, , , , , ,4,5,3,2,8,4,2,.979225
3,96174278,13488,1800,16,15,1,2,16, , , , , , , , , ,1,3, ,1,4,4, , , , , ,1,1,2,3, , ,2, , , , ,22,0,1, , , , , ,9,6,1, , , , , ,8,6,1,1,9,2,2,.573995
3,98110060,15332,2050,60,59,1,1,2, , , , , , , , , ,1,3, ,1,4,4, , , , , ,1,2,4, , , ,2, , , , ,22,0,1, , , , , ,1,6,1, , , , , ,1,2,14,1,1,1,2,12.133145
3,98228189,17815,2392,14,13,1,2,62, , , , , , , , , ,1,3, ,2,4,4, , , , , ,1,2,3,4,5,6,2, , , , ,22,0,1, , , , , ,14,12,1, , , , , ,10,6,13,2,5,5,2,.37814
4,96168321,19269,2604,7,6,1,2,12, , , , , , , , , ,1,3, ,2,4,4, , , , , ,1,2,3,4, , ,2, , , , ,22,0,3,2, , , , ,10,11,1, , , , , ,5,5,3,2,9,1,2,1.669582
4,99117280,21403,2892,60,59,1,2,62, , , , , , , , , ,1,3, ,2,4,4, , , , , ,1,1,2,3,4,6,2, , , , ,22,0,1, , , , , ,9,12,1, , , , , ,5,6,5,1,8,1,1,5.219821
3,98201384,16339,2185,13,12,1,2,62, , , , , , , , , ,1,3, ,2,4,3,3,4, , , ,2, , , , , ,2, , , , ,21,21,1, , , , , ,9,11,1, , , , , ,5,5,5,1,7,4,1,1.591564
3,98207582,16659,2229,13,12,1,1,24, , , , , , , , , ,1,3, ,2,4,1,1,4, , , ,2, , , , , ,2, , , , ,21,21,1, , , , , ,1,1,1, , , , , ,9,6,3,2,9,19,2,.358212
4,99227672,23538,3169,10,9,1,1,15, , , , , , , , , ,1,3, ,2,4,1,1, , , , ,1,1, , , , ,2, , , , ,21,20,1, , , , , ,11,8,1, , , , , ,8,5,5,2,7,4,2,.703254
3,98214025,17031,2278,12,11,1,1,15,16, , , , , , , , ,1,3, ,2,4,1,1,4, , , ,1,5,6, , , ,2, , , , ,21,19,11,1,2,5, , ,88,11,1, , , , , ,8,5,13,2,7,6,2,.54881
3,98229404,17876,2400,13,12,1,1,18, , , , , , , , , ,1,3, ,2,4,1,3, , , , ,1,6, , , , ,2, , , , ,21,17,1, , , , , ,4,1,1, , , , , ,7,4,5,2,8,4,2,.519976
4,99100151,20529,2768,12,11,1,1,23,24, , , , , , , , ,1,3, ,2,4,1,1, , , , ,1,1, , , , ,2, , , , ,21,17,5,1,2,3, , ,11,9,1, , , , , ,6,5,4,2,7,2,2,1.397769
3,98118669,15761,2103,15,14,1,1,12, , , , , , , , , ,1,3, ,2,4,4, , , , , ,1,1,2,4,6, ,2, , , , ,21,0,5,1, , , , ,1,1,1, , , , , ,9,3,11,2,2,2,2,.414596
3,96106334,12234,1593,30,29,1,2,16, , , , , , , , , ,1,3, ,2,4,2,5, , , , ,2, , , , , ,2, , , , ,20,10,1, , , , , ,13,2,1, , , , , ,10,3,13,2,5,1,1,.736326
3,98232709,18013,2419,17,15,1,2,22, , , , , , , , , ,1,3, ,2,4,4, , , , , ,1,2,3,4,6, ,2, , , , ,20,0,7,1,2,3,4, ,11,7,1, , , , , ,2,5,14,1,1,4,2,2.13652
4,99215202,22942,3099,15,14,1,1,4,6, , , , , , , , ,1,3, ,2,4,4, , , , , ,2, , , , , ,2, , , , ,20,0,11,4, , , , ,9,12,1, , , , , ,4,5,4,1,5,11,1,2.101868
4,99234250,23879,3226,15,14,1,2,62, , , , , , , , , ,1,3, ,2,4,1,1,3, , , ,2, , , , , ,2, , , , ,19,17,1, , , , , ,1,10,1, , , , , ,9,2,11,2,2,6,2,.60637
1,96106286,5800,32,14,13,1,1,23,24,25,62, , , , , , ,1,3, ,2,4,1,1,3, , , ,2, , , , , ,2, , , , ,18,16,1, , , , , ,9,9,1, , , , , ,11,6,13,2,3,1,2,.605236
3,98125325,16094,2149,10,9,1,1,23,24, , , , , , , , ,1,3, ,2,4,1,1,3, , , ,2, , , , , ,2, , , , ,18,16,1, , , , , ,88,7,1, , , , , ,5,5,5,2,8,1,2,1.057979
4,99224388,23376,3146,10,9,1,1,23,24, , , , , , , , ,1,3, ,2,4,1,4,6, , , ,2, , , , , ,1,1,2,3,4,18,15,3,5, , , , ,88,10,1, , , , , ,7,3,6,2,6,4,2,.703254
4,99113034,21184,2850,10,9,1,2,62, , , , , , , , , ,1,3, ,2,4,1,1, , , , ,2, , , , , ,2, , , , ,18,14,3,2,3, , , ,8,3,1, , , , , ,8,3,5,2,8,1,2,.704302
2,96200363,7969,1023,6,5,1,1,12, , , , , , , , , ,1,3, ,2,4,4, , , , , ,1,2,4,5,7, ,2, , , , ,18,0,1, , , , , ,1,14,1, , , , , ,9,3,3,3,7,5,2,.496142
4,99113610,21206,2855,13,12,1,1,12, , , , , , , , , ,1,3, ,2,4,4, , , , , ,1,2,4, , , ,2, , , , ,18,0,1, , , , , ,10,8,1, , , , , ,8,6,4,2,8,1,1,.898312
4,99133422,22087,2977,5,4,1,1,12, , , , , , , , , ,1,3, ,2,4,4, , , , , ,1,2,4,5, , ,2, , , , ,18,0,1, , , , , ,1,5,1, , , , , ,5,5,2,1,10,2,1,1.538275
4,99228520,23592,3179,3,2,1,1,12, , , , , , , , , ,1,2, , ,4,4, , , , , ,1,2,4,5,6,7,2, , , , ,18,0,1, , , , , ,1,13,1, , , , , ,4,5,12,1,1,4,1,3.884484
3,98228943,17852,2398,9,8,1,1,30, , , , , , , , , ,1,3, ,2,4,1,2, , , , ,2, , , , , ,2, , , , ,17,13,4,1,3, , , ,10,1,1, , , , , ,9,3,11,2,5,11,2,.376661
3,98118352,15744,2100,5,4,1,1,12, , , , , , , , , ,1,3, ,2,4,1,1,2,4, , ,2, , , , , ,2, , , , ,17,11,1, , , , , ,9,5,1, , , , , ,11,6,3,2,10,2,2,.365829
2,97119174,10475,1348,5,4,1,1,12, , , , , , , , , ,1,3, ,2,4,1,2, , , , ,2, , , , , ,2, , , , ,17,6,1, , , , , ,1,1,1, , , , , ,10,4,13,2,5,1,1,.526279
3,98229716,17894,2402,19,18,1,2,61, , , , , , , , , ,1,3, ,1,4,4, , , , , ,1,2,3,4,6, ,2, , , , ,17,0,2,3, , , , ,11,11,1, , , , , ,7,5,1,1,9,17,2,.645306
4,96103697,18196,2446,8,7,1,2,12, , , , , , , , , ,1,3, ,2,4,4, , , , , ,1,2,4, , , ,2, , , , ,17,0,1, , , , , ,1,1,1, , , , , ,6,5,12,2,7,2,2,1.303096
3,96123870,12594,1660,8,7,1,1,26, , , , , , , , , ,1,3, ,1,4,1,1,2, , , ,2, , , , , ,2, , , , ,16,14,1, , , , , ,12,10,1, , , , , ,7,4,4,2,6,4,2,.691555
2,97103278,9687,1234,14,13,1,2,12, , , , , , , , , ,1,3, ,2,4,4, , , , , ,1,2,3,4,7, ,2, , , , ,16,0,1, , , , , ,12,11,1, , , , , ,6,5,4,2,10,2,1,1.383312
3,96235869,14346,1915,6,5,1,1,4, , , , , , , , , ,1,3, ,2,4,4, , , , , ,1,2,4,6, , ,2, , , , ,16,0,1, , , , , ,5,12,1, , , , , ,5,5,4,1,9,5,1,2.156235
3,98215110,17102,2288,15,14,1,2,2, , , , , , , , , ,1,3, ,2,4,4, , , , , ,2, , , , , ,2, , , , ,16,0,1, , , , , ,88,5,1, , , , , ,8,5,13,2,1,6,1,.903469
3,98215470,17126,2291,10,9,1,1,62, , , , , , , , , ,1,3, ,2,4,1,2, , , , ,2, , , , , ,2, , , , ,15,15,1, , , , , ,8,1,1, , , , , ,10,2,11,2,4,4,2,.371214
2,97105010,9765,1250,5,4,1,1,12, , , , , , , , , ,1,3, ,2,4,1,1,3,4, , ,2, , , , , ,2, , , , ,15,11,1, , , , , ,11,3,1, , , , , ,8,5,2,2,10,3,1,.839583
4,99114716,21271,2867,10,9,1,2,60, , , , , , , , , ,1,3, ,2,4,1,2, , , , ,2, , , , , ,2, , , , ,15,10,1, , , , , ,1,3,1, , , , , ,8,6,2,2,10,1,2,.704302
1,96237031,637,637,5,4,1,1,12, , , , , , , , , ,1,3, ,2,4,1,4, , , , ,2, , , , , ,2, , , , ,15,7,1, , , , , ,9,7,1, , , , , ,8,3,11,2,3,6,2,.491974
1,96218967,1568,544,5,4,1,1,7, , , , , , , , , ,1,3, ,2,4,2,2,3, , , ,2, , , , , ,2, , , , ,15,6,1, , , , , ,1,1,1, , , , , ,6,5,1,2,7,5,2,.611664
2,97229980,12040,1560,5,4,1,2,13, , , , , , , , , ,1,3, ,2,4,1,5, , , , ,2, , , , , ,2, , , , ,15,5,1, , , , , ,1,7,1, , , , , ,6,4,4,2,6,19,2,.72121
1,96218967,1568,545,5,4,1,2,9, , , , , , , , , ,1,3, ,2,4,2,2,3, , , ,2, , , , , ,2, , , , ,15,4,1, , , , , ,1,1,1, , , , , ,6,5,1,2,7,5,2,.611664
1,96108341,822,50,5,4,1,1,12, , , , , , , , , ,1,2, , ,4,4, , , , , ,1,2,4, , , ,2, , , , ,15,0,11,1,2,4,5, ,9,1,1, , , , , ,6,6,2,2,10,2,1,.979479
1,96108736,819,54,8,7,1,2,12, , , , , , , , , ,1,1,2, ,4,4, , , , , ,1,4,6, , , ,2, , , , ,15,0,1, , , , , ,9,1,1, , , , , ,7,6,2,2,10,2,2,.628778
1,96130047,790,188,5,4,1,1,7, , , , , , , , , ,1,1,2, ,4,4, , , , , ,1,2,4,6, , ,2, , , , ,15,0,14,1,2, , , ,9,7,1, , , , , ,5,5,11,2,10,2,2,.867062
1,96174934,1148,422,7,6,1,1,12, , , , , , , , , ,1,3, ,2,4,4, , , , , ,1,2,3,4,6,7,2, , , , ,15,0,1, , , , , ,12,10,1, , , , , ,6,6,3,2,6,2,1,1.249029
2,96118838,6563,811,6,5,1,1,12, , , , , , , , , ,1,3, ,2,4,4, , , , , ,1,2,4,6, , ,2, , , , ,15,0,1, , , , , ,9,9,1, , , , , ,5,5,3,1,8,3,2,1.477421
2,96135857,7011,882,15,14,1,1,12, , , , , , , , , ,1,3, ,2,4,4, , , , , ,1,2,4, , , ,2, , , , ,15,0,1, , , , , ,11,3,1, , , , , ,9,4,13,2,7,3,2,.451807
2,96204209,8063,1032,5,4,1,1,4, , , , , , , , , ,1,3, ,2,4,4, , , , , ,1,1,2,3,4,5,2, , , , ,15,0,1, , , , , ,8,1,1, , , , , ,7,4,1,2,7,8,2,.515393
2,97219261,11612,1497,6,5,1,2,12, , , , , , , , , ,1,3, ,2,4,4, , , , , ,1,2,3,4, , ,2, , , , ,15,0,1, , , , , ,10,7,1, , , , , ,4,5,1,1,8,5,1,1.708526
3,96148641,13047,1724,10,9,1,1,12, , , , , , , , , ,1,3, ,1,4,4, , , , , ,1,2,3,4, , ,2, , , , ,15,0,1, , , , , ,1,9,1, , , , , ,6,6,1,2,10,3,1,1.138874
3,96208112,13733,1838,10,9,1,1,12, , , , , , , , , ,1,3, ,2,4,4, , , , , ,2, , , , , ,2, , , , ,15,0,1, , , , , ,1,10,1, , , , , ,11,3,11,2,7,5,2,.380415
4,99109540,21035,2834,6,5,1,2,12, , , , , , , , , ,1,3, ,2,4,4, , , , , ,1,2,4, , , ,2, , , , ,15,0,1, , , , , ,12,5,1, , , , , ,5,5,6,1,6,1,1,1.860664
4,99211224,22757,3072,5,4,1,1,12, , , , , , , , , ,1,2, , ,4,4, , , , , ,1,2,3,4,6, ,2, , , , ,15,0,1, , , , , ,88,1,1, , , , , ,7,5,2,2,9,8,1,.64117
3,98211735,16894,2258,5,4,1,1,4, , , , , , , , , ,1,3, ,2,4,1,1, , , , ,2, , , , , ,2, , , , ,14,8,1, , , , , ,11,1,1, , , , , ,7,4,6,2,6,13,2,.433286
4,96129292,18647,2506,8,7,1,2,2, , , , , , , , , ,1,3, ,2,4,2,3,4, , , ,2, , , , , ,2, , , , ,14,8,10,1,5, , , ,9,2,1, , , , , ,8,2,6,2,7,3,2,.653195
1,96259935,4177,731,7,6,1,2,2, , , , , , , , , ,1,2, , ,4,3,1,5, , , ,2, , , , , ,2, , , , ,14,4,1, , , , , ,10,1,1, , , , , ,8,5,3,2,9,8,1,1.023343
2,97100096,9496,1207,14,13,1,2,60, , , , , , , , , ,1,3, ,2,4,4, , , , , ,1,2,4, , , ,2, , , , ,14,0,14,1, , , , ,12,4,1, , , , , ,5,5,5,2,8,2,2,1.409636
3,96239083,14406,1926,28,27,1,1,13, , , , , , , , , ,1,3, ,2,4,4, , , , , ,1,2,4,6, , ,2, , , , ,14,0,6,4,5, , , ,9,8,1, , , , , ,4,6,5,1,5,19,2,1.664226
3,98104436,15046,2007,14,12,1,1,29, , , , , , , , , ,1,3, ,1,4,4, , , , , ,2, , , , , ,2, , , , ,14,0,1, , , , , ,88,88,1, , , , , ,1,1,14,1,2,2,2,7.999347
4,99121094,21584,2915,7,6,1,2,12, , , , , , , , , ,1,3, ,2,4,4, , , , , ,1,2,4,6,7, ,2, , , , ,14,0,8,1,2, , , ,9,6,1, , , , , ,7,6,3,2,10,18,1,.835673
2,96207256,8151,1045,5,4,1,2,60, , , , , , , , , ,1,3, ,2,4,1,1,2,3, , ,2, , , , , ,2, , , , ,13,12,1, , , , , ,9,9,1, , , , , ,11,4,13,2,8,6,2,.436779
2,96231704,8793,1125,15,14,1,1,23,62, , , , , , , , ,1,3, ,2,4,1,3, , , , ,2, , , , , ,2, , , , ,13,12,7,1,2,5, , ,7,11,1, , , , , ,8,5,6,2,5,20,2,.677041
3,96244583,14525,1941,13,12,1,2,62, , , , , , , , , ,1,3, ,2,4,1,1,2,3,4, ,2, , , , , ,2, , , , ,13,12,1, , , , , ,12,8,1, , , , , ,11,6,13,2,6,5,1,.428265
4,96123991,18560,2499,6,5,1,1,12, , , , , , , , , ,1,2, , ,4,2,1, , , , ,1,1,2,4,6,65,2, , , , ,13,12,6,1,5, , , ,9,4,1, , , , , ,6,4,11,2,4,2,2,1.303096
4,99120433,21553,2911,7,6,1,1,7, , , , , , , , , ,1,3, ,2,4,1,6, , , , ,1,6, , , , ,2, , , , ,13,12,1, , , , , ,5,2,1, , , , , ,7,4,6,2,7,3,1,.833126
1,96261398,735,736,5,4,1,1,12, , , , , , , , , ,1,3, ,2,4,1,2,4, , , ,2, , , , , ,2, , , , ,13,9,8,2,5, , , ,9,7,1, , , , , ,8,4,11,2,1,6,2,.491974
4,99114350,21248,2862,6,5,1,1,12, , , , , , , , , ,1,3, ,2,4,1,1, , , , ,2, , , , , ,2, , , , ,13,9,1, , , , , ,1,1,1, , , , , ,8,2,11,2,1,3,2,.653195
3,98119145,15793,2106,5,4,1,1,12, , , , , , , , , ,1,3, ,2,4,1,4, , , , ,2, , , , , ,2, , , , ,13,8,1, , , , , ,8,6,1, , , , , ,7,5,5,2,7,1,1,.796129
4,99230529,23696,3201,6,5,1,1,12, , , , , , , , , ,1,3, ,2,4,1,4, , , , ,2, , , , , ,2, , , , ,13,8,1, , , , , ,9,4,1, , , , , ,10,3,13,2,4,6,2,.566878
4,99232253,23778,3213,5,4,1,1,12, , , , , , , , , ,1,1,5, ,4,1,1, , , , ,1,1, , , , ,2, , , , ,13,8,11,1, , , , ,9,9,1, , , , , ,8,3,5,1,7,4,2,.513089
1,96115190,2813,93,9,8,1,1,12, , , , , , , , , ,1,3, ,1,4,4, , , , , ,1,3,4, , , ,2, , , , ,13,0,3,3, , , , ,10,4,1, , , , , ,6,6,3,1,9,18,2,.849031
1,96173481,2056,416,10,9,1,1,12, , , , , , , , , ,1,3, ,1,4,4, , , , , ,1,2,3,4,6, ,2, , , , ,13,0,1, , , , , ,10,10,1, , , , , ,7,4,11,2,8,4,2,.690931
1,96173939,844,417,14,13,1,1,15, , , , , , , , , ,1,3, ,2,4,4, , , , , ,1,2,3,4, , ,2, , , , ,13,0,1, , , , , ,1,3,1, , , , , ,3,6,3,1,10,2,1,1.914934
1,96203408,1433,457,7,6,1,1,12, , , , , , , , , ,1,3, ,2,4,4, , , , , ,1,2,3,4,6, ,2, , , , ,13,0,1, , , , , ,8,11,1, , , , , ,6,5,3,2,10,5,2,.779992
1,96205459,319,469,7,6,1,1,12, , , , , , , , , ,1,3, ,2,4,4, , , , , ,1,2,3,4,6, ,2, , , , ,13,0,4,2,5, , , ,5,3,1, , , , , ,4,5,3,1,7,6,2,.842448
2,96151387,7391,943,28,27,1,2,60, , , , , , , , , ,1,3, ,2,4,4, , , , , ,1,2,4, , , ,2, , , , ,13,0,13,1,2,3,4, ,12,9,1, , , , , ,7,5,11,2,2,1,2,1.165656
2,96202001,8008,1027,8,7,1,2,5, , , , , , , , , ,1,3, ,2,4,4, , , , , ,1,2,4, , , ,2, , , , ,13,0,1, , , , , ,11,12,1, , , , , ,4,5,1,2,5,14,1,1.723364
3,96155808,13180,1748,31,30,1,2,30, , , , , , , , , ,1,3, ,1,4,4, , , , , ,1,1,2,3,4,7,2, , , , ,13,0,5,4,5, , , ,1,9,1, , , , , ,6,6,3,2,7,1,2,1.092272
3,96213430,13833,1853,10,9,1,1,12, , , , , , , , , ,1,3, ,1,4,4, , , , , ,1,2,4,6,7, ,2, , , , ,13,0,1, , , , , ,5,11,1, , , , , ,3,5,14,1,2,5,2,1.872127
3,96216123,13895,1857,10,9,1,1,12, , , , , , , , , ,1,3, ,2,4,4, , , , , ,1,2,3,4,5,6,2, , , , ,13,0,1, , , , , ,4,7,1, , , , , ,7,6,3,2,10,19,1,.816421
3,98126498,16152,2157,6,5,1,1,12, , , , , , , , , ,1,3, ,2,4,4, , , , , ,1,2,4,7, , ,2, , , , ,13,0,1, , , , , ,12,9,1, , , , , ,8,6,3,1,8,3,1,1.21664
4,96202277,19456,2631,14,13,1,2,62, , , , , , , , , ,1,3, ,2,4,4, , , , , ,1,2,4,6,7, ,2, , , , ,13,0,5,2,5, , , ,9,11,1, , , , , ,6,5,3,1,7,14,2,1.357774
1,96235242,438,626,10,9,1,1,26, , , , , , , , , ,1,3, ,2,4,1,2,3, , , ,2, , , , , ,2, , , , ,12,12,14,2, , , , ,10,1,1, , , , , ,5,5,6,1,6,6,2,1.214692
4,99114692,21268,2865,6,5,1,1,12, , , , , , , , , ,1,3, ,2,4,1,4, , , , ,2, , , , , ,2, , , , ,12,12,1, , , , , ,1,1,1, , , , , ,11,2,11,2,4,10,2,.56906
1,96174278,894,418,8,7,1,2,60, , , , , , , , , ,1,3, ,1,4,1,1,3,4, , ,1,1,2,3, , ,2, , , , ,12,11,1, , , , , ,1,1,1, , , , , ,8,6,1,1,9,2,2,.628778
1,96236965,1975,636,5,4,1,1,12, , , , , , , , , ,1,3, ,2,4,1,2,4, , , ,2, , , , , ,2, , , , ,12,11,1, , , , , ,8,1,1, , , , , ,9,3,6,2,10,4,2,.403932
4,99223203,23322,3140,6,5,1,2,12, , , , , , , , , ,1,3, ,2,4,1,2, , , , ,2, , , , , ,2, , , , ,12,11,1, , , , , ,1,9,1, , , , , ,10,5,13,2,7,6,2,.566878
2,96208433,8181,1049,5,4,1,1,12, , , , , , , , , ,1,1,4, ,4,1,4, , , , ,2, , , , , ,2, , , , ,12,10,1, , , , , ,4,1,1, , , , , ,6,3,5,2,7,13,1,1.066179
3,98118990,15782,2105,5,4,1,1,12, , , , , , , , , ,1,3, ,2,4,1,2, , , , ,1,1, , , , ,2, , , , ,12,10,1, , , , , ,1,7,1, , , , , ,11,3,13,2,5,3,2,.354158
1,96126627,1286,169,5,4,1,1,12, , , , , , , , , ,1,3, ,2,4,1,3,4, , , ,2, , , , , ,2, , , , ,12,9,1, , , , , ,1,5,1, , , , , ,9,5,13,3,4,2,2,.40475
2,97211329,11235,1447,10,8,1,2,28, , , , , , , , , ,1,3, ,2,4,1,2,3, , , ,2, , , , , ,2, , , , ,12,9,1, , , , , ,13,10,1, , , , , ,8,5,12,2,10,5,1,1.021504
3,98126578,16154,2158,5,4,1,1,12, , , , , , , , , ,1,3, ,2,4,1,2, , , , ,2, , , , , ,2, , , , ,12,9,1, , , , , ,1,12,1, , , , , ,10,4,6,2,5,10,2,.322401
4,96204937,19509,2638,7,6,1,1,12, , , , , , , , , ,1,3, ,2,4,1,4, , , , ,2, , , , , ,2, , , , ,12,8,1, , , , , ,9,12,1, , , , , ,9,3,11,2,8,9,2,.530604
2,96160746,7610,974,5,4,1,1,12, , , , , , , , , ,1,3, ,2,4,1,4, , , , ,2, , , , , ,2, , , , ,12,7,1, , , , , ,6,8,1, , , , , ,7,3,8,2,6,4,2,.532132
3,98219977,17387,2330,5,4,1,1,5,6, , , , , , , , ,1,2, , ,4,1,4, , , , ,2, , , , , ,2, , , , ,12,7,1, , , , , ,7,2,1, , , , , ,9,3,3,2,10,6,1,.483282
3,96229656,14187,1900,5,4,1,1,9, , , , , , , , , ,1,3, ,2,4,3,2,4, , , ,2, , , , , ,2, , , , ,12,3,1, , , , , ,1,14,1, , , , , ,9,3,4,3,10,19,2,.317881
1,96225078,4063,581,7,6,1,1,12, , , , , , , , , ,1,3, ,2,4,4, , , , , ,1,1,2,3,4,6,2, , , , ,12,0,6,1,2,5, , ,88,4,1, , , , , ,4,5,5,1,7,9,2,.830655
2,96120601,6603,824,9,8,1,1,12, , , , , , , , , ,1,2, , ,4,4, , , , , ,1,2,4,6, , ,2, , , , ,12,0,1, , , , , ,8,9,1, , , , , ,5,5,9,1,8,4,1,2.089121
2,96149836,7354,935,6,5,1,1,12, , , , , , , , , ,1,3, ,2,4,4, , , , , ,1,2,3,4,6, ,2, , , , ,12,0,1, , , , , ,9,4,1, , , , , ,4,5,6,1,6,3,2,1.070566
3,96223984,14072,1884,5,4,1,1,12, , , , , , , , , ,1,2, , ,4,4, , , , , ,1,2,3,4, , ,2, , , , ,12,0,1, , , , , ,9,11,1, , , , , ,5,5,5,1,7,14,2,.965614
3,98111780,15424,2056,8,7,1,2,2, , , , , , , , , ,1,3, ,2,4,4, , , , , ,1,2,4, , , ,2, , , , ,12,0,11,4, , , , ,1,8,1, , , , , ,9,3,6,3,9,1,1,.719226
3,98201814,16358,2187,7,6,1,2,12, , , , , , , , , ,1,3, ,2,4,4, , , , , ,1,2,3,4, , ,2, , , , ,12,0,1, , , , , ,12,7,1, , , , , ,6,6,5,1,9,6,2,.954229
4,99127222,21873,2956,12,11,1,1,12, , , , , , , , , ,1,3, ,2,4,4, , , , , ,2, , , , , ,2, , , , ,12,0,1, , , , , ,10,3,1, , , , , ,11,3,13,2,5,1,2,.608507
2,96160229,7597,972,8,7,1,1,12, , , , , , , , , ,1,3, ,2,4,3,6, , , , ,1,2,4,7, , ,2, , , , ,11,88,1, , , , , ,11,12,1, , , , , ,9,1,11,2,7,4,2,.488998
2,97216258,11475,1483,10,9,1,2,2, , , , , , , , , ,1,3, ,2,4,1,4, , , , ,1,6, , , , ,2, , , , ,11,11,3,5, , , , ,9,9,1, , , , , ,9,5,13,1,5,13,2,.435586
1,96109136,921,56,5,4,1,2,9, , , , , , , , , ,1,1,2, ,4,1,2,5, , , ,2, , , , , ,2, , , , ,11,10,1, , , , , ,6,7,1, , , , , ,8,5,11,2,8,2,2,.493083
1,96138572,5152,237,7,6,1,2,12, , , , , , , , , ,1,3, ,2,4,1,2, , , , ,2, , , , , ,2, , , , ,11,10,1, , , , , ,1,4,1, , , , , ,8,5,5,2,8,1,2,.626826
1,96217435,2729,530,5,4,1,1,9, , , , , , , , , ,1,1,2, ,4,1,1,2, , , ,2, , , , , ,2, , , , ,11,10,1, , , , , ,11,10,1, , , , , ,8,5,1,2,8,19,2,.493884
2,96140912,7135,906,5,4,1,1,12, , , , , , , , , ,1,3, ,2,4,1,4,6, , , ,1,6, , , , ,2, , , , ,11,10,1, , , , , ,1,10,1, , , , , ,2,3,14,1,1,4,1,4.637876
3,96115023,12418,1636,5,4,1,1,12, , , , , , , , , ,1,3, ,2,4,1,3, , , , ,2, , , , , ,2, , , , ,11,10,1, , , , , ,1,1,1, , , , , ,7,5,6,2,10,4,1,.759625
4,99200798,22201,2991,5,4,1,1,12, , , , , , , , , ,1,3, ,2,4,1,1,5, , , ,2, , , , , ,2, , , , ,11,10,1, , , , , ,1,9,1, , , , , ,7,6,5,1,10,13,1,.623317
3,96173160,13472,1794,5,4,1,1,12, , , , , , , , , ,1,3, ,2,4,1,1, , , , ,2, , , , , ,2, , , , ,11,9,1, , , , , ,7,1,1, , , , , ,10,5,2,2,8,3,2,.352041
3,96149068,13053,1725,5,4,1,1,12, , , , , , , , , ,1,3, ,2,4,3,2, , , , ,2, , , , , ,2, , , , ,11,8,1, , , , , ,9,11,1, , , , , ,6,6,2,2,9,1,1,.991153
3,98123086,15998,2135,5,4,1,1,9, , , , , , , , , ,1,3, ,2,4,1,1,2,3, , ,2, , , , , ,2, , , , ,11,7,1, , , , , ,9,10,1, , , , , ,11,4,13,2,8,2,2,.365829
3,98203910,16476,2205,7,6,1,1,12, , , , , , , , , ,1,3, ,2,4,1,3, , , , ,2, , , , , ,2, , , , ,11,7,1, , , , , ,9,12,1, , , , , ,6,6,2,2,10,6,2,.954229
2,97212033,11266,1454,5,4,1,1,12, , , , , , , , , ,1,3, ,2,4,2,1,3, , , ,2, , , , , ,2, , , , ,11,6,1, , , , , ,9,8,1, , , , , ,11,6,13,2,8,4,1,.481645
2,97220885,11694,1505,8,7,1,2,2, , , , , , , , , ,1,3, ,2,4,2,4,6, , , ,2, , , , , ,2, , , , ,11,6,3,3, , , , ,1,10,1, , , , , ,9,4,13,2,6,11,1,.734051
3,96244167,14513,1938,6,5,1,1,9, , , , , , , , , ,1,2, , ,4,1,1,2,3, , ,2, , , , , ,2, , , , ,11,6,3,3,5, , , ,1,1,1, , , , , ,9,5,5,2,8,5,2,.50883
3,96244167,14513,1939,5,4,1,2,12, , , , , , , , , ,1,2, , ,4,1,1,2,3, , ,2, , , , , ,2, , , , ,11,6,3,3,5, , , ,1,1,1, , , , , ,9,5,5,2,8,5,2,.339511
3,98115517,15606,2081,5,4,1,1,9, , , , , , , , , ,1,3, ,2,4,1,4, , , , ,2, , , , , ,2, , , , ,11,6,1, , , , , ,8,1,1, , , , , ,10,3,4,2,8,3,1,.434589
3,98220453,17425,2336,6,5,1,1,13, , , , , , , , , ,1,3, ,2,4,3,2,3, , , ,2, , , , , ,2, , , , ,11,6,1, , , , , ,5,8,1, , , , , ,7,3,5,2,8,13,2,.649371
3,98233105,18031,2421,5,4,1,1,8, , , , , , , , , ,1,3, ,2,4,1,2,4, , , ,2, , , , , ,2, , , , ,11,6,1, , , , , ,8,6,1, , , , , ,7,3,3,1,7,9,1,.759492
1,96248886,2721,687,6,5,1,1,12, , , , , , , , , ,1,1,2, ,4,2,2, , , , ,2, , , , , ,2, , , , ,11,3,1, , , , , ,1,1,1, , , , , ,7,4,5,2,8,19,2,.6298
1,96111409,4518,74,7,6,1,1,2, , , , , , , , , ,1,1,2, ,4,4, , , , , ,1,2, , , , ,2, , , , ,11,0,8,2,3, , , ,1,9,1, , , , , ,6,3,4,1,7,3,1,1.24451
1,96138999,826,239,7,6,1,1,12, , , , , , , , , ,1,1,2, ,4,4, , , , , ,1,1,2,3,4,6,2, , , , ,11,0,1, , , , , ,1,7,1, , , , , ,10,5,2,2,10,2,1,.651512
1,96150556,3995,300,5,4,1,1,29, , , , , , , , , ,1,3, ,2,4,4, , , , , ,1,2, , , , ,2, , , , ,11,0,1, , , , , ,1,1,1, , , , , ,5,5,11,2,1,10,2,.864603
1,96157896,870,332,5,4,1,2,12, , , , , , , , , ,1,1,2, ,4,4, , , , , ,1,2,4,5, , ,2, , , , ,11,0,1, , , , , ,1,1,1, , , , , ,5,6,3,2,9,2,1,1.38236
1,96169660,5214,392,8,7,1,1,12, , , , , , , , , ,1,3, ,2,4,4, , , , , ,1,3,5,6, , ,2, , , , ,11,0,2,4, , , , ,4,7,1, , , , , ,4,5,3,1,8,1,1,1.187249
1,96174577,832,420,7,6,1,1,12, , , , , , , , , ,1,3, ,2,4,4, , , , , ,1,2,4,7, , ,2, , , , ,11,0,1, , , , , ,9,8,1, , , , , ,8,4,2,2,10,2,1,1.019803
1,96202360,595,451,5,4,1,1,12, , , , , , , , , ,1,1,1, ,4,4, , , , , ,1,2,4,6, , ,2, , , , ,11,0,1, , , , , ,88,12,1, , , , , ,9,5,11,2,4,6,2,.40384
1,96234401,1452,621,7,6,1,1,12, , , , , , , , , ,1,1,5, ,4,4, , , , , ,1,2,4,6, , ,2, , , , ,11,0,7,2,5, , , ,7,12,1, , , , , ,5,6,3,2,9,5,1,1.760355
1,96236085,1908,632,7,6,1,1,4, , , , , , , , , ,1,1,1, ,4,4, , , , , ,1,1,2,3,4,6,2, , , , ,11,0,4,2,5, , , ,1,11,1, , , , , ,5,6,3,1,9,20,2,1.096129
1,96243209,1434,671,14,13,1,2,23,24,25, , , , , , , ,1,3, ,2,4,4, , , , , ,1,2,3,4,6, ,2, , , , ,11,0,1, , , , , ,10,8,1, , , , , ,7,6,2,2,10,5,1,1.121332
2,96138415,7063,893,6,5,1,1,12, , , , , , , , , ,1,2, , ,4,4, , , , , ,1,2,4,6, , ,2, , , , ,11,0,1, , , , , ,7,12,1, , , , , ,6,4,5,1,7,4,2,.922952
2,96140318,7113,902,13,12,1,1,12, , , , , , , , , ,1,3, ,2,4,4, , , , , ,1,2,3,4,6, ,2, , , , ,11,0,1, , , , , ,10,8,1, , , , , ,6,4,5,2,7,2,1,1.383312
2,96149085,7334,931,5,4,1,1,12, , , , , , , , , ,1,3, ,2,4,4, , , , , ,1,2, , , , ,2, , , , ,11,0,1, , , , , ,10,2,1, , , , , ,3,6,3,1,5,1,2,1.083461
2,96235869,8931,1144,21,20,1,1,4,5, , , , , , , , ,1,3, ,2,4,4, , , , , ,1,2,3,4,5,6,2, , , , ,11,0,1, , , , , ,6,11,1, , , , , ,5,5,4,1,5,5,1,3.76515
2,97103052,9678,1233,5,4,1,1,4, , , , , , , , , ,1,3, ,2,4,2,6, , , , ,2, , , , , ,2, , , , ,11,0,1, , , , , ,1,4,1, , , , , ,8,6,5,3,8,1,1,.854752
2,97219261,11612,1496,6,5,1,2,12, , , , , , , , , ,1,3, ,2,4,4, , , , , ,1,2,3,4, , ,2, , , , ,11,0,1, , , , , ,10,7,1, , , , , ,4,5,1,1,8,5,1,1.708526
2,97231081,12057,1563,5,4,1,2,12, , , , , , , , , ,1,3, ,2,4,4, , , , , ,1,2,3,4,6, ,2, , , , ,11,0,3,1,5, , , ,10,3,1, , , , , ,5,5,1,1,7,4,2,1.121261
3,96154304,13163,1743,11,10,1,1,12, , , , , , , , , ,1,3, ,2,4,4, , , , , ,1,2,4, , , ,2, , , , ,11,0,1, , , , , ,9,1,1, , , , , ,7,5,2,2,9,2,1,.94493
3,96203552,13628,1819,15,15,1,1,9, , , , , , , , , ,1,3, ,2,4,4, , , , , ,1,2,6, , , ,2, , , , ,11,0,1, , , , , ,12,13,1, , , , , ,5,5,4,2,7,13,2,.947893
3,98105973,15108,2015,5,4,1,2,12, , , , , , , , , ,1,3, ,2,4,4, , , , , ,1,2,4, , , ,2, , , , ,11,0,1, , , , , ,7,5,1, , , , , ,5,5,5,1,8,1,2,.938862
3,98119234,15801,2109,9,8,1,1,12, , , , , , , , , ,1,3, ,1,4,4, , , , , ,1,2,4,6,7, ,2, , , , ,11,0,1, , , , , ,10,7,1, , , , , ,6,4,2,2,9,1,2,.71245
3,98220126,17397,2331,10,9,1,1,12, , , , , , , , , ,1,3, ,1,4,4, , , , , ,1,2,4,6, , ,2, , , , ,11,0,1, , , , , ,1,7,1, , , , , ,2,3,14,1,1,20,1,3.516774
4,96120601,18483,2483,7,6,1,1,12, , , , , , , , , ,1,3, ,2,4,4, , , , , ,1,2, , , , ,2, , , , ,11,0,6,2, , , , ,8,8,1, , , , , ,5,5,9,1,8,4,1,1.857895
4,99103068,20678,2792,5,4,1,1,13, , , , , , , , , ,1,3, ,2,4,4, , , , , ,1,2,4, , , ,2, , , , ,11,0,1, , , , , ,5,10,1, , , , , ,6,5,2,1,10,1,2,.965359
4,99122270,21652,2924,9,8,1,2,12, , , , , , , , , ,1,3, ,2,4,4, , , , , ,1,1,2,3,4,6,2, , , , ,11,0,1, , , , , ,1,7,1, , , , , ,7,6,1,2,9,1,2,.704302
4,99124935,21779,2939,5,4,1,1,12, , , , , , , , , ,1,3, ,2,4,4, , , , , ,1,2,3,4,5,6,2, , , , ,11,0,1, , , , , ,9,4,1, , , , , ,5,5,6,1,7,1,2,1.306613
4,99210634,22719,3069,5,4,1,1,12, , , , , , , , , ,1,3, ,2,4,4, , , , , ,1,2,3,4,5, ,2, , , , ,11,0,1, , , , , ,12,88,1, , , , , ,11,6,13,2,6,13,1,.351781
4,99224338,23375,3145,18,17,1,1,2, , , , , , , , , ,1,3, ,2,4,4, , , , , ,1,2, , , , ,2, , , , ,11,0,5,4, , , , ,1,9,1, , , , , ,7,6,3,2,10,19,1,.98883
4,99228175,23565,3175,9,8,1,1,12, , , , , , , , , ,1,3, ,2,4,4, , , , , ,1,2,4,7, , ,2, , , , ,11,0,1, , , , , ,9,7,1, , , , , ,7,3,9,2,6,4,2,.703254
1,96216775,1915,523,5,4,1,1,7, , , , , , , , , ,1,3, ,2,4,1,6, , , , ,2, , , , , ,2, , , , ,10,10,4,1,2,3,5, ,9,1,1, , , , , ,6,4,5,2,8,20,2,.607219
3,98202703,16414,2198,6,5,1,1,12, , , , , , , , , ,1,3, ,2,4,1,3,4, , , ,2, , , , , ,2, , , , ,10,10,1, , , , , ,1,8,1, , , , , ,11,5,13,2,7,16,1,.601002
3,98209319,16752,2238,5,4,1,1,12, , , , , , , , , ,1,3, ,2,4,1,1,2, , , ,2, , , , , ,1,2,3,4, ,10,10,1, , , , , ,88,8,1, , , , , ,6,5,1,2,9,14,1,1.019394
3,98233202,18041,2423,5,4,1,1,12, , , , , , , , , ,1,3, ,2,4,1,4,5, , , ,2, , , , , ,2, , , , ,10,10,1, , , , , ,1,9,1, , , , , ,8,4,4,2,7,11,1,.761816
4,96146458,18927,2550,8,7,1,1,2, , , , , , , , , ,1,3, ,2,4,2,4, , , , ,2, , , , , ,2, , , , ,10,10,1, , , , , ,9,9,1, , , , , ,11,2,11,4,6,3,2,.564351
2,97229452,12026,1558,6,5,1,1,12, , , , , , , , , ,1,3, ,2,4,1,5, , , , ,2, , , , , ,2, , , , ,10,9,1, , , , , ,8,4,1, , , , , ,10,2,11,2,2,5,2,.507145
3,98212928,16972,2270,5,4,1,1,12, , , , , , , , , ,1,3, ,2,4,1,1,2,3,5, ,2, , , , , ,2, , , , ,10,9,1, , , , , ,1,4,1, , , , , ,8,6,11,2,2,19,2,.440096
3,98218851,17324,2322,5,4,1,1,12, , , , , , , , , ,1,2, , ,4,1,1,5, , , ,2, , , , , ,2, , , , ,10,9,7,2,3,4, , ,1,11,1, , , , , ,7,4,5,2,7,4,2,.461432
1,96153231,5608,313,5,4,1,1,12, , , , , , , , , ,1,3, ,2,4,1,2, , , , ,2, , , , , ,2, , , , ,10,8,1, , , , , ,9,1,1, , , , , ,9,3,13,2,5,1,2,.403493
1,96167512,865,377,5,4,1,1,12, , , , , , , , , ,1,3, ,2,4,1,1,3, , , ,2, , , , , ,2, , , , ,10,8,1, , , , , ,5,2,1, , , , , ,7,4,4,2,9,2,1,.799722
2,97100733,9530,1212,6,5,2, ,12, , , , , , , , , ,1,3, ,2,4,3,4, , , , ,2, , , , , ,2, , , , ,10,8,5,1, , , , ,7,9,1, , , , , ,7,4,6,2,8,1,1,1.120595
3,96176194,13514,1805,13,12,1,1,2, , , , , , , , , ,1,3, ,2,4,3,6, , , , ,2, , , , , ,2, , , , ,10,8,1, , , , , ,11,12,1, , , , , ,10,4,13,2,6,4,2,.371214
3,96205095,13670,1827,5,4,1,1,8, , , , , , , , , ,1,3, ,2,4,1,1,3,5, , ,2, , , , , ,2, , , , ,10,8,7,1, , , , ,10,6,1, , , , , ,6,5,6,2,9,5,1,.963352
3,96209445,13764,1841,5,4,1,2,9, , , , , , , , , ,1,1,5, ,4,1,3,4, , , ,2, , , , , ,2, , , , ,10,8,10,2,3, , , ,10,7,1, , , , , ,7,4,5,2,6,6,2,.48702
3,96256631,14727,1965,5,4,1,1,12, , , , , , , , , ,1,3, ,2,4,1,5, , , , ,2, , , , , ,2, , , , ,10,8,1, , , , , ,1,4,1, , , , , ,6,6,1,2,8,5,1,.963352
3,98206020,16581,2219,6,5,1,1,12, , , , , , , , , ,1,1,5, ,4,1,6, , , , ,2, , , , , ,2, , , , ,10,8,1, , , , , ,1,6,1, , , , , ,9,4,5,2,8,6,2,.527209
1,96145323,5993,271,5,4,1,1,12, , , , , , , , , ,1,2, , ,4,3,4,6, , , ,2, , , , , ,2, , , , ,10,7,1, , , , , ,1,9,1, , , , , ,11,3,13,4,1,1,2,.431053
1,96154992,1108,322,5,4,1,1,13, , , , , , , , , ,1,3, ,2,4,1,2, , , , ,2, , , , , ,2, , , , ,10,7,1, , , , , ,1,11,1, , , , , ,10,4,13,2,6,2,1,.510911
2,96115492,6492,801,5,4,1,2,12, , , , , , , , , ,1,3, ,2,4,1,3,4, , , ,1,1, , , , ,2, , , , ,10,7,1, , , , , ,10,4,1, , , , , ,7,3,6,3,9,1,2,.544483
2,97115666,10299,1322,5,4,1,1,12, , , , , , , , , ,1,3, ,2,4,1,3,4, , , ,2, , , , , ,2, , , , ,10,7,2,3, , , , ,9,10,1, , , , , ,8,3,2,2,8,1,2,.544483
2,97206115,10964,1421,5,4,1,1,12, , , , , , , , , ,1,3, ,2,4,1,3,5, , , ,2, , , , , ,2, , , , ,10,7,1, , , , , ,8,8,1, , , , , ,9,4,5,2,6,4,2,.372991
3,96218451,13946,1866,5,4,1,1,12, , , , , , , , , ,1,3, ,2,4,3,3, , , , ,2, , , , , ,2, , , , ,10,7,1, , , , , ,9,10,1, , , , , ,10,4,11,2,1,11,2,.330369
4,96145203,18911,2545,5,4,1,1,12, , , , , , , , , ,1,3, ,2,4,1,2, , , , ,2, , , , , ,2, , , , ,10,7,1, , , , , ,7,4,1, , , , , ,9,3,13,2,6,2,2,.439921
4,99110141,21059,2837,5,4,1,1,12, , , , , , , , , ,1,3, ,2,4,1,5, , , , ,2, , , , , ,2, , , , ,10,7,1, , , , , ,1,88,1, , , , , ,5,5,4,1,7,18,2,1.303813
1,96118076,875,108,8,7,1,1,4, , , , , , , , , ,1,3, ,2,4,3,2,4, , , ,2, , , , , ,2, , , , ,10,6,1, , , , , ,7,5,1, , , , , ,8,5,2,2,9,2,2,.628778
4,96118536,18455,2477,5,4,1,1,9, , , , , , , , , ,1,3, ,2,4,1,2, , , , ,2, , , , , ,2, , , , ,10,6,1, , , , , ,1,1,1, , , , , ,5,5,3,1,10,4,1,1.453987
4,96153388,19047,2572,5,4,1,1,12, , , , , , , , , ,1,3, ,2,4,1,3, , , , ,1,1, , , , ,2, , , , ,10,6,1, , , , , ,7,3,1, , , , , ,11,5,13,2,8,1,1,.369889
4,99212293,22806,3080,5,4,1,2,12, , , , , , , , , ,1,3, ,2,4,1,4, , , , ,2, , , , , ,2, , , , ,10,6,1, , , , , ,88,7,1, , , , , ,11,4,13,2,2,8,1,.361857
1,96122960,1992,148,5,4,1,1,2, , , , , , , , , ,1,3, ,2,4,3,3, , , , ,2, , , , , ,2, , , , ,10,5,1, , , , , ,1,9,1, , , , , ,9,4,2,2,10,4,1,.567464
2,96102450,6126,748,6,5,1,1,12, , , , , , , , , ,1,3, ,2,4,2,1,3, , , ,1,3, , , , ,2, , , , ,10,5,2,3, , , , ,10,7,1, , , , , ,5,5,5,1,7,1,2,1.504114
3,96118915,12478,1643,5,4,1,1,4, , , , , , , , , ,1,3, ,2,4,1,2,3, , , ,2, , , , , ,2, , , , ,10,5,1, , , , , ,1,7,1, , , , , ,6,3,11,2,5,4,2,.603247
4,99110144,21060,2838,10,9,1,2,2, , , , , , , , , ,1,3, ,2,4,3,3, , , , ,2, , , , , ,2, , , , ,10,5,1, , , , , ,1,7,1, , , , , ,10,3,2,4,9,2,1,.539947
2,96219268,8462,1090,5,4,1,1,12, , , , , , , , , ,1,1,4, ,4,1,4, , , , ,2, , , , , ,2, , , , ,10,4,1, , , , , ,1,10,1, , , , , ,6,4,5,1,6,20,2,.743191
4,99201267,22227,2996,6,5,1,1,9, , , , , , , , , ,1,3, ,2,4,1,3, , , , ,2, , , , , ,2, , , , ,10,4,8,1,2,5, , ,1,8,1, , , , , ,8,4,12,1,7,6,1,.889689
3,96235162,14318,1912,5,4,1,2,12, , , , , , , , , ,1,3, ,2,4,2,6, , , , ,1,2,3,4,6, ,2, , , , ,10,3,1, , , , , ,7,10,1, , , , , ,6,3,11,2,2,7,2,.614038
3,96238474,14394,1924,4,3,1,1,13, , , , , , , , , ,1,3, ,2,4,3,1,3, , , ,1,3, , , , ,2, , , , ,10,3,3,5, , , , ,8,6,1, , , , , ,6,5,3,2,7,6,2,1.050174
3,98202207,16389,2192,7,6,1,1,12, , , , , , , , , ,1,3, ,2,4,3,1, , , , ,2, , , , , ,2, , , , ,10,2,1, , , , , ,1,10,1, , , , , ,9,5,11,2,1,15,2,.554286
1,96115391,810,95,9,8,1,1,12, , , , , , , , , ,1,3, ,2,4,4, , , , , ,1,2,4,6, , ,2, , , , ,10,0,1, , , , , ,5,7,1, , , , , ,6,6,3,2,10,2,1,1.375273
1,96120214,2843,125,5,4,1,1,4, , , , , , , , , ,1,2, , ,4,4, , , , , ,1,2,4, , , ,2, , , , ,10,0,1, , , , , ,88,5,1, , , , , ,11,4,13,2,6,18,1,.499149
1,96120402,1020,127,8,7,1,1,4, , , , , , , , , ,1,3, ,2,4,4, , , , , ,1,2,3,4,7, ,2, , , , ,10,0,1, , , , , ,7,4,1, , , , , ,5,5,6,2,7,2,2,1.105675
1,96140318,941,247,16,15,1,1,12, , , , , , , , , ,1,3, ,2,4,4, , , , , ,2, , , , , ,2, , , , ,10,0,1, , , , , ,9,7,1, , , , , ,6,4,5,2,8,2,1,1.375273
1,96160229,2151,343,8,7,1,1,12, , , , , , , , , ,1,3, ,2,4,4, , , , , ,1,2,4, , , ,2, , , , ,10,0,1, , , , , ,11,9,1, , , , , ,9,1,11,2,7,4,2,.515092
1,96161469,5203,349,7,6,1,1,12, , , , , , , , , ,1,3, ,2,4,4, , , , , ,2, , , , , ,2, , , , ,10,0,1, , , , , ,8,7,1, , , , , ,4,5,4,1,8,1,1,1.187249
1,96164575,5134,361,5,4,1,1,6, , , , , , , , , ,1,3, ,2,4,4, , , , , ,1,3, , , , ,2, , , , ,10,0,1, , , , , ,11,6,1, , , , , ,8,4,11,2,8,1,2,.491552
1,96200933,81,440,6,5,1,1,12, , , , , , , , , ,1,3, ,2,4,4, , , , , ,1,2,4,6, , ,2, , , , ,10,0,1, , , , , ,1,4,1, , , , , ,9,6,4,2,10,6,1,.723464
1,96204078,4295,460,7,6,1,2,4, , , , , , , , , ,1,3, ,2,4,4, , , , , ,2, , , , , ,2, , , , ,10,0,1, , , , , ,88,8,1, , , , , ,6,3,11,2,1,8,2,.783779
1,96212251,137,495,5,4,1,2,12, , , , , , , , , ,1,1,2, ,4,4, , , , , ,1,1,2,3,4,6,2, , , , ,10,0,1, , , , , ,4,12,1, , , , , ,9,4,3,4,8,6,2,.40384
1,96216525,294,521,6,5,1,1,12, , , , , , , , , ,1,3, ,2,4,4, , , , , ,1,2,3,4, , ,2, , , , ,10,0,1, , , , , ,9,7,1, , , , , ,6,5,6,1,7,6,2,.779311
1,96230328,1559,601,5,4,1,1,12, , , , , , , , , ,1,3, ,2,4,4, , , , , ,1,2,4,6, , ,2, , , , ,10,0,1, , , , , ,1,10,1, , , , , ,6,4,4,2,7,5,2,.611664
2,96112820,6428,789,7,6,1,1,6, , , , , , , , , ,1,3, ,2,4,4, , , , , ,1,2,4, , , ,2, , , , ,10,0,1, , , , , ,10,88,1, , , , , ,9,6,1,1,9,1,2,.500348
2,96118838,6563,812,6,5,1,1,13, , , , , , , , , ,1,3, ,2,4,4, , , , , ,1,2,4,6, , ,2, , , , ,10,0,1, , , , , ,8,9,1, , , , , ,5,5,3,1,8,3,2,1.477421
2,96121921,6645,830,5,4,1,1,12, , , , , , , , , ,1,3, ,2,4,4, , , , , ,1,2,4, , , ,2, , , , ,10,0,1, , , , , ,9,3,1, , , , , ,5,6,3,1,8,1,2,1.147287
2,96140192,7106,900,5,4,1,1,4, , , , , , , , , ,1,3, ,2,4,4, , , , , ,1,2,4,6, , ,2, , , , ,10,0,1, , , , , ,9,6,1, , , , , ,5,5,3,1,10,2,1,1.808135
2,96159455,7580,967,6,5,1,1,12, , , , , , , , , ,1,3, ,2,4,4, , , , , ,1,2,4,7, , ,2, , , , ,10,0,1, , , , , ,88,5,1, , , , , ,8,6,4,2,9,2,1,1.142397
2,97113015,10165,1303,5,4,1,2,12, , , , , , , , , ,1,3, ,2,4,4, , , , , ,1,2,4, , , ,2, , , , ,10,0,1, , , , , ,5,7,1, , , , , ,5,5,3,2,7,1,2,1.147287
2,97205116,10912,1412,5,4,1,1,13, , , , , , , , , ,1,3, ,2,4,4, , , , , ,1,2,4, , , ,2, , , , ,10,0,1, , , , , ,1,3,1, , , , , ,7,5,3,2,8,6,2,.548113
3,96102140,12140,1575,8,7,1,1,12, , , , , , , , , ,1,3, ,2,4,4, , , , , ,1,2,4, , , ,2, , , , ,10,0,4,1, , , , ,11,1,1, , , , , ,8,6,13,2,7,2,1,1.256734
3,96112820,12378,1628,8,7,1,1,9, , , , , , , , , ,1,3, ,2,4,4, , , , , ,1,2,4, , , ,2, , , , ,10,0,1, , , , , ,88,10,1, , , , , ,9,6,1,1,8,1,2,.523514
3,96159323,13250,1760,7,6,1,1,4, , , , , , , , , ,1,3, ,1,4,4, , , , , ,1,1,2,3,4, ,2, , , , ,10,0,5,1,3, , , ,10,8,1, , , , , ,7,6,3,2,9,4,1,1.138461
3,96171329,13444,1786,6,5,1,1,12, , , , , , , , , ,1,3, ,2,4,4, , , , , ,1,1,2,4,6, ,2, , , , ,10,0,1, , , , , ,11,10,1, , , , , ,8,5,13,2,4,2,2,.763399
3,96172535,13464,1793,9,8,1,1,13, , , , , , , , , ,1,3, ,2,4,4, , , , , ,1,6, , , , ,2, , , , ,10,0,8,4, , , , ,11,11,1, , , , , ,4,6,4,1,8,4,1,1.619939
3,96212959,13826,1852,5,4,1,1,12, , , , , , , , , ,1,3, ,2,4,4, , , , , ,1,2,3,4,6, ,2, , , , ,10,0,1, , , , , ,1,11,1, , , , , ,7,6,1,1,10,4,2,.461432
3,96216525,13901,1859,4,3,1,1,12, , , , , , , , , ,1,3, ,2,4,4, , , , , ,1,2,4, , , ,2, , , , ,10,0,1, , , , , ,9,8,1, , , , , ,6,5,6,1,7,6,2,1.050174
3,96230328,14201,1904,7,6,1,1,12, , , , , , , , , ,1,2, , ,4,4, , , , , ,1,1,2,3,4,6,2, , , , ,10,0,2,65, , , , ,1,10,1, , , , , ,6,4,4,2,7,5,2,.920965
3,96249479,14603,1951,13,12,1,2,2, , , , , , , , , ,1,3, ,2,4,4, , , , , ,1,1,2,3,4,6,2, , , , ,10,0,1, , , , , ,8,10,1, , , , , ,6,4,11,2,3,6,2,.717479
3,98101920,14894,1987,5,4,1,1,12, , , , , , , , , ,1,3, ,2,4,4, , , , , ,2, , , , , ,2, , , , ,10,0,1, , , , , ,13,12,1, , , , , ,9,6,13,2,9,2,1,.505461
3,98117514,15702,2095,7,6,1,1,12, , , , , , , , , ,1,2, , ,4,4, , , , , ,1,2,4, , , ,2, , , , ,10,0,1, , , , , ,11,6,1, , , , , ,7,3,5,2,6,2,2,.763399
3,98129137,16266,2175,6,5,1,1,12, , , , , , , , , ,1,3, ,1,4,4, , , , , ,1,2,3,4,5, ,2, , , , ,10,0,1, , , , , ,7,7,1, , , , , ,7,5,3,2,8,10,2,.676821
3,98203910,16476,2204,10,9,1,1,12, , , , , , , , , ,1,3, ,2,4,4, , , , , ,1,2,3,4,5,6,2, , , , ,10,0,1, , , , , ,9,9,1, , , , , ,6,6,2,2,10,6,2,.717479
3,98214188,17041,2279,9,8,1,1,12, , , , , , , , , ,1,3, ,2,4,4, , , , , ,1,2,4,5,6, ,2, , , , ,10,0,1, , , , , ,88,6,1, , , , , ,11,3,11,2,5,9,2,.373381
3,98232541,18007,2418,10,9,1,2,12, , , , , , , , , ,1,3, ,2,4,4, , , , , ,1,2,4,5, , ,2, , , , ,10,0,6,2,3, , , ,9,11,1, , , , , ,10,6,13,4,6,6,2,.391799
4,96106929,18251,2455,8,7,1,2,12, , , , , , , , , ,1,3, ,2,4,4, , , , , ,1,1,2,4, , ,2, , , , ,10,0,1, , , , , ,9,3,1, , , , , ,4,5,4,1,7,1,2,1.726306
4,96157751,19121,2581,7,6,1,1,12, , , , , , , , , ,1,3, ,2,4,4, , , , , ,1,2,3,4, , ,2, , , , ,10,0,1, , , , , ,11,9,1, , , , , ,5,5,4,1,8,4,1,1.857895
4,96212332,19643,2660,7,6,1,1,2, , , , , , , , , ,1,3, ,2,4,4, , , , , ,2, , , , , ,2, , , , ,10,0,11,2, , , , ,11,12,1, , , , , ,8,5,2,2,10,6,1,.889689
4,99100539,20547,2773,7,6,1,2,12, , , , , , , , , ,1,3, ,2,4,4, , , , , ,1,2,4, , , ,2, , , , ,10,0,1, , , , , ,7,7,1, , , , , ,7,5,5,2,8,2,2,.693629
4,99111547,21130,2844,5,4,1,1,12, , , , , , , , , ,1,3, ,2,4,4, , , , , ,1,2,3,4,5, ,2, , , , ,10,0,1, , , , , ,10,1,1, , , , , ,7,5,5,2,8,2,2,.542833
4,99227096,23507,3167,7,6,1,1,12, , , , , , , , , ,1,3, ,2,4,4, , , , , ,2, , , , , ,2, , , , ,10,0,1, , , , , ,8,9,1, , , , , ,6,5,3,1,7,5,2,1.231754
1,96233349,4216,615,5,4,1,1,12, , , , , , , , , ,1,3, ,2,4,1,2, , , , ,2, , , , , ,2, , , , ,9,9,1, , , , , ,88,4,1, , , , , ,6,5,3,2,7,8,1,.982879
2,96215122,8341,1077,5,4,1,1,12, , , , , , , , , ,1,2, , ,4,1,1, , , , ,2, , , , , ,2, , , , ,9,8,1, , , , , ,7,8,1, , , , , ,8,4,4,2,9,6,1,.86045
3,98104840,15071,2010,5,4,1,1,12, , , , , , , , , ,1,3, ,2,4,1,2, , , , ,2, , , , , ,2, , , , ,9,8,1, , , , , ,8,1,1, , , , , ,8,3,11,2,5,1,2,.483606
3,98116320,15643,2090,5,4,1,1,12, , , , , , , , , ,1,3, ,2,4,1,2, , , , ,2, , , , , ,2, , , , ,9,8,1, , , , , ,88,7,1, , , , , ,2,3,14,1,1,3,1,2.958749
1,96208932,3031,487,5,4,1,1,9, , , , , , , , , ,1,3, ,2,4,1,2,3,6, , ,2, , , , , ,2, , , , ,9,7,1, , , , , ,8,8,1, , , , , ,6,4,6,1,6,15,2,.608564
1,96218557,541,542,6,5,1,1,4, , , , , , , , , ,1,3, ,2,4,1,2, , , , ,2, , , , , ,2, , , , ,9,7,1, , , , , ,1,2,1, , , , , ,7,4,2,2,5,6,1,1.01751
2,96127595,6809,850,5,4,1,2,12, , , , , , , , , ,1,3, ,2,4,1,6, , , , ,2, , , , , ,2, , , , ,9,7,1, , , , , ,1,1,1, , , , , ,6,6,3,2,10,3,1,1.105882
2,97205599,10941,1417,5,4,1,1,12, , , , , , , , , ,1,3, ,2,4,3,2, , , , ,2, , , , , ,2, , , , ,9,7,6,5, , , , ,1,8,1, , , , , ,7,3,5,2,6,4,2,.532132
2,97222887,11787,1523,6,5,1,2,4, , , , , , , , , ,1,3, ,2,4,1,2,3,4, , ,2, , , , , ,2, , , , ,9,7,1, , , , , ,6,3,1, , , , , ,9,3,4,2,6,6,2,.503683
3,98124453,16054,2143,5,4,1,1,12, , , , , , , , , ,1,3, ,2,4,1,1, , , , ,2, , , , , ,2, , , , ,9,7,1, , , , , ,1,4,1, , , , , ,11,3,11,2,2,1,2,.347326
3,98220528,17428,2338,5,4,1,1,12, , , , , , , , , ,1,3, ,2,4,1,3, , , , ,2, , , , , ,2, , , , ,9,7,3,2,5, , , ,5,4,1, , , , , ,5,5,9,1,6,11,1,1.416444
4,96162058,19192,2593,5,4,1,1,12, , , , , , , , , ,1,2, , ,4,2,2, , , , ,1,3, , , , ,2, , , , ,9,7,1, , , , , ,10,7,1, , , , , ,7,5,3,1,9,2,1,.692364
1,96242245,268,668,5,4,1,1,12, , , , , , , , , ,1,1,2, ,4,3,3, , , , ,2, , , , , ,2, , , , ,9,6,1, , , , , ,5,12,1, , , , , ,7,4,5,2,7,6,2,.491974
3,96245864,14548,1944,6,5,1,2,9, , , , , , , , , ,1,3, ,2,4,1,1, , , , ,2, , , , , ,2, , , , ,9,6,3,5, , , , ,8,7,1, , , , , ,5,6,4,2,9,8,1,2.237137
3,98203106,16433,2200,9,8,1,1,12, , , , , , , , , ,1,3, ,2,4,3, , , , , ,1,3,6, , , ,2, , , , ,9,3,1, , , , , ,1,7,1, , , , , ,8,5,8,2,7,8,1,.90469
4,96120857,18489,2485,6,5,1,1,7, , , , , , , , , ,1,3, ,2,4,3,6, , , , ,1,2,6, , , ,2, , , , ,9,3,1, , , , , ,7,5,1, , , , , ,4,6,3,1,9,2,2,1.823663
4,99113790,21219,2859,5,4,1,2,12, , , , , , , , , ,1,3, ,2,4,2,6, , , , ,2, , , , , ,2, , , , ,9,3,1, , , , , ,1,5,1, , , , , ,7,5,4,2,8,1,1,.655402
1,96107975,4508,47,7,6,1,1,13, , , , , , , , , ,1,3, ,2,4,4, , , , , ,1,2,4,6, , ,2, , , , ,9,0,3,1,4, , , ,1,4,1, , , , , ,5,5,5,1,7,3,2,1.101674
1,96118838,4438,113,5,4,1,1,12, , , , , , , , , ,1,3, ,2,4,4, , , , , ,1,4,6, , , ,2, , , , ,9,0,1, , , , , ,8,11,1, , , , , ,5,5,3,1,8,3,2,.863924
1,96158845,4506,338,8,7,1,1,12, , , , , , , , , ,1,3, ,2,4,4, , , , , ,2, , , , , ,2, , , , ,9,0,1, , , , , ,8,7,1, , , , , ,4,6,5,1,7,3,2,.841291
1,96169706,5035,393,8,7,1,1,4, , , , , , , , , ,1,3, ,2,4,4, , , , , ,1,2,4,6, , ,2, , , , ,9,0,1, , , , , ,1,4,1, , , , , ,5,6,3,2,10,1,1,1.757309
1,96175921,2379,427,5,4,1,1,12, , , , , , , , , ,1,3, ,2,4,4, , , , , ,1,2,4,6, , ,2, , , , ,9,0,1, , , , , ,5,7,1, , , , , ,4,5,3,1,6,4,2,.660791
1,96212251,137,496,5,4,1,2,12, , , , , , , , , ,1,3, ,2,4,4, , , , , ,1,1,2,4,6, ,2, , , , ,9,0,1, , , , , ,4,7,1, , , , , ,9,4,3,4,8,6,2,.40384
2,96133488,6950,872,5,4,1,1,12, , , , , , , , , ,1,1,4, ,4,4, , , , , ,2, , , , , ,2, , , , ,9,0,1, , , , , ,88,88,1, , , , , ,6,5,3,2,9,2,1,1.147767
2,96135270,6999,879,5,4,1,1,12, , , , , , , , , ,1,3, ,2,4,4, , , , , ,1,2,3,4,6, ,2, , , , ,9,0,1, , , , , ,9,3,1, , , , , ,9,5,3,2,5,1,2,.381648
2,96150962,7379,941,6,5,1,1,12, , , , , , , , , ,1,3, ,2,4,4, , , , , ,1,4, , , , ,2, , , , ,9,0,1, , , , , ,8,7,1, , , , , ,10,1,11,2,4,3,2,.502368
2,96236887,8953,1148,5,4,1,1,12, , , , , , , , , ,1,1,4, ,4,4, , , , , ,1,2,4,5,6, ,2, , , , ,9,0,1, , , , , ,9,9,1, , , , , ,5,6,5,2,8,14,2,1.147523
2,97204901,10906,1411,8,7,1,1,12, , , , , , , , , ,1,3, ,2,4,4, , , , , ,1,2,3,4,6, ,2, , , , ,9,0,1, , , , , ,9,2,1, , , , , ,6,5,1,2,9,6,1,1.485866
3,96153666,13149,1741,7,6,1,1,12, , , , , , , , , ,1,3, ,2,4,4, , , , , ,1,1,2,4,6, ,2, , , , ,9,0,1, , , , , ,7,2,1, , , , , ,4,6,5,1,8,4,2,1.513702
3,98100247,14810,1978,6,5,1,2,13, , , , , , , , , ,1,3, ,2,4,4, , , , , ,1,2,3,4,6, ,2, , , , ,9,0,4,1, , , , ,9,5,1, , , , , ,5,5,6,1,6,1,2,1.407086
3,98206415,16600,2222,7,6,1,1,12, , , , , , , , , ,1,3, ,2,4,4, , , , , ,1,1,2,4, , ,2, , , , ,9,0,5,1,2, , , ,6,4,1, , , , , ,6,5,5,2,5,20,2,1.019105
3,98222322,17524,2355,5,4,1,1,12, , , , , , , , , ,1,3, ,2,4,4, , , , , ,1,2,4,6, , ,2, , , , ,9,0,1, , , , , ,10,2,1, , , , , ,4,5,4,1,6,4,2,1.01
4,96122291,18525,2491,7,6,1,2,12, , , , , , , , , ,1,3, ,2,4,4, , , , , ,1,2,6,65, , ,2, , , , ,9,0,4,4,5, , , ,8,7,1, , , , , ,6,5,5,2,8,2,2,1.303096
4,96123399,18542,2493,6,5,1,2,12, , , , , , , , , ,1,3, ,2,4,4, , , , , ,1,2,3,4,6, ,2, , , , ,9,0,1, , , , , ,88,9,1, , , , , ,9,3,5,2,6,3,2,.52936
4,96212332,19643,2661,5,4,1,1,13, , , , , , , , , ,1,3, ,2,4,4, , , , , ,1,4, , , , ,2, , , , ,9,0,1, , , , , ,10,8,1, , , , , ,8,5,2,2,10,6,1,.696269
4,99106685,20862,2819,6,5,1,1,12,13, , , , , , , , ,1,3, ,2,4,4, , , , , ,1,2,4, , , ,2, , , , ,9,0,1, , , , , ,9,6,1, , , , , ,11,2,11,2,7,1,2,.567292
4,99215298,22948,3101,4,3,1,2,12, , , , , , , , , ,1,3, ,2,4,4, , , , , ,1,2,3,4,5,6,2, , , , ,9,0,4,3, , , , ,10,10,1, , , , , ,5,5,4,1,7,4,1,2.73692
4,99238040,24053,3244,7,6,1,1,13, , , , , , , , , ,1,3, ,2,4,4, , , , , ,1,1,2,3,4,6,2, , , , ,9,0,1, , , , , ,9,4,1, , , , , ,6,3,6,2,10,4,1,1.480419
1,96250071,3631,690,7,6,1,1,4, , , , , , , , , ,1,3, ,2,4,3,2, , , , ,2, , , , , ,2, , , , ,8,88,5,1,2, , , ,9,9,1, , , , , ,9,3,13,2,5,11,1,.725574
1,96170080,5403,397,8,7,1,1,9, , , , , , , , , ,1,3, ,2,4,1,2,3, , , ,2, , , , , ,2, , , , ,8,8,1, , , , , ,8,1,1, , , , , ,8,3,13,2,6,1,2,.626826
3,98231172,17950,2409,5,4,1,1,12, , , , , , , , , ,1,3, ,2,4,1,3, , , , ,2, , , , , ,2, , , , ,8,8,1, , , , , ,1,11,1, , , , , ,8,3,4,2,6,5,2,.470042
4,96133469,18714,2516,5,4,1,1,9, , , , , , , , , ,1,3, ,2,4,1,4, , , , ,2, , , , , ,2, , , , ,8,8,1, , , , , ,1,8,1, , , , , ,11,4,11,4,8,18,2,.443011
1,96172978,1981,414,5,4,1,1,8, , , , , , , , , ,1,1,2, ,4,1,3,6, , , ,2, , , , , ,2, , , , ,8,7,4,1, , , , ,1,10,1, , , , , ,7,5,3,2,10,4,1,.798105
2,96145662,7264,922,5,4,1,1,12, , , , , , , , , ,1,3, ,2,4,1,1,2, , , ,1,1,6, , , ,2, , , , ,8,7,1, , , , , ,7,7,1, , , , , ,6,5,1,1,8,2,2,.734352
2,96227633,8687,1115,6,5,1,2,12, , , , , , , , , ,1,2, , ,4,1,4, , , , ,2, , , , , ,2, , , , ,8,7,1, , , , , ,1,1,1, , , , , ,9,2,13,2,3,6,2,.503683
2,96256631,9409,1194,5,4,1,1,12, , , , , , , , , ,1,3, ,2,4,1,3,5, , , ,2, , , , , ,2, , , , ,8,7,1, , , , , ,1,3,1, , , , , ,6,6,1,2,8,5,1,1.116398
2,97205204,10918,1414,5,4,1,1,4, , , , , , , , , ,1,3, ,2,4,3,4, , , , ,2, , , , , ,2, , , , ,8,7,1, , , , , ,6,9,1, , , , , ,6,5,11,2,1,4,2,.703996
2,97224725,11871,1541,6,5,2,1,12,13, , , , , , , , ,1,3, ,2,4,2,2,3, , , ,1,7, , , , ,2, , , , ,8,7,1, , , , , ,1,8,1, , , , , ,8,5,5,2,6,4,2,.697634
3,96102882,12156,1581,5,4,1,1,5, , , , , , , , , ,1,3, ,2,4,1,6, , , , ,2, , , , , ,2, , , , ,8,7,1, , , , , ,1,1,1, , , , , ,11,2,8,2,8,1,1,.391014
3,98200589,16302,2177,5,4,1,1,12, , , , , , , , , ,1,3, ,2,4,1,3, , , , ,2, , , , , ,2, , , , ,8,7,1, , , , , ,1,8,1, , , , , ,6,6,3,2,9,19,1,.901978
3,98213788,17020,2274,6,5,1,2,9, , , , , , , , , ,1,3, ,2,4,1,3, , , , ,2, , , , , ,2, , , , ,8,7,4,2, , , , ,7,1,1, , , , , ,6,5,3,2,8,19,2,.862291
3,98220381,17414,2333,5,4,1,1,12, , , , , , , , , ,1,3, ,2,4,1,3, , , , ,2, , , , , ,2, , , , ,8,7,1, , , , , ,1,1,1, , , , , ,9,2,11,2,5,16,2,.358239
3,98222164,17516,2354,5,4,2, ,12, , , , , , , , , ,1,3, ,2,4,1,3, , , , ,2, , , , , ,2, , , , ,8,7,1, , , , , ,1,1,1, , , , , ,8,5,1,2,9,11,1,.761816
4,96211433,19627,2657,6,5,1,2,9, , , , , , , , , ,1,3, ,2,4,1,5, , , , ,2, , , , , ,2, , , , ,8,7,1, , , , , ,8,3,1, , , , , ,9,2,10,2,4,11,2,.508515
1,96128715,4517,180,5,4,1,1,4, , , , , , , , , ,1,3, ,1,4,1,1,2,5, , ,2, , , , , ,2, , , , ,8,6,1, , , , , ,1,1,1, , , , , ,4,5,4,1,7,3,2,.659734
1,96207095,94,474,8,7,1,2,2, , , , , , , , , ,1,2, , ,4,1,3, , , , ,2, , , , , ,2, , , , ,8,6,1, , , , , ,7,2,1, , , , , ,6,5,5,1,10,6,1,1.246221
2,96145194,7249,919,5,4,1,1,12, , , , , , , , , ,1,3, ,2,4,1,4, , , , ,2, , , , , ,2, , , , ,8,6,1, , , , , ,88,88,1, , , , , ,11,3,13,2,3,4,2,.424044
2,97120006,10519,1354,4,3,1,1,12, , , , , , , , , ,1,2, , ,4,1,6, , , , ,2, , , , , ,2, , , , ,8,6,1, , , , , ,8,3,1, , , , , ,8,4,6,2,6,3,2,.864131
3,98122289,15954,2128,10,9,1,1,12, , , , , , , , , ,1,3, ,2,4,1,1, , , , ,2, , , , , ,2, , , , ,8,6,1, , , , , ,7,7,1, , , , , ,6,6,2,2,9,1,1,1.116904
3,98209402,16757,2242,5,4,1,1,4, , , , , , , , , ,1,3, ,2,4,1,1, , , , ,1,1, , , , ,2, , , , ,8,6,2,1,2,3, , ,1,7,1, , , , , ,6,5,3,2,8,9,2,.603142
4,96117784,18443,2473,8,7,1,2,2, , , , , , , , , ,1,3, ,2,4,2,3,4, , , ,2, , , , , ,2, , , , ,8,6,1, , , , , ,9,8,1, , , , , ,9,3,13,2,4,1,2,.532119
4,99105201,20802,2809,5,4,1,1,9, , , , , , , , , ,1,3, ,2,4,1,1, , , , ,2, , , , , ,2, , , , ,8,6,1, , , , , ,88,5,1, , , , , ,11,3,13,3,7,18,1,.369096
4,99201510,22242,2998,5,4,1,2,5, , , , , , , , , ,1,3, ,2,4,1,5, , , , ,2, , , , , ,2, , , , ,8,6,1, , , , , ,8,4,1, , , , , ,6,5,4,1,6,6,2,1.025554
2,97211329,11235,1448,5,4,1,2,4, , , , , , , , , ,1,3, ,2,4,1,2,3, , , ,2, , , , , ,2, , , , ,8,5,1, , , , , ,11,8,1, , , , , ,8,5,12,2,10,5,1,.847566
1,96257998,1060,723,5,4,1,1,12, , , , , , , , , ,1,3, ,2,4,2,3, , , , ,1,1,6, , , ,2, , , , ,8,4,7,5, , , , ,4,7,1, , , , , ,5,6,5,1,7,2,1,1.38236
4,96152814,19036,2571,5,4,1,1,12, , , , , , , , , ,1,3, ,2,4,2,2, , , , ,1,4, , , , ,2, , , , ,8,4,4,2, , , , ,6,6,1, , , , , ,6,5,3,2,9,2,1,1.225738
4,96207095,19549,2642,5,4,1,2,13, , , , , , , , , ,1,3, ,2,4,1,3, , , , ,2, , , , , ,2, , , , ,8,4,2,3,5, , , ,1,3,1, , , , , ,6,5,6,1,8,6,1,1.232652
2,97110930,10068,1287,6,5,1,2,2, , , , , , , , , ,1,3, ,2,4,3,4, , , , ,2, , , , , ,2, , , , ,8,3,1, , , , , ,1,1,1, , , , , ,10,4,13,2,10,2,2,.521395
4,99128479,21914,2961,4,3,1,1,12, , , , , , , , , ,1,3, ,2,4,1,4, , , , ,2, , , , , ,2, , , , ,8,3,1, , , , , ,1,5,1, , , , , ,7,4,4,1,8,2,1,1.303275
1,96107619,5523,44,4,3,1,2,12, , , , , , , , , ,1,2, , ,4,4, , , , , ,1,2,4, , , ,2, , , , ,8,0,1, , , , , ,9,5,1, , , , , ,6,5,5,1,6,1,2,.956902
1,96108264,1412,48,7,6,1,2,12, , , , , , , , , ,1,3, ,2,4,4, , , , , ,2, , , , , ,2, , , , ,8,0,1, , , , , ,1,4,1, , , , , ,5,5,12,1,1,2,2,1.105675
1,96115492,5116,96,5,4,1,1,9, , , , , , , , , ,1,1,2, ,4,4, , , , , ,1,1,2,3,4, ,2, , , , ,8,0,1, , , , , ,9,5,1, , , , , ,7,3,6,3,8,1,2,.491552
1,96129542,5550,184,7,6,1,2,4, , , , , , , , , ,1,3, ,2,4,4, , , , , ,1,1,2,3,4,7,2, , , , ,8,0,3,3,65, , , ,7,9,1, , , , , ,3,5,4,1,6,1,2,1.380946
1,96202690,4935,453,6,5,1,1,5, , , , , , , , , ,1,3, ,2,4,4, , , , , ,1,2,4,6, , ,2, , , , ,8,0,1, , , , , ,8,7,1, , , , , ,5,4,3,1,7,7,2,1.106128
1,96238540,31,644,7,6,1,1,9, , , , , , , , , ,1,3, ,2,4,4, , , , , ,1,2, , , , ,2, , , , ,8,0,6,4, , , , ,7,12,1, , , , , ,6,6,1,1,10,21,1,1.255158
1,96247909,386,685,5,4,1,1,12, , , , , , , , , ,1,3, ,2,4,4, , , , , ,1,2,4,7, , ,2, , , , ,8,0,1, , , , , ,8,5,1, , , , , ,6,5,5,2,6,6,2,.61113
1,96259301,1902,728,5,4,1,1,12, , , , , , , , , ,1,1,2, ,4,4, , , , , ,1,2,4,6, , ,2, , , , ,8,0,1, , , , , ,1,5,1, , , , , ,6,5,3,2,10,20,1,.971023
1,96259301,1902,729,5,4,1,1,12, , , , , , , , , ,1,3, ,2,4,4, , , , , ,1,2,4,6, , ,2, , , , ,8,0,1, , , , , ,1,12,1, , , , , ,6,5,3,2,10,20,1,.971023
2,96106929,6258,764,8,7,1,2,12, , , , , , , , , ,1,3, ,2,4,4, , , , , ,1,2,3, , , ,2, , , , ,8,0,1, , , , , ,8,9,1, , , , , ,4,5,4,1,7,1,2,1.089908
2,96204205,8062,1031,5,4,1,1,4, , , , , , , , , ,1,3, ,2,4,4, , , , , ,1,4, , , , ,2, , , , ,8,0,1, , , , , ,9,12,1, , , , , ,8,6,5,2,8,6,2,.548113
2,96227179,8673,1113,6,5,1,1,4, , , , , , , , , ,1,2, , ,4,4, , , , , ,1,2,4,6,7, ,2, , , , ,8,0,1, , , , , ,8,9,1, , , , , ,5,5,4,2,10,7,1,2.300505
2,97103442,9693,1235,8,7,1,1,12, , , , , , , , , ,1,3, ,2,4,4, , , , , ,1,2,4,6, , ,2, , , , ,8,0,1, , , , , ,1,4,1, , , , , ,3,5,14,1,3,2,1,2.380329
2,97106690,9869,1261,8,7,1,2,12, , , , , , , , , ,1,3, ,2,4,4, , , , , ,1,1,2,3,4,6,2, , , , ,8,0,1, , , , , ,1,1,1, , , , , ,5,5,5,2,10,1,1,2.325258
2,97120835,10554,1359,4,3,1,2,12, , , , , , , , , ,1,1,3, ,4,4, , , , , ,1,2,3,4,6, ,2, , , , ,8,0,1, , , , , ,8,2,1, , , , , ,2,5,14,1,2,1,2,4.997201
2,97207350,11024,1426,9,8,1,2,12, , , , , , , , , ,1,3, ,2,4,4, , , , , ,1,3,4,6, , ,2, , , , ,8,0,1, , , , , ,1,88,1, , , , , ,8,5,4,1,6,4,2,.641336
3,96101501,12123,1573,7,6,1,1,12, , , , , , , , , ,1,3, ,2,4,4, , , , , ,1,2,4,6, , ,2, , , , ,8,0,1, , , , , ,7,8,1, , , , , ,7,5,12,2,5,1,1,1.19317
3,96109093,12298,1608,6,5,1,1,12, , , , , , , , , ,1,3, ,2,4,4, , , , , ,1,2,3,4,5, ,2, , , , ,8,0,1, , , , , ,8,7,1, , , , , ,7,3,5,4,8,1,2,.724788
3,96149900,13072,1729,7,6,1,2,12, , , , , , , , , ,1,3, ,2,4,4, , , , , ,1,6, , , , ,2, , , , ,8,0,1, , , , , ,8,7,1, , , , , ,8,5,13,2,4,1,1,1.19317
3,96152113,13117,1735,7,6,1,1,2, , , , , , , , , ,1,3, ,2,4,4, , , , , ,1,2,3,4,6, ,2, , , , ,8,0,1, , , , , ,9,7,1, , , , , ,7,5,11,2,7,2,2,.763399
3,96166391,13369,1774,9,8,1,2,12, , , , , , , , , ,1,3, ,2,4,4, , , , , ,1,2,3,4,6,7,2, , , , ,8,0,1, , , , , ,7,7,1, , , , , ,11,1,6,2,4,10,1,.411463
3,96242257,14478,1934,5,4,1,1,12, , , , , , , , , ,1,3, ,2,4,4, , , , , ,1,1,2,3,4,6,2, , , , ,8,0,1, , , , , ,7,7,1, , , , , ,6,5,1,1,10,6,2,.636699
3,96255784,14710,1963,9,8,1,1,12, , , , , , , , , ,1,3, ,2,4,4, , , , , ,1,2,4,6, , ,2, , , , ,8,0,6,1,2, , , ,9,3,1, , , , , ,5,4,11,2,5,7,2,1.027527
3,96256520,14722,1964,5,4,1,1,12, , , , , , , , , ,1,3, ,2,4,4, , , , , ,2, , , , , ,2, , , , ,8,0,11,2,3, , , ,88,10,1, , , , , ,10,4,7,2,5,12,1,.419091
3,98109166,15286,2042,7,6,1,1,12, , , , , , , , , ,1,3, ,2,4,4, , , , , ,1,2,3,4,6, ,2, , , , ,8,0,1, , , , , ,9,1,1, , , , , ,6,6,4,2,8,3,2,.96618
3,98122360,15957,2131,7,6,1,1,12, , , , , , , , , ,1,3, ,2,4,4, , , , , ,1,2,3,4, , ,2, , , , ,8,0,1, , , , , ,1,7,1, , , , , ,6,6,3,2,8,2,1,1.56459
3,98205597,16563,2214,5,4,1,1,12, , , , , , , , , ,1,3, ,2,4,4, , , , , ,1,2,3,4,6, ,2, , , , ,8,0,5,1,2,3,5, ,5,5,1, , , , , ,6,5,11,2,2,19,2,.575354
3,98209234,16746,2236,7,6,1,1,12, , , , , , , , , ,1,3, ,2,4,4, , , , , ,1,2,4,7, , ,2, , , , ,8,0,1, , , , , ,1,11,1, , , , , ,11,3,13,2,10,5,1,.569582
3,98215560,17133,2293,6,5,1,1,12, , , , , , , , , ,1,2, , ,4,4, , , , , ,1,2,3,4, , ,2, , , , ,8,0,6,1,5, , , ,1,11,1, , , , , ,6,6,1,2,9,6,2,.954229
4,96134369,18731,2518,3,2,1,1,12, , , , , , , , , ,1,3, ,2,4,4, , , , , ,1,2,4, , , ,2, , , , ,8,0,1, , , , , ,4,5,1, , , , , ,6,6,3,2,8,1,1,2.812935
4,96222745,19849,2687,4,3,1,1,12, , , , , , , , , ,1,3, ,2,4,4, , , , , ,1,2,4,6, , ,2, , , , ,8,0,4,4,5, , , ,8,4,1, , , , , ,5,6,1,1,8,6,1,2.911914
4,96242756,20248,2734,4,3,1,1,12, , , , , , , , , ,1,3, ,2,4,4, , , , , ,1,2, , , , ,2, , , , ,8,0,1, , , , , ,8,6,1, , , , , ,6,5,6,1,9,13,1,2.077178
4,99225656,23437,3157,7,6,1,2,12,13, , , , , , , , ,1,3, ,2,4,4, , , , , ,1,2,4, , , ,2, , , , ,8,0,1, , , , , ,7,11,1, , , , , ,6,5,4,2,8,6,1,1.575075
4,99230183,23685,3197,10,9,1,2,2, , , , , , , , , ,1,3, ,2,4,4, , , , , ,1,2, , , , ,2, , , , ,8,0,1, , , , , ,9,9,1, , , , , ,9,6,13,2,9,19,1,.600079
4,99235680,23942,3236,6,5,1,1,12, , , , , , , , , ,1,3, ,2,4,4, , , , , ,1,2,4,5,6, ,2, , , , ,8,0,1, , , , , ,1,9,1, , , , , ,3,5,14,1,3,9,1,2.077638
2,97113821,10203,1309,5,4,1,1,9, , , , , , , , , ,1,3, ,2,4,3,2, , , , ,2, , , , , ,2, , , , ,7,7,1, , , , , ,1,1,1, , , , , ,9,5,2,2,10,1,1,.577297
3,98100403,14824,1980,5,4,1,1,9, , , , , , , , , ,1,3, ,2,4,1,6, , , , ,2, , , , , ,2, , , , ,7,7,1, , , , , ,9,1,1, , , , , ,7,3,5,1,7,3,2,.493119
3,98219032,17338,2325,5,4,1,2,9, , , , , , , , , ,1,3, ,2,4,1,1, , , , ,2, , , , , ,2, , , , ,7,7,1, , , , , ,9,10,1, , , , , ,6,5,5,2,8,19,2,.575354
2,96111623,6398,785,6,5,1,1,4, , , , , , , , , ,1,3, ,2,4,1,1,2,3,5, ,2, , , , , ,2, , , , ,7,6,1, , , , , ,9,3,1, , , , , ,11,5,13,2,8,1,2,.568834
2,97115076,10266,1318,6,5,1,1,9, , , , , , , , , ,1,3, ,2,4,1,6, , , , ,2, , , , , ,2, , , , ,7,6,1, , , , , ,1,1,1, , , , , ,9,1,11,2,3,1,2,.500348
2,97201154,10701,1385,5,4,1,1,12, , , , , , , , , ,1,3, ,2,4,1,3,4, , , ,2, , , , , ,2, , , , ,7,6,1, , , , , ,1,11,1, , , , , ,8,2,6,4,6,4,2,.532132
3,98108044,15219,2028,5,4,1,1,12, , , , , , , , , ,1,3, ,2,4,1,5, , , , ,2, , , , , ,2, , , , ,7,6,1, , , , , ,1,9,1, , , , , ,6,5,11,2,5,1,2,.632236
3,98121671,15917,2123,5,4,1,1,4, , , , , , , , , ,1,3, ,2,4,1,6, , , , ,2, , , , , ,2, , , , ,7,6,1, , , , , ,7,6,1, , , , , ,6,5,4,2,6,3,2,.644673
1,96208921,125,486,6,5,1,2,2, , , , , , , , , ,1,3, ,2,4,1,1,2,3, , ,1,6, , , , ,2, , , , ,7,5,1, , , , , ,9,2,1, , , , , ,7,6,1,2,9,6,2,.627364
1,96251916,181,703,5,4,1,1,2, , , , , , , , , ,1,3, ,2,4,1,2,3, , , ,2, , , , , ,2, , , , ,7,5,4,1,3, , , ,4,7,1, , , , , ,9,4,5,2,8,6,2,.40384
2,96160107,7593,970,6,5,1,2,9, , , , , , , , , ,1,3, ,2,4,1,3,6, , , ,2, , , , , ,2, , , , ,7,5,1, , , , , ,1,1,1, , , , , ,8,3,5,2,7,4,2,.697634
3,96109142,12301,1609,5,4,1,1,13, , , , , , , , , ,1,3, ,1,4,1,1,2, , , ,1,1, , , , ,2, , , , ,7,5,1, , , , , ,11,7,1, , , , , ,6,4,5,2,6,2,2,.665917
3,96206647,13696,1829,4,3,1,2,3, , , , , , , , , ,1,3, ,2,4,2,2, , , , ,2, , , , , ,2, , , , ,7,5,1, , , , , ,4,5,1, , , , , ,10,2,11,2,2,6,2,.573476
3,98100330,14816,1979,5,4,1,1,12, , , , , , , , , ,1,3, ,2,4,1,1,3, , , ,1,1, , , , ,2, , , , ,7,5,1, , , , , ,1,5,1, , , , , ,6,4,11,2,3,1,2,.632236
3,98114051,15537,2072,6,5,2, ,12, , , , , , , , , ,1,3, ,2,4,1,6, , , , ,1,1, , , , ,2, , , , ,7,5,1, , , , , ,1,11,1, , , , , ,5,5,5,2,6,10,2,1.313965
2,97113152,10171,1304,5,4,1,1,12, , , , , , , , , ,1,3, ,2,4,3,2, , , , ,2, , , , , ,2, , , , ,7,3,1, , , , , ,1,2,1, , , , , ,5,5,5,2,6,3,2,1.126926
1,96110344,889,66,5,4,1,1,12, , , , , , , , , ,1,2, , ,4,4, , , , , ,1,4, , , , ,2, , , , ,7,0,1, , , , , ,8,8,1, , , , , ,5,6,3,1,9,2,1,1.38236
1,96139041,851,240,10,9,1,1,12, , , , , , , , , ,1,3, ,2,4,4, , , , , ,1,2,4,5,6,7,2, , , , ,7,0,1, , , , , ,1,3,1, , , , , ,9,6,13,2,9,2,1,.798382
1,96145686,2344,275,5,4,1,2,12, , , , , , , , , ,1,2, , ,4,4, , , , , ,1,2,3,4,6,7,2, , , , ,7,0,1, , , , , ,5,8,1, , , , , ,5,5,6,1,6,4,2,.865308
1,96156783,5076,327,5,4,1,1,12, , , , , , , , , ,1,3, ,2,4,4, , , , , ,1,2,4,6, , ,2, , , , ,7,0,1, , , , , ,9,7,1, , , , , ,5,5,4,2,9,1,1,1.378068
1,96179275,816,438,4,3,1,2,12, , , , , , , , , ,1,1,2, ,4,4, , , , , ,1,2,4,5,6,7,2, , , , ,7,0,1, , , , , ,8,1,1, , , , , ,5,5,3,2,10,2,2,1.358804
1,96260710,3690,734,5,4,1,2,12, , , , , , , , , ,1,3, ,1,4,4, , , , , ,1,2,4,6, , ,2, , , , ,7,0,9,1,2,4,5, ,11,7,1, , , , , ,2,3,14,1,2,11,2,2.103896
2,96126682,6786,845,7,6,1,1,12, , , , , , , , , ,1,3, ,2,4,4, , , , , ,1,2,6, , , ,2, , , , ,7,0,1, , , , , ,9,8,1, , , , , ,5,5,4,2,6,2,1,2.370498
2,96158845,7565,965,5,4,1,1,12, , , , , , , , , ,1,3, ,2,4,4, , , , , ,1,2,3,4, , ,2, , , , ,7,0,1, , , , , ,8,7,1, , , , , ,4,6,12,1,1,3,2,.816591
2,97101693,9585,1218,4,3,1,2,1, , , , , , , , , ,1,1,3, ,4,4, , , , , ,1,2,3,4,6, ,2, , , , ,7,0,1, , , , , ,5,7,1, , , , , ,4,5,3,1,9,3,2,1.319399
2,97109364,9980,1275,7,6,1,2,4, , , , , , , , , ,1,3, ,2,4,4, , , , , ,2, , , , , ,2, , , , ,7,0,1, , , , , ,10,3,1, , , , , ,5,5,3,2,7,1,1,2.325258
3,96114480,12407,1633,6,5,1,2,13, , , , , , , , , ,1,3, ,2,4,4, , , , , ,1,2, , , , ,2, , , , ,7,0,1, , , , , ,8,11,1, , , , , ,6,5,4,1,9,2,2,.99802
3,96137719,12839,1698,6,5,1,2,2, , , , , , , , , ,1,3, ,2,4,4, , , , , ,1,2, , , , ,2, , , , ,7,0,1, , , , , ,9,6,1, , , , , ,9,5,13,2,6,1,1,.719226
3,98108694,15258,2034,6,5,1,2,12, , , , , , , , , ,1,3, ,2,4,4, , , , , ,1,1,2,3,4,6,2, , , , ,7,0,1, , , , , ,8,4,1, , , , , ,7,3,6,2,8,3,2,.739044
3,98220316,17409,2332,5,4,1,1,12, , , , , , , , , ,1,3, ,1,4,4, , , , , ,1,2,4, , , ,2, , , , ,7,0,1, , , , , ,88,2,1, , , , , ,6,6,3,2,9,5,2,.614503
4,99100868,20564,2776,6,5,1,2,12, , , , , , , , , ,1,3, ,2,4,4, , , , , ,2, , , , , ,2, , , , ,7,0,1, , , , , ,1,9,1, , , , , ,5,5,4,1,9,2,1,1.965598
4,99114712,21270,2866,14,13,1,2,9, , , , , , , , , ,1,3, ,2,4,4, , , , , ,1,2,4, , , ,2, , , , ,7,0,4,3, , , , ,1,6,1, , , , , ,5,5,4,1,8,10,2,1.796462
4,99209496,22659,3059,6,5,1,1,12, , , , , , , , , ,1,3, ,2,4,4, , , , , ,1,2,3,4,5,6,2, , , , ,7,0,1, , , , , ,7,7,1, , , , , ,7,3,4,3,9,6,1,.889689
1,96212009,545,493,6,5,1,2,9, , , , , , , , , ,1,3, ,2,4,1,3,4, , , ,2, , , , , ,2, , , , ,6,6,1, , , , , ,1,1,1, , , , , ,5,5,9,1,5,6,2,1.103189
2,96244167,9147,1170,4,3,1,1,12, , , , , , , , , ,1,3, ,2,4,1,1,2, , , ,2, , , , , ,2, , , , ,6,6,1, , , , , ,1,12,1, , , , , ,9,5,5,2,10,5,2,.611461
2,97200548,10667,1379,5,4,1,1,9, , , , , , , , , ,1,3, ,2,4,1,2,3,4, , ,2, , , , , ,2, , , , ,6,6,1, , , , , ,1,1,1, , , , , ,9,5,11,3,7,20,2,.393756
2,97201300,10715,1387,5,4,1,1,9, , , , , , , , , ,1,3, ,2,4,1,5, , , , ,2, , , , , ,2, , , , ,6,6,1, , , , , ,8,1,1, , , , , ,7,4,5,2,8,6,2,.548113
3,96150962,13092,1731,5,4,1,1,5, , , , , , , , , ,1,2, , ,4,1,2, , , , ,2, , , , , ,1,1, , , ,6,6,1, , , , , ,7,7,1, , , , , ,10,5,13,2,7,3,2,.352041
3,96243521,14506,1937,5,4,1,2,12, , , , , , , , , ,1,3, ,2,4,1,3, , , , ,2, , , , , ,2, , , , ,6,6,1, , , , , ,1,10,1, , , , , ,9,3,8,2,6,9,2,.333234
3,98209319,16752,2240,5,4,2,2,12, , , , , , , , , ,1,3, ,2,4,2,1,2,3, , ,2, , , , , ,2, , , , ,6,6,1, , , , , ,1,6,1, , , , , ,6,5,1,2,9,14,1,1.019394
4,96201762,19439,2628,5,4,1,1,9, , , , , , , , , ,1,3, ,2,4,1,3, , , , ,1,6, , , , ,2, , , , ,6,6,1, , , , , ,9,2,1, , , , , ,6,4,4,3,5,6,2,1.025554
2,96128876,6841,856,5,4,1,2,13, , , , , , , , , ,1,3, ,2,4,1,4, , , , ,2, , , , , ,2, , , , ,6,5,1, , , , , ,8,9,1, , , , , ,9,2,6,3,6,2,1,.588528
2,96169609,7779,996,5,4,1,2,13, , , , , , , , , ,1,3, ,2,4,1,1,2,3,4, ,2, , , , , ,2, , , , ,6,5,1, , , , , ,6,3,1, , , , , ,8,5,13,2,4,3,2,.53482
2,97122281,10604,1366,5,4,1,1,12, , , , , , , , , ,1,3, ,2,4,1,3, , , , ,2, , , , , ,2, , , , ,6,5,1, , , , , ,9,9,1, , , , , ,11,3,13,2,4,2,2,.442329
3,96117823,12463,1641,5,4,1,1,9, , , , , , , , , ,1,3, ,1,4,1,3, , , , ,2, , , , , ,2, , , , ,6,5,1, , , , , ,1,4,1, , , , , ,11,3,11,2,5,1,2,.347326
3,98220724,17440,2341,5,4,1,2,13, , , , , , , , , ,1,3, ,2,4,1,1,3, , , ,2, , , , , ,2, , , , ,6,5,1, , , , , ,1,9,1, , , , , ,10,4,13,2,6,7,1,.413938
4,99106485,20848,2818,5,4,1,1,9, , , , , , , , , ,1,3, ,2,4,1,2,3, , , ,1,1,6, , , ,2, , , , ,6,5,4,1,5, , , ,8,8,1, , , , , ,9,3,11,2,3,1,2,.416436
1,96172915,969,412,4,3,1,1,12, , , , , , , , , ,1,1,2, ,4,3,3, , , , ,2, , , , , ,2, , , , ,6,4,1, , , , , ,1,5,1, , , , , ,4,6,5,1,8,2,1,1.463597
2,96117823,6541,809,6,5,1,2,9, , , , , , , , , ,1,3, ,2,4,1,2, , , , ,2, , , , , ,2, , , , ,6,4,1, , , , , ,1,2,1, , , , , ,11,3,11,2,5,1,2,.568834
2,97203358,10824,1398,5,4,1,1,12, , , , , , , , , ,1,3, ,2,4,1,2,4, , , ,2, , , , , ,2, , , , ,6,4,1, , , , , ,5,11,1, , , , , ,10,3,6,2,6,22,1,.041445
2,96108566,6309,772,3,2,1,1,3, , , , , , , , , ,1,2, , ,4,2,4, , , , ,1,3,6, , , ,2, , , , ,6,3,1, , , , , ,9,9,1, , , , , ,8,3,4,2,7,4,2,.977888
2,97229005,12011,1556,3,2,1,1,1, , , , , , , , , ,1,1,4, ,4,3,2, , , , ,2, , , , , ,2, , , , ,6,3,1, , , , , ,5,11,1, , , , , ,6,3,6,1,6,19,2,1.325355
1,96107158,2176,39,6,5,1,2,12, , , , , , , , , ,1,2, , ,4,3,2, , , , ,1,2,3,6, , ,2, , , , ,6,2,3,1, , , , ,7,9,1, , , , , ,5,6,5,2,7,4,2,1.103439
1,96143394,2276,260,8,7,1,1,9, , , , , , , , , ,1,3, ,2,4,3,3, , , , ,2, , , , , ,2, , , , ,6,2,1, , , , , ,1,14,1, , , , , ,8,3,8,2,6,4,1,1.017741
2,96107776,6282,768,7,6,1,1,13, , , , , , , , , ,1,3, ,2,4,3,2, , , , ,1,1, , , , ,2, , , , ,6,2,2,2,5, , , ,8,7,1, , , , , ,4,6,3,1,8,3,2,1.070566
3,98114464,15556,2076,4,3,1,1,12, , , , , , , , , ,1,3, ,2,4,3,6, , , , ,2, , , , , ,2, , , , ,6,2,1, , , , , ,8,3,1, , , , , ,7,3,5,2,6,3,2,.813353
3,98228399,17822,2393,8,7,1,1,2, , , , , , , , , ,1,3, ,2,4,3,3, , , , ,2, , , , , ,2, , , , ,6,2,1, , , , , ,8,11,1, , , , , ,10,3,2,2,8,4,2,.493706
1,96102140,1207,11,5,4,1,1,12, , , , , , , , , ,1,1,2, ,4,4, , , , , ,1,2,4,6,7, ,2, , , , ,6,0,1, , , , , ,10,1,1, , , , , ,8,6,13,2,5,2,1,.799722
1,96136094,2038,225,10,9,1,2,2, , , , , , , , , ,1,3, ,2,4,4, , , , , ,2, , , , , ,2, , , , ,6,0,1, , , , , ,9,12,1, , , , , ,6,4,4,1,9,4,2,.858274
1,96155808,5189,324,6,5,1,1,12, , , , , , , , , ,1,3, ,2,4,4, , , , , ,1,2,3,4,7, ,2, , , , ,6,0,1, , , , , ,3,4,1, , , , , ,6,6,1,2,8,1,2,.778643
2,96137654,7043,888,5,4,1,1,12, , , , , , , , , ,1,3, ,2,4,4, , , , , ,1,2,4,5,6, ,2, , , , ,6,0,1, , , , , ,1,4,1, , , , , ,4,5,4,1,6,1,2,.831345
2,96159912,7589,969,5,4,1,1,13, , , , , , , , , ,1,3, ,2,4,4, , , , , ,2, , , , , ,2, , , , ,6,0,1, , , , , ,11,8,1, , , , , ,11,5,13,2,6,3,2,.426187
2,96178722,7946,1020,6,5,1,2,12, , , , , , , , , ,1,3, ,2,4,4, , , , , ,1,2,3,4,6, ,2, , , , ,6,0,1, , , , , ,5,1,1, , , , , ,6,5,4,2,10,2,1,1.504743
2,97103771,9712,1240,6,5,1,2,12, , , , , , , , , ,1,3, ,2,4,4, , , , , ,1,2,3, , , ,2, , , , ,6,0,1, , , , , ,1,3,1, , , , , ,7,3,5,2,7,1,1,1.120595
2,97109831,10012,1279,6,5,1,1,12, , , , , , , , , ,1,3, ,2,4,4, , , , , ,1,2,4, , , ,2, , , , ,6,0,1, , , , , ,7,7,1, , , , , ,9,5,4,2,8,10,2,.461165
2,97205877,10956,1420,8,7,1,1,12, , , , , , , , , ,1,3, ,2,4,4, , , , , ,1,2,4, , , ,2, , , , ,6,0,1, , , , , ,5,9,1, , , , , ,5,5,6,2,7,4,1,2.27251
2,97223773,11830,1535,5,4,1,1,12, , , , , , , , , ,1,3, ,2,4,4, , , , , ,1,2,4,6,7, ,2, , , , ,6,0,1, , , , , ,7,11,1, , , , , ,7,3,3,2,8,7,1,.845653
3,96102550,12151,1578,8,7,1,1,9, , , , , , , , , ,1,3, ,1,4,4, , , , , ,1,2,4, , , ,2, , , , ,6,0,1, , , , , ,9,1,1, , , , , ,7,6,11,2,9,10,2,.676821
3,96135499,12804,1690,4,3,1,1,8, , , , , , , , , ,1,2, , ,4,4, , , , , ,1,2,4,6, , ,2, , , , ,6,0,1, , , , , ,7,4,1, , , , , ,5,5,5,1,7,4,2,1.477561
3,96169064,13402,1777,6,5,1,2,9, , , , , , , , , ,1,3, ,2,4,4, , , , , ,1,2, , , , ,2, , , , ,6,0,1, , , , , ,11,9,1, , , , , ,5,4,11,2,5,3,2,1.434764
3,96212421,13813,1848,5,4,1,1,12, , , , , , , , , ,1,3, ,2,4,4, , , , , ,1,2,4,6,7, ,2, , , , ,6,0,1, , , , , ,9,4,1, , , , , ,5,5,9,2,7,2,1,1.559099
3,96217361,13918,1861,5,4,1,1,4, , , , , , , , , ,1,3, ,2,4,4, , , , , ,1,2,4,6, , ,2, , , , ,6,0,1, , , , , ,1,1,1, , , , , ,8,6,13,2,6,19,1,.724501
3,96235505,14331,1914,4,3,1,1,12, , , , , , , , , ,1,3, ,2,4,4, , , , , ,1,2,4, , , ,2, , , , ,6,0,3,5, , , , ,7,1,1, , , , , ,5,5,5,2,7,8,2,1.561602
3,98113650,15515,2069,6,5,1,1,12, , , , , , , , , ,1,3, ,1,4,4, , , , , ,1,65, , , , ,2, , , , ,6,0,1, , , , , ,1,3,1, , , , , ,7,5,1,2,9,18,2,.750098
3,98124312,16046,2140,8,7,1,2,2, , , , , , , , , ,1,3, ,2,4,4, , , , , ,1,2,4, , , ,2, , , , ,6,0,1, , , , , ,8,1,1, , , , , ,10,5,13,2,6,1,2,.51743
3,98202143,16381,2190,5,4,1,1,13, , , , , , , , , ,1,3, ,2,4,4, , , , , ,1,2,4,7, , ,2, , , , ,6,0,1, , , , , ,8,1,1, , , , , ,10,4,4,2,10,4,1,.406663
3,98203375,16445,2201,4,3,1,1,12, , , , , , , , , ,1,3, ,2,4,4, , , , , ,1,2,3,4,6, ,2, , , , ,6,0,10,1,2,5, , ,7,13,1, , , , , ,5,5,5,1,6,4,2,1.477561
3,98210572,16819,2250,13,12,1,1,12, , , , , , , , , ,1,3, ,2,4,4, , , , , ,2, , , , , ,2, , , , ,6,0,1, , , , , ,10,9,1, , , , , ,7,3,11,2,4,5,2,.529678
4,96102140,18167,2443,3,2,1,1,12, , , , , , , , , ,1,3, ,2,4,4, , , , , ,1,2,4,6,7, ,2, , , , ,6,0,1, , , , , ,11,1,1, , , , , ,8,6,13,2,1,2,1,1.678508
4,96130228,18663,2508,6,5,1,1,5, , , , , , , , , ,1,3, ,2,4,4, , , , , ,1,2,3,4,6, ,2, , , , ,6,0,1, , , , , ,7,2,1, , , , , ,7,4,6,2,10,1,1,.837468
4,96217361,19741,2673,5,4,1,1,4, , , , , , , , , ,1,1,5, ,4,4, , , , , ,1,2,4, , , ,2, , , , ,6,0,1, , , , , ,1,4,1, , , , , ,8,6,2,2,7,19,1,.653968
4,99203832,22351,3009,6,5,1,1,4, , , , , , , , , ,1,3, ,2,4,4, , , , , ,1,2,4,5,6, ,2, , , , ,6,0,1, , , , , ,11,11,1, , , , , ,4,5,6,1,6,12,2,1.672223
4,99212546,22816,3082,7,6,1,1,12, , , , , , , , , ,1,3, ,2,4,4, , , , , ,1,2,4, , , ,2, , , , ,6,0,3,5, , , , ,5,4,1, , , , , ,5,5,5,1,6,6,1,1.976686
4,99229999,23677,3195,5,4,1,1,4, , , , , , , , , ,1,3, ,2,4,4, , , , , ,1,1,2,4,6, ,2, , , , ,6,0,1, , , , , ,1,3,1, , , , , ,3,5,14,1,1,7,2,1.601286
4,99231654,23750,3209,4,3,1,1,1, , , , , , , , , ,1,2, , ,4,4, , , , , ,1,2,4, , , ,2, , , , ,6,0,1, , , , , ,5,1,1, , , , , ,4,5,6,1,6,6,1,3.208947
4,99231663,23751,3210,5,4,1,1,4, , , , , , , , , ,1,2, , ,4,4, , , , , ,1,2,3,6, , ,2, , , , ,6,0,1, , , , , ,88,9,1, , , , , ,9,3,4,2,8,19,1,.437814
4,99232505,23793,3217,7,6,1,2,12, , , , , , , , , ,1,3, ,2,4,4, , , , , ,2, , , , , ,2, , , , ,6,0,1, , , , , ,1,10,1, , , , , ,9,4,11,2,1,4,2,.531327
3,98209319,16752,2239,5,4,1, ,13, , , , , , , , , ,1,3, ,2,4,1,1,2,3, , ,2, , , , , ,1,2,3,4, ,5,5,1, , , , , ,1,6,1, , , , , ,6,5,1,2,9,14,1,1.019394
3,96109686,12314,1615,5,4,1,1,9, , , , , , , , , ,1,3, ,1,4,1,1,3, , , ,1,1,6, , , ,2, , , , ,5,4,1, , , , , ,9,1,1, , , , , ,6,6,3,2,9,3,2,.644673
3,96138175,12851,1703,5,4,1,2,13, , , , , , , , , ,1,3, ,1,4,1,6, , , , ,2, , , , , ,2, , , , ,5,4,1, , , , , ,1,4,1, , , , , ,2,3,14,1,3,1,2,1.987081
1,96131241,3731,192,5,4,1,2,13, , , , , , , , , ,1,1,2, ,4,1,2, , , , ,2, , , , , ,2, , , , ,5,3,6,1,2,3, , ,5,5,1, , , , , ,6,5,4,2,8,10,1,.976702
4,96223102,19856,2690,5,4,1,1,12, , , , , , , , , ,1,3, ,2,4,2,3, , , , ,1,1, , , , ,2, , , , ,5,3,1, , , , , ,9,6,1, , , , , ,5,5,5,1,6,6,2,1.388087
4,99100772,20561,2775,4,3,1,2,12, , , , , , , , , ,1,3, ,2,4,2,4, , , , ,2, , , , , ,2, , , , ,5,3,1, , , , , ,9,7,1, , , , , ,9,2,13,2,6,3,2,.779816
4,99130939,22016,2973,7,6,1,1,9, , , , , , , , , ,1,3, ,2,4,3,1,6, , , ,1,2,4, , , ,2, , , , ,5,1,1, , , , , ,6,7,1, , , , , ,3,4,14,1,4,3,1,2.072767
1,96113486,3,86,7,6,1,1,1,3, , , , , , , , ,1,3, ,1,4,4, , , , , ,1,2,3,4,5, ,2, , , , ,5,0,1, , , , , ,8,5,1, , , , , ,6,6,1,2,9,22,2,.094953
1,96175499,2411,426,7,6,1,2,4, , , , , , , , , ,1,3, ,2,4,4, , , , , ,2, , , , , ,2, , , , ,5,0,1, , , , , ,88,5,1, , , , , ,10,3,13,2,5,4,2,.513538
1,96205218,46,466,6,5,3, ,2, , , , , , , , , ,1,1,2, ,4,4, , , , , ,1,2,3, , , ,2, , , , ,5,0,1, , , , , ,1,2,1, , , , , ,6,4,1,2,6,21,2,.7849
2,96107619,6278,767,4,3,1,1,12, , , , , , , , , ,1,3, ,2,4,4, , , , , ,1,2,4,6, , ,2, , , , ,5,0,1, , , , , ,9,5,1, , , , , ,6,5,3,1,7,1,2,1.163878
2,96121198,6626,827,5,4,1,2,13, , , , , , , , , ,1,3, ,2,4,4, , , , , ,1,2,4,6, , ,2, , , , ,5,0,4,1,2,3, , ,9,3,1, , , , , ,6,5,4,1,8,1,2,.720337
2,96136762,7027,884,5,4,1,1,12, , , , , , , , , ,1,3, ,2,4,4, , , , , ,1,2,3,4,6, ,2, , , , ,5,0,1, , , , , ,9,11,1, , , , , ,6,5,4,1,7,10,2,.663926
2,96171787,7824,1002,3,2,1,1,2, , , , , , , , , ,1,2, , ,4,4, , , , , ,1,2,4,6, , ,2, , , , ,5,0,8,1,4, , , ,1,9,1, , , , , ,6,5,5,2,8,2,2,1.349505
2,96203256,8039,1029,5,4,1,1,12, , , , , , , , , ,1,3, ,2,4,4, , , , , ,1,2,4,6,7, ,2, , , , ,5,0,1, , , , , ,1,5,1, , , , , ,5,5,3,2,2,5,2,1.137642
2,96216332,8374,1079,4,3,1,2,4, , , , , , , , , ,1,3, ,2,4,4, , , , , ,1,1,2,4,6, ,2, , , , ,5,0,1, , , , , ,8,11,1, , , , , ,5,3,6,2,6,12,2,1.775668
3,96102393,12145,1576,3,2,1,1,12, , , , , , , , , ,1,2, , ,4,4, , , , , ,1,2,3,4, , ,2, , , , ,5,0,1, , , , , ,8,7,1, , , , , ,5,5,5,1,6,2,1,2.043379
3,98108216,15231,2031,3,2,1,1,13, , , , , , , , , ,1,2, , ,4,4, , , , , ,1,2,4,6, , ,2, , , , ,5,0,1, , , , , ,1,4,1, , , , , ,4,5,4,1,7,2,2,1.46124
3,98118551,15756,2102,3,2,1,1,1, , , , , , , , , ,1,3, ,2,4,4, , , , , ,1,2,4,6, , ,2, , , , ,5,0,1, , , , , ,7,1,1, , , , , ,4,5,3,1,9,1,2,1.387333
3,98119621,15824,2113,30,29,1,2,14, , , , , , , , , ,1,3, ,1,4,4, , , , , ,1,2,3,4,6, ,2, , , , ,5,0,1, , , , , ,1,2,1, , , , , ,6,5,3,1,8,3,2,1.113757
3,98119823,15839,2117,5,4,1,2,1,2, , , , , , , , ,1,3, ,1,4,4, , , , , ,1,2,3,4,6, ,2, , , , ,5,0,1, , , , , ,1,5,1, , , , , ,7,6,2,2,10,2,1,.838541
3,98207752,16667,2230,3,2,1,2,12, , , , , , , , , ,1,3, ,2,4,4, , , , , ,1,2,4,6, , ,2, , , , ,5,0,1, , , , , ,1,7,1, , , , , ,4,6,3,2,9,8,1,1.991239
3,98212158,16920,2261,6,5,1,2,2, , , , , , , , , ,1,3, ,2,4,4, , , , , ,1,2,4,6, , ,2, , , , ,5,0,5,2,4,5, , ,8,11,1, , , , , ,5,6,3,2,8,6,2,1.417018
4,96120464,18482,2482,4,3,1,1,12, , , , , , , , , ,1,1,5, ,4,4, , , , , ,1,2,3,4,5,7,2, , , , ,5,0,1, , , , , ,1,1,1, , , , , ,5,5,3,2,10,3,2,2.446757
4,96132447,18704,2515,6,5,1,1,9, , , , , , , , , ,1,3, ,2,4,4, , , , , ,1,2,4,5,6, ,2, , , , ,5,0,1, , , , , ,9,2,1, , , , , ,10,3,9,2,6,4,1,.475794
4,96208990,19594,2651,6,5,1,2,12, , , , , , , , , ,1,2, , ,4,4, , , , , ,1,2,3,4,6, ,2, , , , ,5,0,1, , , , , ,1,4,1, , , , , ,5,5,3,1,7,9,2,1.664828
4,99227871,23549,3170,6,5,1,1,12, , , , , , , , , ,1,2, , ,4,4, , , , , ,1,2,4,6, , ,2, , , , ,5,0,1, , , , , ,8,7,1, , , , , ,7,6,1,2,9,5,1,.836263
1,96120464,4312,128,3,3,1,1,12, , , , , , , , , ,1,1,1, ,4,4, , , , , ,1,2, , , , ,2, , , , ,4,0,1, , , , , ,1,4,1, , , , , ,5,5,3,2,10,3,2,1.353887
1,96134325,5074,211,4,3,1,1,1, , , , , , , , , ,1,3, ,1,4,4, , , , , ,1,2,4, , , ,2, , , , ,4,0,1, , , , , ,1,1,1, , , , , ,8,5,4,2,9,1,1,1.249382
1,96251667,4165,699,5,4,1,2,4, , , , , , , , , ,1,3, ,2,4,4, , , , , ,1,2,3,4,5,6,2, , , , ,4,0,1, , , , , ,1,7,1, , , , , ,7,5,2,2,10,8,1,.802498
1,96260066,737,732,5,4,1,1,4, , , , , , , , , ,1,1,5, ,4,4, , , , , ,1,2,3,4,6, ,2, , , , ,4,0,3,5, , , , ,6,9,1, , , , , ,7,4,11,2,1,6,2,.491974
3,96107619,12260,1600,4,3,1,1,12, , , , , , , , , ,1,3, ,2,4,4, , , , , ,1,2,3,4, , ,2, , , , ,4,0,1, , , , , ,9,5,1, , , , , ,6,5,3,1,6,1,2,1.042814
3,96157982,13225,1754,5,4,1,1,4, , , , , , , , , ,1,3, ,2,4,4, , , , , ,1,2,4, , , ,2, , , , ,4,0,2,3, , , , ,1,5,1, , , , , ,7,4,11,2,3,2,2,.509369
3,96253170,14671,1960,5,4,1,1,12, , , , , , , , , ,1,3, ,2,4,4, , , , , ,1,2,4,6,7, ,2, , , , ,4,0,1, , , , , ,7,7,1, , , , , ,4,6,3,2,8,9,1,1.437299
3,98128879,16257,2174,5,4,1,1,12, , , , , , , , , ,1,3, ,2,4,4, , , , , ,1,2,4, , , ,2, , , , ,4,0,1, , , , , ,8,5,1, , , , , ,9,3,9,2,6,3,1,.489335
3,98220815,17446,2342,4,3,1,2,1, , , , , , , , , ,1,3, ,2,4,4, , , , , ,1,2,4, , , ,2, , , , ,4,0,1, , , , , ,8,2,1, , , , , ,6,5,11,2,6,6,2,1.050174
4,96101114,18139,2441,8,7,1,2,2, , , , , , , , , ,1,3, ,2,4,4, , , , , ,1,2,4, , , ,2, , , , ,4,0,1, , , , , ,9,7,1, , , , , ,8,4,6,3,8,1,1,.837468
4,96101447,18150,2442,5,4,1,1,13, , , , , , , , , ,1,3, ,2,4,4, , , , , ,1,2,3,4,6, ,2, , , , ,4,0,5,1,2,3, , ,6,7,1, , , , , ,5,5,3,1,8,4,2,1.304669
4,99103831,20716,2797,4,3,1,2,1, , , , , , , , , ,1,2, , ,4,4, , , , , ,1,2,4, , , ,2, , , , ,4,0,1, , , , , ,7,7,1, , , , , ,6,4,2,2,9,1,1,2.1841
4,99228858,23614,3184,4,3,3, ,2, , , , , , , , , ,1,3, ,2,4,4, , , , , ,1,4, , , , ,2, , , , ,4,0,1, , , , , ,1,10,1, , , , , ,6,4,5,2,8,22,2,.182792
2,96206647,8128,1042,3,2,1,1,3, , , , , , , , , ,1,3, ,2,4,4, , , , , ,2, , , , , ,2, , , , ,3,0,1, , , , , ,88,6,1, , , , , ,10,2,11,2,2,6,2,.721682
2,96233648,8850,1133,4,3,1,1,1, , , , , , , , , ,1,3, ,2,4,4, , , , , ,1,2,3,4,6, ,2, , , , ,3,0,1, , , , , ,4,5,1, , , , , ,8,3,6,3,7,12,2,.842702
3,96207043,13707,1832,3,2,3, ,2, , , , , , , , , ,1,2, , ,4,4, , , , , ,1,4,6, , , ,2, , , , ,3,0,1, , , , , ,1,2,1, , , , , ,5,5,4,1,8,22,2,.100675
3,98218685,17315,2321,3,2,1,1,3, , , , , , , , , ,1,2, , ,4,4, , , , , ,1,2,4,5, , ,2, , , , ,3,0,1, , , , , ,9,5,1, , , , , ,9,2,4,2,7,4,1,.600119
1,96222239,3004,565,5,4,1,2,5, , , , , , , , , ,1,3, ,1,4,4, , , , , ,2, , , , , ,2, , , , ,2,0,2,2,3,4, , ,88,4,1, , , , , ,2,2,14,1,2,16,1,3.15434
3,98215551,17132,2292,3,2,1,1,1, , , , , , , , , ,1,3, ,2,4,4, , , , , ,1,2,3,4,6, ,2, , , , ,2,0,1, , , , , ,1,7,1, , , , , ,5,5,5,2,6,5,2,1.195974
4,96207043,19547,2641,3,2,3, ,2, , , , , , , , , ,1,2, , ,4,4, , , , , ,1,3,4, , , ,2, , , , ,2,0,1, , , , , ,1,2,1, , , , , ,5,5,4,1,8,22,1,.35511
1,96138015,925,235,3,2,1,1,3, , , , , , , , , ,1,3, ,2,4,4, , , , , ,1,4, , , , ,2, , , , ,1,0,1, , , , , ,1,5,1, , , , , ,9,4,11,2,8,2,2,.924495
2,97220822,11687,1503,2,1,3, ,2, , , , , , , , , ,1,2, , ,4,4, , , , , ,1,3, , , , ,2, , , , ,1,0,1, , , , , ,1,2,1, , , , , ,5,6,1,1,9,21,1,6.247366
4,99212247,22801,3077,2,1,3, ,2, , , , , , , , , ,1,2, , ,4,4, , , , , ,1,4,65, , , ,2, , , , ,1,0,1, , , , , ,1,88,1, , , , , ,7,2,10,3,5,21,2,.490719
1,96170651,5549,401,5,4,1,1,60, , , , , , , , , ,1,3, ,2,3,3,2, , , , ,2, , , , , ,2, , , , ,88,88,1, , , , , ,88,10,1, , , , , ,4,5,4,1,6,1,2,.660074
2,96153834,7458,952,5,4,2, ,12, , , , , , , , , ,1,3, ,2,3,1,1,3,4, , ,2, , , , , ,2, , , , ,88,88,1, , , , , ,9,88,1, , , , , ,11,4,13,2,5,4,2,.424044
2,97201046,10694,1383,5,4,2, ,12, , , , , , , , , ,1,2, , ,3,1,1,2,4,6, ,2, , , , , ,2, , , , ,88,88,1, , , , , ,88,88,1, , , , , ,11,1,11,2,2,6,2,.436779
2,97201334,10716,1388,5,4,1,2,2, , , , , , , , , ,1,3, ,2,3,1,4, , , , ,2, , , , , ,2, , , , ,88,88,13,2, , , , ,1,9,1, , , , , ,9,3,10,2,5,7,2,.377586
2,97209956,11172,1440,6,5,1,2,4, , , , , , , , , ,1,3, ,1,3,1,6, , , , ,2, , , , , ,2, , , , ,88,88,1, , , , , ,88,88,1, , , , , ,1,1,14,1,1,4,1,14.693799
2,97215887,11458,1480,11,10,1,1,2, , , , , , , , , ,1,3, ,2,3,1,1,3,6, , ,2, , , , , ,2, , , , ,88,88,1, , , , , ,88,5,1, , , , , ,11,5,13,2,6,4,1,.580489
4,96206647,19538,2640,3,2,1,1,1, , , , , , , , , ,1,2, , ,3,2,4, , , , ,2, , , , , ,2, , , , ,88,88,1, , , , , ,88,5,1, , , , , ,10,2,11,2,2,6,2,1.075519
4,99217269,23036,3108,4,3,1,2,12, , , , , , , , , ,1,3, ,2,3,3,4, , , , ,2, , , , , ,2, , , , ,88,88,1, , , , , ,88,88,1, , , , , ,11,1,7,4,2,14,2,.857565
4,99219707,23151,3120,11,10,1,2,30, , , , , , , , , ,1,3, ,2,3,3,6, , , , ,2, , , , , ,2, , , , ,88,88,1, , , , , ,10,12,1, , , , , ,9,2,11,2,1,6,2,.60637
4,99233336,23834,3221,6,5,1,1,9, , , , , , , , , ,1,2, , ,3,1,4,6, , , ,2, , , , , ,2, , , , ,88,88,2,3, , , , ,88,1,1, , , , , ,10,1,11,4,2,13,2,.507483
4,99238248,24065,3246,10,9,1,1,26, , , , , , , , , ,1,3, ,2,3,1,4, , , , ,2, , , , , ,2, , , , ,88,88,1, , , , , ,1,88,1, , , , , ,11,3,13,2,10,8,1,.495971
2,97215387,11433,1478,5,4,1,1,12, , , , , , , , , ,1,3, ,2,3,1,3,4, , , ,2, , , , , ,2, , , , ,88,7,1, , , , , ,10,11,1, , , , , ,6,2,5,4,7,5,2,.714282
1,96106584,6025,35,8,7,1,1,12, , , , , , , , , ,1,2, , ,3,4, , , , , ,2, , , , , ,2, , , , ,88,0,13,3,4, , , ,88,88,1, , , , , ,6,3,11,2,1,1,2,.778643
1,96123290,3909,149,7,6,1,1,2, , , , , , , , , ,1,1,2, ,3,4, , , , , ,2, , , , , ,2, , , , ,88,0,1, , , , , ,1,1,1, , , , , ,9,4,9,2,4,10,1,.723038
1,96126557,1176,168,6,5,1,1,12, , , , , , , , , ,1,1,2, ,3,4, , , , , ,1,2,4, , , ,2, , , , ,88,0,1, , , , , ,88,88,1, , , , , ,4,5,5,1,6,2,1,1.190946
1,96202631,1681,452,3,2,1,1,1, , , , , , , , , ,1,3, ,2,3,4, , , , , ,2, , , , , ,2, , , , ,88,0,1, , , , , ,88,10,1, , , , , ,9,2,7,4,5,5,1,1.296989
1,96217540,2802,534,5,4,1,1,12, , , , , , , , , ,1,3, ,2,3,4, , , , , ,2, , , , , ,2, , , , ,88,0,1, , , , , ,88,6,1, , , , , ,2,3,14,1,1,19,2,2.105923
1,96238959,3593,648,5,4,1,1,8, , , , , , , , , ,1,3, ,2,3,4, , , , , ,1,2,3,4,5,6,2, , , , ,88,0,1, , , , , ,1,7,1, , , , , ,8,6,1,2,8,11,2,.493409
2,96163848,7668,977,5,4,1,1,5, , , , , , , , , ,1,3, ,2,3,4, , , , , ,2, , , , , ,2, , , , ,88,0,1, , , , , ,88,88,1, , , , , ,11,1,13,4,3,4,2,.424044
2,97110861,10065,1286,3,2,1,2,1, , , , , , , , , ,1,1,3, ,3,4, , , , , ,2, , , , , ,2, , , , ,88,0,1, , , , , ,88,88,1, , , , , ,10,3,11,2,5,3,2,.70418
2,97117007,10366,1329,14,13,1,1,12, , , , , , , , , ,1,3, ,2,3,4, , , , , ,2, , , , , ,2, , , , ,88,0,1, , , , , ,9,11,1, , , , , ,10,3,13,2,5,2,2,.479319
2,97211992,11264,1453,5,4,1,1,12, , , , , , , , , ,1,3, ,2,3,4, , , , , ,1,2,4,6, , ,2, , , , ,88,0,1, , , , , ,1,88,1, , , , , ,9,3,11,2,4,7,2,.377586
2,97224218,11850,1537,6,5,1,1,12, , , , , , , , , ,1,2, , ,3,4, , , , , ,2, , , , , ,2, , , , ,88,0,1, , , , , ,88,88,1, , , , , ,11,1,11,4,2,13,2,.538679
2,97229853,12037,1559,10,9,1,2,62, , , , , , , , , ,1,3, ,2,3,4, , , , , ,2, , , , , ,2, , , , ,88,0,1, , , , , ,9,88,1, , , , , ,6,3,4,2,10,6,2,.873952
4,99207379,22552,3038,5,4,1,1,13, , , , , , , , , ,1,3, ,2,3,4, , , , , ,2, , , , , ,2, , , , ,88,0,1, , , , , ,88,4,1, , , , , ,9,3,13,2,8,20,1,.466599
4,99232982,23818,3220,8,7,1,1,9, , , , , , , , , ,1,3, ,2,3,4, , , , , ,1,1,2,3,4, ,2, , , , ,88,0,2,1,3, , , ,8,10,1, , , , , ,4,4,5,1,7,4,2,1.723737
4,99127978,21898,2958,22,21,1,1,2, , , , , , , , , ,1,3, ,2,3,3,4, , , , ,1,3,5, , , ,2, , , , ,22,88,4,2,3, , , ,9,9,1, , , , , ,10,2,13,4,6,1,2,.631429
2,97105696,9805,1256,12,11,1,2,26,27,62, , , , , , , ,1,2, , ,3,1,6, , , , ,2, , , , , ,2, , , , ,22,22,1, , , , , ,11,8,1, , , , , ,10,3,13,2,7,1,1,.634282
3,98125378,16096,2150,11,10,1,2,27, , , , , , , , , ,1,3, ,2,3,1,1,4, , , ,1,6, , , , ,2, , , , ,22,22,1, , , , , ,10,8,1, , , , , ,9,4,4,2,7,3,1,.551419
4,96173160,19340,2617,12,11,1,1,15,16, , , , , , , , ,1,3, ,2,3,1,2, , , , ,2, , , , , ,2, , , , ,22,22,2,3, , , , ,11,1,1, , , , , ,10,5,5,2,8,3,2,.569405
4,96240972,20209,2732,15,13,1,2,62,64, , , , , , , , ,1,3, ,2,3,1,4, , , , ,2, , , , , ,2, , , , ,22,22,1, , , , , ,11,1,1, , , , , ,8,5,5,2,8,5,2,.703289
4,99213124,22847,3086,13,11,1,1,23,24,62, , , , , , , ,1,3, ,2,3,1,6, , , , ,2, , , , , ,2, , , , ,22,21,11,2, , , , ,9,10,1, , , , , ,9,3,6,2,6,6,2,.60637
4,99217446,23043,3110,13,12,1,1,15,16, , , , , , , , ,1,2, , ,3,1,5, , , , ,2, , , , , ,2, , , , ,22,21,1, , , , , ,10,11,1, , , , , ,9,3,6,2,5,14,2,.585715
3,96133687,12769,1680,10,9,1,2,62, , , , , , , , , ,1,3, ,2,3,1,6, , , , ,2, , , , , ,2, , , , ,22,20,1, , , , , ,1,7,1, , , , , ,10,5,13,2,6,2,2,.409779
4,96166287,19245,2600,13,12,1,1,60, , , , , , , , , ,1,3, ,2,3,1,2,3, , , ,2, , , , , ,2, , , , ,22,20,7,1,2,5, , ,8,4,1, , , , , ,11,4,13,2,2,1,2,.608507
4,96227355,19937,2701,14,13,1,1,20,26,28, , , , , , , ,1,3, ,2,3,1,4, , , , ,2, , , , , ,2, , , , ,22,20,1, , , , , ,11,10,1, , , , , ,9,3,6,2,9,6,1,.638895
1,96132577,1012,203,13,12,1,1,62, , , , , , , , , ,1,2, , ,3,1,2, , , , ,2, , , , , ,2, , , , ,22,18,1, , , , , ,11,9,1, , , , , ,11,3,11,2,7,2,2,.607121
2,97209427,11145,1436,11,10,1,2,18,19,62, , , , , , , ,1,3, ,2,3,1,1,5, , , ,2, , , , , ,2, , , , ,22,17,11,2, , , , ,10,10,1, , , , , ,10,4,11,4,8,6,2,.473306
1,96224112,93,574,12,11,1,1,26, , , , , , , , , ,1,3, ,2,3,3,1,2,3, , ,2, , , , , ,2, , , , ,22,15,11,2,3, , , ,1,11,1, , , , , ,5,6,6,1,10,6,1,1.936588
3,98109014,15274,2040,12,11,1,2,62, , , , , , , , , ,1,2, , ,3,1,6, , , , ,2, , , , , ,2, , , , ,22,15,1, , , , , ,11,6,1, , , , , ,11,3,13,2,2,2,1,.464097
1,96214779,3114,511,9,7,1,2,18,19,20, , , , , , , ,1,2, , ,3,1,3, , , , ,1,6, , , , ,2, , , , ,22,13,1, , , , , ,6,6,1, , , , , ,8,6,5,1,7,14,2,.628637
1,96238340,500,642,14,13,1,2,64, , , , , , , , , ,1,3, ,2,3,3,2,4, , , ,2, , , , , ,2, , , , ,22,13,8,2,3, , , ,4,11,1, , , , , ,8,5,11,2,5,6,2,.690774
1,96170680,4629,402,50,49,1,1,15, , , , , , , , , ,1,3, ,1,3,3,2, , , , ,2, , , , , ,2, , , , ,22,10,12,4, , , , ,1,7,1, , , , , ,8,3,4,4,5,3,2,3.224754
3,96168624,13396,1776,26,25,1,2,21,26, , , , , , , , ,1,3, ,2,3,2,4, , , , ,1,4,6, , , ,2, , , , ,22,9,14,4, , , , ,1,3,1, , , , , ,8,4,2,2,10,2,1,1.448691
1,96120186,1413,124,90,89,1,1,23, , , , , , , , , ,1,2, , ,3,4, , , , , ,1,2,4,6,7, ,2, , , , ,22,0,5,2,3, , , ,14,8,1, , , , , ,5,5,12,1,1,2,1,9.073439
1,96221727,3420,562,13,12,1,1,12, , , , , , , , , ,1,2, , ,3,4, , , , , ,1,2,3,4,5,6,2, , , , ,22,0,1, , , , , ,11,11,1, , , , , ,9,5,13,2,8,12,1,.796618
2,96213071,8291,1069,15,14,1,1,15, , , , , , , , , ,1,3, ,2,3,4, , , , , ,2, , , , , ,2, , , , ,22,0,1, , , , , ,13,13,1, , , , , ,9,3,7,2,2,12,1,.666475
2,97121871,10591,1365,15,14,1,2,62, , , , , , , , , ,1,3, ,2,3,4, , , , , ,1,2,4,3, , ,2, , , , ,22,0,1, , , , , ,11,7,1, , , , , ,10,5,13,2,8,2,1,.646622
3,98214801,17079,2284,6,5,1,1,12, , , , , , , , , ,1,3, ,1,3,4, , , , , ,1,2,3,4,6, ,2, , , , ,22,0,1, , , , , ,1,7,1, , , , , ,2,3,14,1,1,4,2,2.841519
3,98228716,17841,2396,13,12,1,2,60,64, , , , , , , , ,1,3, ,2,3,4, , , , , ,1,1,2,3,4,7,2, , , , ,22,0,1, , , , , ,12,10,1, , , , , ,9,3,11,2,3,20,2,.423355
4,99217516,23046,3111,9,8,1,1,17, , , , , , , , , ,1,3, ,2,3,4, , , , , ,1,2, , , , ,2, , , , ,22,0,1, , , , , ,9,8,1, , , , , ,11,5,11,2,6,16,2,.65906
3,96113778,12397,1631,15,14,1,1,29, , , , , , , , , ,1,3, ,1,3,3,4, , , , ,2, , , , , ,2, , , , ,21,19,1, , , , , ,9,11,1, , , , , ,11,6,13,1,9,1,1,.440624
3,96171791,13451,1789,12,11,1,2,62, , , , , , , , , ,1,3, ,2,3,1,4, , , , ,2, , , , , ,2, , , , ,21,19,1, , , , , ,11,88,1, , , , , ,7,4,5,1,6,2,2,.573995
2,96237503,8971,1151,13,12,1,2,62, , , , , , , , , ,1,3, ,2,3,1,3,4, , , ,2, , , , , ,2, , , , ,21,18,1, , , , , ,88,14,1, , , , , ,7,3,6,2,4,5,2,.650705
2,96123535,6695,836,10,9,1,1,21,23,24, , , , , , , ,1,1,4, ,3,1,1,4, , , ,1,6, , , , ,2, , , , ,21,15,14,1,2,5, , ,10,1,1, , , , , ,6,5,5,2,8,3,2,.852758
4,96162889,19200,2594,12,11,1,1,15,16, , , , , , , , ,1,3, ,2,3,1,1, , , , ,2, , , , , ,1,1, , , ,20,19,1, , , , , ,5,4,1, , , , , ,10,2,11,4,5,3,2,.569405
1,96116763,1969,103,11,10,1,1,62, , , , , , , , , ,1,3, ,2,3,1,4, , , , ,2, , , , , ,2, , , , ,20,16,1, , , , , ,11,1,1, , , , , ,8,6,13,2,10,4,2,.690931
4,99205770,22465,3023,13,12,1,1,23,62, , , , , , , , ,1,3, ,2,3,1,4, , , , ,2, , , , , ,2, , , , ,20,16,1, , , , , ,11,10,1, , , , , ,10,3,11,2,5,5,2,.571549
3,98109959,15328,2049,15,14,1,2,26,62, , , , , , , , ,1,3, ,2,3,4, , , , , ,1,2,4,7, , ,2, , , , ,20,0,7,4,5, , , ,88,7,1, , , , , ,6,5,6,2,9,2,2,.750405
4,99229141,23628,3187,11,10,1,2,28,62, , , , , , , , ,1,3, ,2,3,1,1,2, , , ,2, , , , , ,2, , , , ,19,17,1, , , , , ,12,7,1, , , , , ,10,3,5,2,8,4,1,.510361
3,98231249,17952,2410,10,9,1,1,23,24, , , , , , , , ,1,3, ,2,3,3,4, , , , ,2, , , , , ,2, , , , ,19,16,1, , , , , ,9,1,1, , , , , ,8,5,12,1,1,20,2,.586122
3,98114378,15551,2075,14,13,1,2,18, , , , , , , , , ,1,3, ,1,3,4, , , , , ,1,2,4,6, , ,2, , , , ,19,0,1, , , , , ,9,6,1, , , , , ,10,6,13,2,6,1,1,.48028
2,96240059,9041,1162,15,14,1,2,2, , , , , , , , , ,1,3, ,2,3,1,2,6, , , ,2, , , , , ,2, , , , ,18,17,10,2, , , , ,12,9,1, , , , , ,10,4,6,2,7,9,2,.45885
3,96174792,13496,1802,9,8,1,1,17, , , , , , , , , ,1,3, ,1,3,2,4, , , , ,1,6, , , , ,2, , , , ,18,17,2,3, , , , ,88,5,1, , , , , ,3,5,3,1,8,2,2,2.028765
2,96146406,7274,923,10,9,1,1,23,24, , , , , , , , ,1,2, , ,3,1,6, , , , ,2, , , , , ,2, , , , ,18,16,5,1,2,5, , ,88,8,1, , , , , ,7,4,9,2,6,1,1,1.030164
3,96203566,13629,1820,13,12,1,2,22, , , , , , , , , ,1,3, ,2,3,1,1,4, , , ,2, , , , , ,2, , , , ,18,16,1, , , , , ,10,1,1, , , , , ,10,4,13,2,8,6,1,.483669
1,96132563,4370,202,10,9,1,1,23,24, , , , , , , , ,1,3, ,2,3,3,2,4, , , ,2, , , , , ,2, , , , ,18,14,1, , , , , ,8,6,1, , , , , ,8,3,13,3,8,3,2,.689826
2,97111632,10097,1291,8,7,1,2,2, , , , , , , , , ,1,3, ,2,3,1,6, , , , ,2, , , , , ,2, , , , ,18,7,1, , , , , ,1,88,1, , , , , ,10,5,13,2,7,1,2,.511445
2,96144876,7244,917,9,8,1,1,17, , , , , , , , , ,1,2, , ,3,1,1,2,3, , ,1,6, , , , ,2, , , , ,17,15,1, , , , , ,4,9,1, , , , , ,7,6,3,2,10,2,1,1.050207
4,99227995,23559,3174,10,9,1,1,23,62, , , , , , , , ,1,3, ,2,3,1,4,6, , , ,2, , , , , ,1,1, , , ,17,15,1, , , , , ,1,1,1, , , , , ,10,5,13,2,7,4,2,.571521
2,97222738,11780,1519,17,16,1,1,23,24,62, , , , , , , ,1,3, ,2,3,1,1,2,3, , ,2, , , , , ,2, , , , ,17,14,1, , , , , ,11,7,1, , , , , ,8,3,11,2,5,4,2,1.139214
4,99113513,21201,2854,10,9,1,1,21,22, , , , , , , , ,1,3, ,2,3,1,6, , , , ,2, , , , , ,2, , , , ,17,14,1, , , , , ,9,4,1, , , , , ,9,3,7,2,6,1,1,.601395
4,99219891,23161,3123,5,4,1,1,12, , , , , , , , , ,1,2, , ,3,1,3, , , , ,1,1, , , , ,2, , , , ,17,13,1, , , , , ,9,11,1, , , , , ,8,3,4,2,6,8,2,.502696
4,99239026,24089,3250,5,4,1,1,12, , , , , , , , , ,1,3, ,2,3,3,4,6, , , ,2, , , , , ,2, , , , ,17,10,1, , , , , ,1,1,1, , , , , ,5,5,3,1,8,9,1,1.452007
2,97209987,11173,1441,5,4,1,1,13, , , , , , , , , ,1,1,5, ,3,1,2,5, , , ,2, , , , , ,2, , , , ,17,9,1, , , , , ,1,7,1, , , , , ,9,3,5,2,8,4,2,.372991
2,96111961,6411,787,15,14,1,2,30, , , , , , , , , ,1,3, ,1,3,4, , , , , ,1,2,3,4,6,7,2, , , , ,17,0,5,2, , , , ,9,5,1, , , , , ,6,5,1,2,10,2,1,1.383312
1,96136895,2387,230,13,12,1,1,60, , , , , , , , , ,1,2, , ,3,2,4, , , , ,2, , , , , ,1,1,2,3, ,16,88,1, , , , , ,1,7,1, , , , , ,11,3,11,4,5,4,2,.605893
4,99131840,22047,2975,7,6,1,1,29, , , , , , , , , ,1,1,5, ,3,1,6, , , , ,2, , , , , ,2, , , , ,16,15,2,3, , , , ,1,5,1, , , , , ,5,5,1,1,8,2,2,1.76374
3,96259206,14761,1969,5,4,1,2,12, , , , , , , , , ,1,3, ,2,3,1,6, , , , ,2, , , , , ,2, , , , ,16,13,1, , , , , ,9,1,1, , , , , ,9,3,11,2,5,6,2,.351774
4,96255873,20444,2759,6,5,1,1,12, , , , , , , , , ,1,3, ,2,3,3,4, , , , ,2, , , , , ,2, , , , ,16,2,1, , , , , ,12,9,1, , , , , ,11,3,6,2,8,9,1,.471295
3,96229997,14194,1901,8,7,1,1,12, , , , , , , , , ,1,3, ,2,3,4, , , , , ,1,2,4,6,7, ,2, , , , ,16,0,1, , , , , ,1,5,1, , , , , ,6,6,3,1,8,6,2,.954229
2,96125062,6746,842,8,7,1,2,2, , , , , , , , , ,1,3, ,2,3,1,6, , , , ,2, , , , , ,2, , , , ,15,15,1, , , , , ,8,1,1, , , , , ,11,1,13,2,5,1,1,.646102
2,97108284,9937,1267,12,11,1,1,17,18,19,20,22,26, , , , ,1,3, ,2,3,1,6, , , , ,2, , , , , ,2, , , , ,15,15,1, , , , , ,11,5,1, , , , , ,11,1,6,2,4,1,2,.522929
4,99224901,23400,3152,13,12,1,1,62, , , , , , , , , ,1,3, ,2,3,1,2,3, , , ,2, , , , , ,2, , , , ,15,15,1, , , , , ,12,7,1, , , , , ,9,3,11,2,6,5,2,.569957
1,96252978,3613,707,9,8,1,2,62, , , , , , , , , ,1,2, , ,3,1,3,4, , , ,1,6, , , , ,2, , , , ,15,14,1, , , , , ,12,11,1, , , , , ,11,6,13,2,6,11,2,.607522
2,97107205,9884,1263,8,7,1,2,12, , , , , , , , , ,1,3, ,2,3,3,2,3,4, , ,2, , , , , ,2, , , , ,15,13,1, , , , , ,11,1,1, , , , , ,7,5,4,2,6,1,1,1.120595
1,96226789,3581,585,7,6,1,1,12, , , , , , , , , ,1,3, ,2,3,1,2, , , , ,2, , , , , ,2, , , , ,15,12,12,2,5, , , ,12,8,1, , , , , ,11,6,13,3,8,11,1,.645172
4,96103779,18199,2447,10,9,1,1,23,24, , , , , , , , ,1,2, , ,3,1,6, , , , ,2, , , , , ,2, , , , ,15,12,1, , , , , ,1,4,1, , , , , ,7,4,5,2,6,1,2,.704302
1,96127324,2648,175,14,13,1,1,12, , , , , , , , , ,1,3, ,2,3,1,6, , , , ,1,3,4,6, , ,2, , , , ,15,10,1, , , , , ,11,8,1, , , , , ,3,5,12,1,2,4,1,1.911062
3,96139976,12884,1709,5,4,1,1,12, , , , , , , , , ,1,3, ,2,3,1,6, , , , ,2, , , , , ,2, , , , ,15,10,1, , , , , ,5,9,1, , , , , ,6,5,3,1,9,1,2,.632236
1,96149151,2820,294,5,4,1,1,12, , , , , , , , , ,1,3, ,2,3,1,4, , , , ,2, , , , , ,2, , , , ,15,9,1, , , , , ,88,11,1, , , , , ,7,3,5,2,8,18,2,.486787
3,98224753,17633,2367,6,5,1,2,12, , , , , , , , , ,1,3, ,2,3,1,4, , , , ,2, , , , , ,2, , , , ,15,9,1, , , , , ,8,10,1, , , , , ,11,4,4,4,9,5,2,.505942
4,99221974,23263,3132,5,4,1,1,12, , , , , , , , , ,1,3, ,2,3,1,1,2,5, , ,2, , , , , ,2, , , , ,15,9,1, , , , , ,9,8,1, , , , , ,6,3,10,2,5,5,2,.96397
4,99135458,22150,2983,5,4,1,2,4, , , , , , , , , ,1,3, ,2,3,1,6, , , , ,2, , , , , ,2, , , , ,15,7,1, , , , , ,7,1,1, , , , , ,8,3,4,2,6,18,2,.512753
1,96105439,5106,28,14,13,1,1,15, , , , , , , , , ,1,1,2, ,3,4, , , , , ,1,2,4,6,7, ,2, , , , ,15,0,1, , , , , ,9,5,1, , , , , ,5,5,3,1,9,1,1,1.934926
1,96228811,603,592,25,24,1,1,15, , , , , , , , , ,1,3, ,2,3,4, , , , , ,2, , , , , ,2, , , , ,15,0,1, , , , , ,12,10,1, , , , , ,10,3,11,2,4,6,2,.771301
1,96243183,4948,670,5,4,1,1,12, , , , , , , , , ,1,3, ,2,3,4, , , , , ,1,2,4, , , ,2, , , , ,15,0,6,1, , , , ,8,11,1, , , , , ,5,5,9,1,6,7,2,.867417
2,96168881,7760,993,5,4,1,1,12, , , , , , , , , ,1,3, ,2,3,4, , , , , ,1,1,2,3,4,6,2, , , , ,15,0,10,2,3, , , ,8,4,1, , , , , ,4,5,10,1,5,2,1,1.339823
2,97114804,10248,1316,10,9,1,1,26, , , , , , , , , ,1,3, ,2,3,4, , , , , ,1,2,4, , , ,2, , , , ,15,0,1, , , , , ,1,7,1, , , , , ,4,5,3,1,8,1,1,1.583965
2,97205570,10937,1416,9,8,1,1,12, , , , , , , , , ,1,3, ,2,3,4, , , , , ,1,2,4,6,7, ,2, , , , ,15,0,2,3, , , , ,8,7,1, , , , , ,8,6,3,2,9,7,1,1.019198
2,97219270,11614,1498,20,19,1,1,12, , , , , , , , , ,1,3, ,2,3,4, , , , , ,1,2,4,6, , ,2, , , , ,15,0,1, , , , , ,11,11,1, , , , , ,9,5,11,4,7,13,2,.773738
3,96150315,13078,1730,10,9,1,1,29, , , , , , , , , ,1,3, ,1,3,4, , , , , ,1,4, , , , ,2, , , , ,15,0,8,4, , , , ,1,1,1, , , , , ,7,5,4,2,7,1,2,.544963
3,98122799,15982,2134,19,18,1,2,2, , , , , , , , , ,1,3, ,1,3,4, , , , , ,1,2,3,4,6,7,2, , , , ,15,0,2,3, , , , ,12,7,1, , , , , ,8,6,1,2,9,1,2,.835494
3,98215068,17099,2287,14,13,1,2,26, , , , , , , , , ,1,3, ,2,3,4, , , , , ,1,2,4,7, , ,2, , , , ,15,0,1, , , , , ,88,1,1, , , , , ,11,5,13,2,7,4,1,.420421
4,96166929,19257,2603,9,8,1,1,12, , , , , , , , , ,1,3, ,2,3,4, , , , , ,1,2,3,4,6, ,2, , , , ,15,0,1, , , , , ,12,6,1, , , , , ,9,3,12,2,4,1,1,.601395
4,99135575,22155,2985,7,6,1,1,12, , , , , , , , , ,1,3, ,2,3,4, , , , , ,1,2,4, , , ,2, , , , ,15,0,1, , , , , ,88,1,1, , , , , ,10,3,13,4,7,1,1,.476503
4,99230225,23686,3198,12,10,1,1,23,24, , , , , , , , ,1,3, ,2,3,4, , , , , ,1,1,2,3,4,6,2, , , , ,15,0,8,2,5, , , ,12,11,1, , , , , ,4,5,5,1,5,6,2,1.96719
1,96202187,1534,448,10,9,1,2,62, , , , , , , , , ,1,3, ,2,3,1,1,2,3,4, ,2, , , , , ,2, , , , ,14,14,1, , , , , ,7,11,1, , , , , ,11,3,13,2,7,5,2,.606285
2,97222933,11790,1526,13,12,1,1,2, , , , , , , , , ,1,3, ,2,3,1,2, , , , ,2, , , , , ,2, , , , ,14,13,1, , , , , ,1,9,1, , , , , ,10,5,13,2,8,4,2,.459506
2,96152992,7436,950,10,9,1,2,62, , , , , , , , , ,1,3, ,2,3,1,4,6, , , ,2, , , , , ,2, , , , ,14,12,1, , , , , ,9,5,1, , , , , ,11,1,13,4,4,1,2,.522929
1,96215090,3336,516,6,5,1,1,12, , , , , , , , , ,1,3, ,2,3,3,2, , , , ,2, , , , , ,2, , , , ,14,11,1, , , , , ,11,1,1, , , , , ,10,1,11,2,5,13,2,.513874
4,96101027,18135,2440,5,4,1,1,12, , , , , , , , , ,1,3, ,2,3,1,2, , , , ,2, , , , , ,2, , , , ,14,11,1, , , , , ,11,4,1, , , , , ,10,2,13,2,10,2,1,.393941
4,96160714,19170,2590,8,7,1,1,2, , , , , , , , , ,1,3, ,2,3,2,3, , , , ,1,6, , , , ,2, , , , ,14,11,1, , , , , ,11,7,1, , , , , ,9,3,3,2,6,1,1,.560662
1,96200149,1601,439,5,4,1,1,12, , , , , , , , , ,1,3, ,2,3,1,6, , , , ,2, , , , , ,2, , , , ,14,8,1, , , , , ,88,1,1, , , , , ,4,4,9,2,6,5,2,.661218
4,96259125,20484,2762,5,4,1,1,12, , , , , , , , , ,1,3, ,2,3,1,1,2, , , ,2, , , , , ,2, , , , ,14,7,1, , , , , ,1,1,1, , , , , ,7,5,5,2,8,14,2,.527301
1,96227936,69,591,6,5,1,1,12, , , , , , , , , ,1,3, ,2,3,4, , , , , ,2, , , , , ,2, , , , ,14,0,1, , , , , ,8,4,1, , , , , ,9,3,6,4,10,6,2,.514976
2,96208112,8170,1048,7,6,1,1,12, , , , , , , , , ,1,3, ,2,3,4, , , , , ,2, , , , , ,2, , , , ,14,0,1, , , , , ,88,7,1, , , , , ,11,3,11,2,5,5,2,.564052
4,96224674,19884,2695,12,11,1,1,12, , , , , , , , , ,1,3, ,2,3,4, , , , , ,1,1,2,3,4,6,2, , , , ,14,0,1, , , , , ,9,9,1, , , , , ,9,5,13,2,4,19,2,.56953
4,99127347,21877,2957,15,14,1,1,2, , , , , , , , , ,1,3, ,2,3,4, , , , , ,1,2, , , , ,2, , , , ,14,0,13,4, , , , ,3,11,1, , , , , ,10,4,13,2,5,3,2,.569405
1,96138514,2430,236,7,6,1,1,12, , , , , , , , , ,1,1,2, ,3,3,4,6, , , ,2, , , , , ,2, , , , ,13,88,1, , , , , ,7,88,1, , , , , ,9,3,11,2,5,4,2,.515092
1,96127018,5204,173,5,4,1,1,4, , , , , , , , , ,1,1,2, ,3,3,1,6, , , ,2, , , , , ,2, , , , ,13,13,1, , , , , ,1,5,1, , , , , ,3,5,4,1,8,1,1,1.359596
2,96233252,8837,1130,9,8,1,1,12, , , , , , , , , ,1,3, ,2,3,1,2, , , , ,2, , , , , ,2, , , , ,13,13,1, , , , , ,9,1,1, , , , , ,11,5,13,2,8,5,1,.588969
3,98211088,16856,2253,7,6,1,1,12, , , , , , , , , ,1,3, ,2,3,1,5, , , , ,2, , , , , ,2, , , , ,13,13,1, , , , , ,1,6,1, , , , , ,10,3,11,2,2,7,2,.502537
4,99211720,22775,3075,6,5,1,2,12, , , , , , , , , ,1,3, ,2,3,1,4,6, , , ,2, , , , , ,2, , , , ,13,13,1, , , , , ,11,1,1, , , , , ,9,4,4,2,9,4,1,.559827
2,96165857,7711,985,8,7,1,2,5, , , , , , , , , ,1,3, ,2,3,3,4, , , , ,2, , , , , ,2, , , , ,13,12,1, , , , , ,12,11,1, , , , , ,10,5,13,2,7,3,2,.502368
3,96238049,14384,1923,10,9,1,2,60, , , , , , , , , ,1,3, ,2,3,1,4, , , , ,2, , , , , ,2, , , , ,13,12,2,3, , , , ,4,12,1, , , , , ,4,6,12,1,2,6,2,1.201255
4,96137270,18779,2526,5,4,1,1,12, , , , , , , , , ,1,3, ,2,3,1,6, , , , ,2, , , , , ,2, , , , ,13,12,1, , , , , ,1,7,1, , , , , ,7,5,11,2,9,2,2,.542833
1,96215090,3336,517,5,4,1,1,12, , , , , , , , , ,1,3, ,2,3,1,4, , , , ,2, , , , , ,2, , , , ,13,11,1, , , , , ,1,1,1, , , , , ,10,1,11,2,5,13,2,.402976
1,96215730,1625,519,6,5,1,2,12, , , , , , , , , ,1,1,2, ,3,1,3, , , , ,2, , , , , ,2, , , , ,13,11,1, , , , , ,8,4,1, , , , , ,5,5,5,2,6,5,2,1.104152
4,99212047,22792,3076,5,4,1,1,12, , , , , , , , , ,1,2, , ,3,1,4, , , , ,2, , , , , ,2, , , , ,13,11,2,3, , , , ,9,9,1, , , , , ,8,4,5,2,9,7,2,.544723
1,96229509,659,597,8,7,1,2,23,25, , , , , , , , ,1,3, ,2,3,1,4, , , , ,2, , , , , ,2, , , , ,13,10,4,2, , , , ,1,9,1, , , , , ,11,3,11,4,2,6,2,.55015
1,96250209,3188,692,6,5,1,1,12, , , , , , , , , ,1,3, ,2,3,3,4,6, , , ,2, , , , , ,2, , , , ,13,10,1, , , , , ,7,1,1, , , , , ,5,5,6,2,5,14,2,1.105426
1,96250209,3188,693,5,4,1,1,12, , , , , , , , , ,1,3, ,2,3,3,4, , , , ,2, , , , , ,2, , , , ,13,10,8,1,2, , , ,7,1,1, , , , , ,5,5,6,2,5,14,2,.866866
4,96151072,19000,2565,9,8,1,1,9, , , , , , , , , ,1,3, ,2,3,1,4,5,6, , ,2, , , , , ,2, , , , ,13,10,1, , , , , ,9,7,1, , , , , ,9,4,13,2,5,1,2,.570779
1,96217528,4898,533,5,4,1,1,12, , , , , , , , , ,1,2, , ,3,1,5, , , , ,2, , , , , ,2, , , , ,13,9,11,1,5, , , ,88,8,1, , , , , ,6,6,5,2,9,7,2,.612758
2,96149151,7335,932,5,4,1,1,12, , , , , , , , , ,1,3, ,2,3,1,6, , , , ,2, , , , , ,2, , , , ,13,9,1, , , , , ,1,9,1, , , , , ,7,3,5,2,7,18,2,.580561
2,96237325,8964,1149,6,5,1,1,12, , , , , , , , , ,1,3, ,2,3,3,2,3,4, , ,2, , , , , ,2, , , , ,13,8,1, , , , , ,1,9,1, , , , , ,9,2,11,4,5,13,2,.473824
1,96251707,1441,700,14,13,1,1,3, , , , , , , , , ,1,3, ,2,3,3,2, , , , ,2, , , , , ,2, , , , ,13,7,1, , , , , ,11,9,1, , , , , ,8,4,6,4,9,5,2,.691378
4,99239118,24092,3251,5,4,1,2,13, , , , , , , , , ,1,2, , ,3,1,4, , , , ,2, , , , , ,2, , , , ,13,6,1, , , , , ,6,10,1, , , , , ,8,5,5,1,8,7,2,.544723
1,96209223,533,488,8,7,1,2,12, , , , , , , , , ,1,3, ,2,3,4, , , , , ,2, , , , , ,2, , , , ,13,0,1, , , , , ,88,88,1, , , , , ,10,3,5,2,5,6,2,.513422
2,96134604,6979,875,7,6,1,1,2, , , , , , , , , ,1,3, ,2,3,4, , , , , ,2, , , , , ,2, , , , ,13,0,1, , , , , ,1,2,1, , , , , ,10,4,13,2,2,3,1,.677716
3,98103028,14967,1997,7,6,1,1,4, , , , , , , , , ,1,3, ,2,3,4, , , , , ,1,2,3,4,6, ,2, , , , ,13,0,10,4, , , , ,1,7,1, , , , , ,7,4,11,2,9,1,2,.724788
3,98114504,15559,2077,30,29,1,1,12, , , , , , , , , ,1,3, ,1,3,4, , , , , ,1,1,2,3,4,5,2, , , , ,13,0,6,1,5, , , ,9,8,1, , , , , ,6,5,4,2,10,1,2,1.092272
4,96157941,19123,2582,9,8,1,2,12, , , , , , , , , ,1,3, ,2,3,4, , , , , ,1,2,4, , , ,2, , , , ,13,0,1, , , , , ,11,7,1, , , , , ,3,3,1,1,6,10,1,2.241912
4,99100494,20544,2771,7,6,1,1,12, , , , , , , , , ,1,3, ,2,3,4, , , , , ,1,2,4, , , ,2, , , , ,13,0,1, , , , , ,9,9,1, , , , , ,11,1,11,4,5,2,2,.599285
4,99126991,21862,2953,5,4,1,1,12, , , , , , , , , ,1,3, ,2,3,4, , , , , ,1,2,4,5,6,7,2, , , , ,13,0,1, , , , , ,1,7,1, , , , , ,9,2,13,2,7,1,1,.438773
4,99218854,23101,3114,9,8,1,1,4, , , , , , , , , ,1,3, ,2,3,4, , , , , ,1,2,4,5, , ,2, , , , ,13,0,1, , , , , ,9,8,1, , , , , ,5,5,12,1,10,4,1,1.992874
3,96211217,13789,1845,7,6,1,1,12, , , , , , , , , ,1,3, ,2,3,1,4, , , , ,2, , , , , ,2, , , , ,12,12,1, , , , , ,10,88,1, , , , , ,10,2,6,2,6,13,1,.572295
1,96117784,5606,106,7,6,1,1,12, , , , , , , , , ,1,2, , ,3,1,4, , , , ,2, , , , , ,2, , , , ,12,11,1, , , , , ,9,2,1, , , , , ,9,3,13,2,5,1,2,.514534
2,96254573,9370,1192,10,9,1,2,60, , , , , , , , , ,1,3, ,2,3,1,4, , , , ,2, , , , , ,2, , , , ,12,10,1, , , , , ,11,12,1, , , , , ,9,4,13,2,8,6,1,.700408
2,97118382,10435,1339,5,4,1,1,12, , , , , , , , , ,1,2, , ,3,1,1,4, , , ,2, , , , , ,2, , , , ,12,10,4,2, , , , ,10,7,1, , , , , ,10,1,13,2,2,1,1,.526279
2,97223564,11820,1532,5,4,1,1,12, , , , , , , , , ,1,3, ,2,3,1,4, , , , ,2, , , , , ,2, , , , ,12,10,1, , , , , ,9,10,1, , , , , ,9,6,13,2,8,6,1,.581145
4,96234645,20080,2717,9,8,1,1,2, , , , , , , , , ,1,3, ,2,3,2,2, , , , ,2, , , , , ,2, , , , ,12,10,1, , , , , ,7,1,1, , , , , ,10,5,13,2,8,6,1,.542993
1,96133912,3863,207,5,4,1,1,12, , , , , , , , , ,1,3, ,2,3,1,1,2,3, , ,2, , , , , ,2, , , , ,12,9,1, , , , , ,5,8,1, , , , , ,8,2,10,2,5,10,2,.491685
2,96253698,9355,1189,5,4,1,1,12, , , , , , , , , ,1,3, ,2,3,1,1,4, , , ,2, , , , , ,2, , , , ,12,9,9,1,2,3,5, ,1,9,1, , , , , ,6,4,2,2,9,16,1,1.140679
2,97101013,9547,1214,5,4,1,1,12, , , , , , , , , ,1,3, ,2,3,1,1,2,4, , ,2, , , , , ,2, , , , ,12,9,1, , , , , ,10,9,1, , , , , ,11,5,13,2,10,2,2,.442329
3,98113872,15529,2071,5,4,1,1,12, , , , , , , , , ,1,3, ,2,3,2,1,2,4,5, ,2, , , , , ,2, , , , ,12,9,1, , , , , ,9,1,1, , , , , ,5,6,6,1,7,3,1,1.509358
4,96223349,19865,2692,5,4,1,1,12, , , , , , , , , ,1,3, ,2,3,1,1,3,6, , ,1,3,6, , , ,2, , , , ,12,9,1, , , , , ,9,3,1, , , , , ,6,5,5,2,8,6,2,1.025554
2,97212407,11283,1456,6,5,1,2,13, , , , , , , , , ,1,3, ,2,3,1,4, , , , ,2, , , , , ,2, , , , ,12,7,1, , , , , ,9,1,1, , , , , ,11,3,13,4,6,4,2,.55593
4,99100053,20524,2767,5,4,1,1,12, , , , , , , , , ,1,3, ,2,3,1,1, , , , ,2, , , , , ,2, , , , ,12,7,1, , , , , ,1,8,1, , , , , ,7,3,4,2,7,3,2,.511189
3,96160397,13270,1762,10,9,1,1,12, , , , , , , , , ,1,3, ,2,3,3,6, , , , ,1,6, , , , ,2, , , , ,12,5,1, , , , , ,9,7,1, , , , , ,6,6,3,2,10,2,1,1.176405
2,97206727,10997,1423,7,6,1,1,12, , , , , , , , , ,1,3, ,2,3,2,4, , , , ,1,3, , , , ,2, , , , ,12,4,5,1, , , , ,10,1,1, , , , , ,6,3,9,2,6,8,2,.893921
4,99234726,23896,3229,5,4,1,1,12, , , , , , , , , ,1,3, ,2,3,3,3, , , , ,1,3,4,5,6,7,2, , , , ,12,3,11,3,5, , , ,11,5,1, , , , , ,4,5,4,2,8,8,2,1.321669
1,96132780,2016,204,7,6,1,2,12, , , , , , , , , ,1,1,2, ,3,4, , , , , ,1,2,3,4,5,6,2, , , , ,12,0,6,2, , , , ,9,1,1, , , , , ,6,5,5,2,9,4,2,.779488
1,96134415,2090,212,7,6,1,1,6, , , , , , , , , ,1,3, ,2,3,4, , , , , ,1,3, , , , ,2, , , , ,12,0,1, , , , , ,88,1,1, , , , , ,6,6,2,2,8,4,2,.779488
1,96143998,5099,263,18,17,1,2,60, , , , , , , , , ,1,3, ,2,3,4, , , , , ,1,2,4,6, , ,2, , , , ,12,0,1, , , , , ,9,10,1, , , , , ,6,5,4,1,9,1,2,1.169736
1,96148566,5034,291,9,8,1,1,12, , , , , , , , , ,1,3, ,2,3,4, , , , , ,1,2,3,4, , ,2, , , , ,12,0,1, , , , , ,9,3,1, , , , , ,6,6,3,2,10,1,1,1.371003
1,96201917,1840,444,5,4,1,1,6, , , , , , , , , ,1,1,2, ,3,4, , , , , ,1,2,4, , , ,2, , , , ,12,0,3,1, , , , ,1,8,1, , , , , ,6,4,11,2,2,5,2,.611664
1,96203858,4933,459,8,7,1,1,12, , , , , , , , , ,1,3, ,2,3,4, , , , , ,1,2,3,4, , ,2, , , , ,12,0,1, , , , , ,1,9,1, , , , , ,6,5,5,1,7,7,2,.781388
1,96220219,2696,552,7,6,1,1,6, , , , , , , , , ,1,3, ,2,3,4, , , , , ,1,2,4, , , ,2, , , , ,12,0,1, , , , , ,9,9,1, , , , , ,7,6,3,2,10,19,1,1.02146
1,96233138,1557,613,8,7,1,1,12, , , , , , , , , ,1,3, ,2,3,4, , , , , ,1,2,3,4,6,7,2, , , , ,12,0,9,1,2,5, , ,7,5,1, , , , , ,6,5,4,2,7,5,2,.779992
2,96156150,7495,956,6,5,1,1,12, , , , , , , , , ,1,3, ,2,3,4, , , , , ,1,2,3,4,6, ,2, , , , ,12,0,1, , , , , ,7,88,1, , , , , ,9,4,13,2,8,1,2,.500348
2,96176194,7907,1014,15,14,1,1,2, , , , , , , , , ,1,3, ,2,3,4, , , , , ,2, , , , , ,2, , , , ,12,0,1, , , , , ,10,7,1, , , , , ,10,4,13,2,6,4,2,.459506
2,96204937,8095,1040,5,4,1,1,12, , , , , , , , , ,1,3, ,2,3,4, , , , , ,1,2,4, , , ,2, , , , ,12,0,4,1, , , , ,9,8,1, , , , , ,9,3,11,2,7,9,2,.372459
2,97216657,11490,1485,7,6,1,1,12, , , , , , , , , ,1,3, ,2,3,4, , , , , ,1,2,4,6,7, ,2, , , , ,12,0,1, , , , , ,10,12,1, , , , , ,8,4,5,2,9,6,2,.718586
3,96252703,14666,1959,16,15,1,1,12, , , , , , , , , ,1,3, ,1,3,4, , , , , ,2, , , , , ,2, , , , ,12,0,7,5, , , , ,10,9,1, , , , , ,7,6,3,1,8,5,1,.871973
3,98128761,16248,2172,13,12,1,2,2, , , , , , , , , ,1,3, ,2,3,4, , , , , ,1,2,4, , , ,2, , , , ,12,0,1, , , , , ,1,7,1, , , , , ,11,1,13,2,5,18,1,.456011
3,98206718,16612,2225,14,13,1,1,4,60, , , , , , , , ,1,3, ,2,3,4, , , , , ,2, , , , , ,2, , , , ,12,0,1, , , , , ,1,5,1, , , , , ,11,4,4,2,8,4,1,.420421
3,98211020,16850,2252,15,14,1,1,2, , , , , , , , , ,1,3, ,2,3,4, , , , , ,2, , , , , ,2, , , , ,12,0,1, , , , , ,1,7,1, , , , , ,9,3,11,2,9,4,2,.375578
3,98215698,17142,2295,10,9,1,1,12, , , , , , , , , ,1,3, ,2,3,4, , , , , ,2, , , , , ,2, , , , ,12,0,1, , , , , ,11,11,1, , , , , ,9,3,11,2,1,5,2,.382586
3,98227604,17783,2386,6,5,1,1,12, , , , , , , , , ,1,2, , ,3,4, , , , , ,2, , , , , ,2, , , , ,12,0,1, , , , , ,7,9,1, , , , , ,5,5,4,1,7,4,1,2.116741
4,96147126,18939,2553,6,5,1,1,12, , , , , , , , , ,1,3, ,2,3,4, , , , , ,1,2,3,4,6, ,2, , , , ,12,0,1, , , , , ,7,1,1, , , , , ,5,5,3,1,8,1,2,1.669582
4,99114800,21275,2869,5,4,1,1,6, , , , , , , , , ,1,3, ,2,3,4, , , , , ,1,2,4, , , ,2, , , , ,12,0,1, , , , , ,3,1,1, , , , , ,4,5,5,1,6,1,1,1.60469
4,99235488,23935,3234,6,5,1,1,4, , , , , , , , , ,1,3, ,2,3,4, , , , , ,1,2,4, , , ,2, , , , ,12,0,1, , , , , ,9,1,1, , , , , ,8,4,11,2,9,5,2,.655654
1,96245226,3128,676,5,4,1,1,12, , , , , , , , , ,1,1,2, ,3,2,1,3, , , ,2, , , , , ,2, , , , ,11,11,6,4, , , , ,11,10,1, , , , , ,10,3,13,2,6,14,1,.510796
2,97201068,10696,1384,5,4,1,1,9, , , , , , , , , ,1,3, ,2,3,1,4, , , , ,2, , , , , ,2, , , , ,11,11,1, , , , , ,8,1,1, , , , , ,10,3,11,2,1,7,2,.38596
2,97226464,11934,1551,5,4,1,1,12, , , , , , , , , ,1,3, ,2,3,1,4, , , , ,2, , , , , ,2, , , , ,11,11,1, , , , , ,1,5,1, , , , , ,11,5,13,2,8,4,1,.481645
3,96237691,14379,1921,5,4,1,1,12, , , , , , , , , ,1,3, ,2,3,3,4, , , , ,2, , , , , ,2, , , , ,11,11,1, , , , , ,1,1,1, , , , , ,8,3,11,2,3,5,2,.470042
3,98116083,15633,2087,5,4,1,1,4,60, , , , , , , , ,1,3, ,2,3,1,6, , , , ,2, , , , , ,2, , , , ,11,11,1, , , , , ,4,1,1, , , , , ,11,1,11,2,2,1,2,.347326
3,98219950,17384,2329,5,4,1,1,12, , , , , , , , , ,1,3, ,2,3,1,6, , , , ,2, , , , , ,2, , , , ,11,11,1, , , , , ,1,1,1, , , , , ,8,5,1,2,8,11,1,.761816
1,96143540,777,261,5,4,1,2,5,6, , , , , , , , ,1,1,2, ,3,1,1,2,4,6, ,2, , , , , ,2, , , , ,11,10,10,1,2, , , ,88,11,1, , , , , ,11,6,13,4,10,2,2,.432396
2,96208725,8191,1051,8,7,1,2,2, , , , , , , , , ,1,3, ,2,3,1,4, , , , ,2, , , , , ,2, , , , ,11,10,1, , , , , ,1,1,1, , , , , ,10,5,13,2,3,6,2,.514854
2,97220913,11695,1506,8,7,1,2,2, , , , , , , , , ,1,3, ,2,3,1,2, , , , ,2, , , , , ,2, , , , ,11,10,1, , , , , ,6,1,1, , , , , ,11,1,13,4,2,11,1,.626642
3,96147020,13023,1723,5,4,1,1,12, , , , , , , , , ,1,3, ,1,3,1,2, , , , ,1,6, , , , ,2, , , , ,11,10,1, , , , , ,1,7,1, , , , , ,6,4,5,1,6,1,2,.632236
3,98115633,15611,2083,5,4,1,1,12, , , , , , , , , ,1,3, ,2,3,1,6, , , , ,2, , , , , ,2, , , , ,11,10,1, , , , , ,88,3,1, , , , , ,6,5,9,1,8,1,1,.991153
4,96236911,20129,2724,10,9,1,1,9, , , , , , , , , ,1,3, ,2,3,1,3,4,5, , ,2, , , , , ,2, , , , ,11,10,1, , , , , ,1,7,1, , , , , ,10,3,11,2,6,14,2,.587351
4,99224744,23392,3150,8,7,1,1,2, , , , , , , , , ,1,3, ,2,3,2,1,2, , , ,2, , , , , ,2, , , , ,11,10,1, , , , , ,10,1,1, , , , , ,9,3,11,2,6,8,2,.520564
1,96102591,2301,14,5,4,1,1,12, , , , , , , , , ,1,3, ,2,3,1,4, , , , ,2, , , , , ,2, , , , ,11,9,5,2,3, , , ,7,8,1, , , , , ,6,5,5,2,6,4,2,.611269
1,96111059,5345,72,5,4,1,1,12, , , , , , , , , ,1,3, ,2,3,1,3,4, , , ,2, , , , , ,2, , , , ,11,9,1, , , , , ,8,5,1, , , , , ,5,5,5,1,7,1,2,.86437
1,96158498,2829,337,4,3,1,1,31, , , , , , , , , ,1,3, ,2,3,2,4, , , , ,2, , , , , ,2, , , , ,11,9,1, , , , , ,6,6,1, , , , , ,8,3,9,2,7,18,1,1.23727
1,96203391,3279,456,5,4,1,1,12, , , , , , , , , ,1,1,5, ,3,1,3, , , , ,2, , , , , ,2, , , , ,11,9,8,2, , , , ,8,11,1, , , , , ,5,5,5,2,9,13,1,1.380467
2,97122626,10621,1367,5,4,1,1,12, , , , , , , , , ,1,3, ,2,3,1,1,3, , , ,2, , , , , ,2, , , , ,11,9,3,3,5, , , ,1,88,1, , , , , ,5,6,3,1,9,2,1,1.808135
2,97221160,11705,1508,7,6,1,1,5, , , , , , , , , ,1,3, ,2,3,1,4, , , , ,2, , , , , ,2, , , , ,11,9,1, , , , , ,1,1,1, , , , , ,11,1,11,2,5,14,2,.568951
2,97222738,11780,1521,5,4,1,2,12, , , , , , , , , ,1,1,3, ,3,3,6, , , , ,2, , , , , ,2, , , , ,11,9,1, , , , , ,9,9,1, , , , , ,8,3,11,2,5,4,2,.532132
3,98206121,16588,2220,5,4,1,1,12, , , , , , , , , ,1,3, ,2,3,1,4, , , , ,2, , , , , ,2, , , , ,11,9,1, , , , , ,1,1,1, , , , , ,8,4,5,2,8,4,1,.759625
3,98216736,17202,2304,5,4,1,1,12, , , , , , , , , ,1,3, ,2,3,1,6, , , , ,2, , , , , ,2, , , , ,11,9,1, , , , , ,6,1,1, , , , , ,7,5,2,2,9,6,1,.801748
4,96107411,18261,2456,8,7,1,1,2, , , , , , , , , ,1,3, ,2,3,2,4, , , , ,2, , , , , ,2, , , , ,11,9,1, , , , , ,11,1,1, , , , , ,10,2,11,2,4,4,2,.532811
4,99107202,20891,2824,9,8,1,1,2, , , , , , , , , ,1,3, ,2,3,2,4, , , , ,2, , , , , ,2, , , , ,11,9,1, , , , , ,9,5,1, , , , , ,8,3,11,2,2,1,2,.704302
4,99129577,21967,2969,6,5,1,2,12, , , , , , , , , ,1,3, ,2,3,1,1, , , , ,2, , , , , ,2, , , , ,11,9,1, , , , , ,10,8,1, , , , , ,7,4,5,2,8,3,2,.653195
4,99201948,22262,3000,5,4,1,1,9, , , , , , , , , ,1,3, ,2,3,1,1,2,3, , ,2, , , , , ,2, , , , ,11,9,1, , , , , ,1,11,1, , , , , ,11,4,13,2,8,8,1,.361857
4,99211309,22761,3073,5,4,1,1,12, , , , , , , , , ,1,2, , ,3,1,2,3, , , ,2, , , , , ,2, , , , ,11,9,1, , , , , ,9,1,1, , , , , ,9,5,3,2,7,4,2,.415816
4,99235397,23927,3233,5,4,1,1,9, , , , , , , , , ,1,3, ,2,3,1,6, , , , ,2, , , , , ,2, , , , ,11,9,1, , , , , ,1,1,1, , , , , ,6,3,6,2,8,12,1,1.12395
1,96135594,4874,221,5,4,1,1,12, , , , , , , , , ,1,3, ,2,3,1,4, , , , ,2, , , , , ,2, , , , ,11,8,1, , , , , ,1,1,1, , , , , ,11,1,11,2,1,3,2,.430831
1,96137850,962,234,5,4,1,1,12, , , , , , , , , ,1,3, ,2,3,1,6, , , , ,2, , , , , ,2, , , , ,11,8,1, , , , , ,1,5,1, , , , , ,6,6,1,2,8,2,1,.979479
1,96175412,2688,425,6,5,1,1,12, , , , , , , , , ,1,3, ,1,3,1,2,3,4,5,6,2, , , , , ,2, , , , ,11,8,10,2, , , , ,6,1,1, , , , , ,3,5,12,1,1,4,2,1.382446
1,96226220,135,584,5,4,1,1,12, , , , , , , , , ,1,3, ,2,3,1,2,4, , , ,2, , , , , ,2, , , , ,11,8,1, , , , , ,7,12,1, , , , , ,8,3,8,4,8,6,2,.491974
2,96135594,7007,881,5,4,1,2,12, , , , , , , , , ,1,3, ,2,3,1,4, , , , ,2, , , , , ,2, , , , ,11,8,1, , , , , ,1,10,1, , , , , ,11,1,11,2,1,3,2,.426187
2,97114113,10218,1311,5,4,1,1,12, , , , , , , , , ,1,3, ,2,3,1,2,4,5, , ,2, , , , , ,2, , , , ,11,8,8,2, , , , ,8,1,1, , , , , ,7,4,5,1,7,1,2,.544483
2,97117315,10388,1332,12,11,1,1,9, , , , , , , , , ,1,3, ,2,3,1,4,6, , , ,2, , , , , ,2, , , , ,11,8,1, , , , , ,1,1,1, , , , , ,11,4,13,4,8,1,1,.593962
4,96255692,20440,2758,7,6,1,1,12, , , , , , , , , ,1,3, ,2,3,1,1,2,4,6, ,2, , , , , ,2, , , , ,11,8,6,1, , , , ,10,7,1, , , , , ,9,3,11,2,4,6,2,.565299
4,99121297,21601,2918,5,4,1,1,12, , , , , , , , , ,1,3, ,2,3,1,6, , , , ,2, , , , , ,2, , , , ,11,8,1, , , , , ,1,1,1, , , , , ,11,4,13,2,2,1,2,.443962
4,99234544,23889,3228,5,4,1,1,12, , , , , , , , , ,1,3, ,2,3,1,3,4, , , ,2, , , , , ,2, , , , ,11,8,5,1,5, , , ,10,8,1, , , , , ,7,5,2,2,10,14,2,.527301
2,96113778,6451,794,7,6,1,1,2, , , , , , , , , ,1,3, ,2,3,1,4,6, , , ,2, , , , , ,2, , , , ,11,7,1, , , , , ,8,8,1, , , , , ,11,6,13,1,9,1,1,.646102
2,97230912,12056,1562,5,4,1,1,12, , , , , , , , , ,1,3, ,2,3,1,1,4, , , ,2, , , , , ,2, , , , ,11,7,5,2, , , , ,7,7,1, , , , , ,10,3,5,1,6,4,2,.381263
3,96135565,12806,1691,5,4,1,1,12, , , , , , , , , ,1,3, ,2,3,1,4, , , , ,2, , , , , ,2, , , , ,11,7,1, , , , , ,9,8,1, , , , , ,9,2,11,4,5,2,2,.367917
3,98209284,16751,2237,6,5,1,2,12, , , , , , , , , ,1,3, ,2,3,3,1,2,3,4, ,2, , , , , ,2, , , , ,11,7,1, , , , , ,88,11,1, , , , , ,8,5,5,2,3,14,2,.74544
3,98216822,17207,2307,5,4,2, ,12, , , , , , , , , ,1,3, ,2,3,3,1, , , , ,1,6, , , , ,2, , , , ,11,7,1, , , , , ,9,11,1, , , , , ,5,6,3,1,8,5,2,.912528
3,98230850,17937,2408,6,5,1,1,13, , , , , , , , , ,1,3, ,2,3,1,2, , , , ,2, , , , , ,2, , , , ,11,7,1, , , , , ,9,12,1, , , , , ,10,5,13,2,1,5,2,.502917
1,96177073,971,432,5,4,1,1,12, , , , , , , , , ,1,3, ,2,3,3,6, , , , ,1,2,4, , , ,2, , , , ,11,6,1, , , , , ,6,8,1, , , , , ,6,5,5,1,8,2,2,.612507
1,96214345,1536,509,5,4,1,1,13, , , , , , , , , ,1,3, ,1,3,1,1,2,3, , ,2, , , , , ,2, , , , ,11,6,5,1,2,3,5, ,10,3,1, , , , , ,6,4,12,2,7,5,1,.978131
2,96100641,6064,738,4,3,1,2,12, , , , , , , , , ,1,3, ,2,3,1,6, , , , ,2, , , , , ,2, , , , ,11,6,1, , , , , ,1,5,1, , , , , ,10,2,13,2,1,1,1,.85033
2,96145525,7257,921,5,4,1,1,12, , , , , , , , , ,1,3, ,2,3,1,6, , , , ,2, , , , , ,2, , , , ,11,6,1, , , , , ,9,9,1, , , , , ,9,3,4,2,6,1,2,.381648
2,96170651,7803,998,5,4,1,1,9, , , , , , , , , ,1,3, ,2,3,1,6, , , , ,1,6, , , , ,2, , , , ,11,6,1, , , , , ,8,7,1, , , , , ,4,5,4,1,10,1,2,.831345
3,96100522,12095,1569,5,4,1,1,9, , , , , , , , , ,1,3, ,1,3,1,1,4, , , ,2, , , , , ,2, , , , ,11,6,1, , , , , ,8,2,1, , , , , ,8,3,4,2,8,2,2,.509369
4,96208676,19582,2649,5,4,1,2,13, , , , , , , , , ,1,3, ,2,3,1,4, , , , ,2, , , , , ,2, , , , ,11,6,4,2, , , , ,8,1,1, , , , , ,11,4,13,2,6,9,1,.368835
4,99118016,21440,2896,5,4,1,1,12, , , , , , , , , ,1,3, ,2,3,1,6, , , , ,2, , , , , ,2, , , , ,11,6,1, , , , , ,8,1,1, , , , , ,8,3,11,2,6,3,2,.511189
3,96212493,13817,1850,7,6,1,1,12, , , , , , , , , ,1,3, ,2,3,2,1,2,3,4, ,2, , , , , ,2, , , , ,11,5,1, , , , , ,88,4,1, , , , , ,11,3,11,2,8,19,2,.473709
4,99125231,21794,2941,5,4,1,2,13, , , , , , , , , ,1,3, ,2,3,1,2, , , , ,2, , , , , ,2, , , , ,11,5,1, , , , , ,1,8,1, , , , , ,11,4,6,3,6,10,1,.371041
2,96158311,7551,963,9,8,1,1,12, , , , , , , , , ,1,3, ,2,3,3,4, , , , ,1,3,6, , , ,2, , , , ,11,4,1, , , , , ,7,8,1, , , , , ,6,6,3,2,9,10,1,1.25065
2,96119688,6585,819,7,6,1,2,12, , , , , , , , , ,1,3, ,2,3,2,6, , , , ,2, , , , , ,2, , , , ,11,3,1, , , , , ,10,8,1, , , , , ,5,3,6,2,6,1,2,1.504114
1,96101114,5007,7,10,9,1,2,60, , , , , , , , , ,1,3, ,2,3,4, , , , , ,1,2, , , , ,2, , , , ,11,0,12,4, , , , ,11,7,1, , , , , ,8,4,2,3,10,1,1,1.119392
1,96106268,1059,31,5,4,1,2,12, , , , , , , , , ,1,3, ,2,3,4, , , , , ,1,3, , , , ,2, , , , ,11,0,1, , , , , ,10,10,1, , , , , ,5,6,5,1,7,2,1,1.38236
1,96118914,818,114,4,3,1,1,2, , , , , , , , , ,1,3, ,2,3,4, , , , , ,1,2,4, , , ,2, , , , ,11,0,1, , , , , ,1,11,1, , , , , ,9,6,2,2,10,2,1,.891095
1,96120034,939,122,7,6,1,2,5, , , , , , , , , ,1,2, , ,3,4, , , , , ,1,2,4,6,7, ,2, , , , ,11,0,1, , , , , ,10,5,1, , , , , ,7,5,5,2,8,2,2,.628778
1,96124587,5928,159,5,4,1,1,12, , , , , , , , , ,1,3, ,2,3,4, , , , , ,2, , , , , ,2, , , , ,11,0,1, , , , , ,88,12,1, , , , , ,7,2,11,2,2,1,2,.491552
1,96126783,989,171,7,6,1,1,12, , , , , , , , , ,1,3, ,2,3,4, , , , , ,1,2, , , , ,2, , , , ,11,0,1, , , , , ,1,5,1, , , , , ,10,5,13,4,7,2,2,.514578
1,96148149,4541,288,8,7,1,1,12, , , , , , , , , ,1,3, ,2,3,4, , , , , ,2, , , , , ,2, , , , ,11,0,1, , , , , ,9,2,1, , , , , ,9,3,11,2,6,3,2,.514269
1,96234358,3583,620,11,10,1,1,12, , , , , , , , , ,1,3, ,2,3,4, , , , , ,1,2,4, , , ,2, , , , ,11,0,4,2,3,5, , ,3,3,1, , , , , ,8,5,13,2,8,11,1,1.12362
1,96241098,2944,662,7,6,1,1,12, , , , , , , , , ,1,3, ,1,3,4, , , , , ,1,2,4,6, , ,2, , , , ,11,0,1, , , , , ,7,10,1, , , , , ,7,5,1,2,8,16,2,.627609
2,96105439,6219,760,5,4,1,2,12, , , , , , , , , ,1,3, ,2,3,4, , , , , ,1,2,4, , , ,2, , , , ,11,0,1, , , , , ,1,7,1, , , , , ,5,5,3,1,8,1,1,1.773628
2,96128309,6825,854,10,9,1,1,12, , , , , , , , , ,1,3, ,2,3,4, , , , , ,1,2,4, , , ,2, , , , ,11,0,1, , , , , ,8,88,1, , , , , ,4,5,4,1,5,1,2,1.001954
2,96227936,8701,1117,6,5,1,1,12, , , , , , , , , ,1,2, , ,3,4, , , , , ,1,2,4,7, , ,2, , , , ,11,0,1, , , , , ,9,5,1, , , , , ,9,4,4,4,10,6,2,.503683
2,96232865,8830,1128,12,11,1,1,12, , , , , , , , , ,1,3, ,2,3,4, , , , , ,1,2,4,6, , ,2, , , , ,11,0,1, , , , , ,1,12,1, , , , , ,8,6,13,2,9,6,2,.660597
2,96245507,9181,1172,5,4,2, ,12, , , , , , , , , ,1,3, ,2,3,4, , , , , ,2, , , , , ,2, , , , ,11,0,1, , , , , ,1,88,1, , , , , ,8,4,13,2,6,9,2,.531373
2,97108319,9938,1268,6,5,1,1,12, , , , , , , , , ,1,3, ,2,3,4, , , , , ,1,2,4, , , ,2, , , , ,11,0,1, , , , , ,1,88,1, , , , , ,2,2,14,1,2,1,1,6.221471
2,97212802,11313,1462,8,7,1,1,12, , , , , , , , , ,1,3, ,2,3,4, , , , , ,1,2,4,7, , ,2, , , , ,11,0,1, , , , , ,7,10,1, , , , , ,10,3,6,2,3,14,1,.690103
3,96133981,12774,1682,10,9,1,2,12, , , , , , , , , ,1,3, ,1,3,4, , , , , ,1,2,3,4, , ,2, , , , ,11,0,5,1,5, , , ,9,3,1, , , , , ,3,5,12,1,2,1,2,1.926153
3,96154746,13170,1745,9,8,1,1,12, , , , , , , , , ,1,3, ,2,3,4, , , , , ,1,2,4,5,7, ,2, , , , ,11,0,4,1, , , , ,9,1,1, , , , , ,7,5,12,1,2,18,2,.563994
3,96157896,13223,1753,5,4,1,2,6, , , , , , , , , ,1,3, ,2,3,4, , , , , ,1,2,3,4, , ,2, , , , ,11,0,1, , , , , ,1,4,1, , , , , ,5,6,3,2,9,2,1,1.559099
3,96158311,13231,1756,9,8,1,1,12, , , , , , , , , ,1,3, ,1,3,4, , , , , ,1,2,3,4,6, ,2, , , , ,11,0,3,5, , , , ,7,6,1, , , , , ,6,6,3,2,9,10,1,1.042987
3,96212332,13812,1847,5,4,1,1,13, , , , , , , , , ,1,3, ,2,3,4, , , , , ,1,2,3,4,5,6,2, , , , ,11,0,1, , , , , ,11,4,1, , , , , ,8,5,2,2,10,6,1,.801748
3,96222468,14037,1877,10,9,1,1,12, , , , , , , , , ,1,3, ,2,3,4, , , , , ,1,2,4,6, , ,2, , , , ,11,0,1, , , , , ,88,4,1, , , , , ,7,5,11,2,5,12,2,.535866
3,98102396,14922,1992,10,9,1,1,2, , , , , , , , , ,1,3, ,2,3,4, , , , , ,2, , , , , ,2, , , , ,11,0,1, , , , , ,9,8,1, , , , , ,11,5,13,2,8,2,1,.464097
3,98205653,16564,2215,4,3,1,2,12, , , , , , , , , ,1,3, ,1,3,4, , , , , ,1,2,4,6, , ,2, , , , ,11,0,4,3, , , , ,8,10,1, , , , , ,1,2,14,1,2,4,2,10.606737
4,96107914,18273,2457,7,6,1,1,12, , , , , , , , , ,1,3, ,2,3,4, , , , , ,1,2,4, , , ,2, , , , ,11,0,1, , , , , ,11,4,1, , , , , ,9,4,13,2,5,1,2,.532119
4,96158086,19127,2583,10,9,1,1,12, , , , , , , , , ,1,2, , ,3,4, , , , , ,1,2,3,4,7, ,2, , , , ,11,0,1, , , , , ,10,1,1, , , , , ,5,5,5,1,6,4,2,1.788215
4,96168972,19279,2606,8,7,1,1,7, , , , , , , , , ,1,3, ,2,3,4, , , , , ,1,1,2,3,4,5,2, , , , ,11,0,3,3, , , , ,7,7,1, , , , , ,5,6,3,2,5,2,2,1.76374
4,96176194,19378,2622,20,19,1,2,2, , , , , , , , , ,1,3, ,2,3,4, , , , , ,2, , , , , ,2, , , , ,11,0,1, , , , , ,10,9,1, , , , , ,10,4,13,2,6,4,2,.630489
4,96178946,19412,2626,9,8,1,1,12, , , , , , , , , ,1,3, ,2,3,4, , , , , ,1,2,4,6, , ,2, , , , ,11,0,1, , , , , ,11,7,1, , , , , ,6,6,3,1,8,2,1,1.68003
4,99107493,20912,2825,13,12,1,1,12, , , , , , , , , ,1,3, ,2,3,4, , , , , ,1,2,4,7, , ,2, , , , ,11,0,1, , , , , ,9,3,1, , , , , ,10,3,13,2,6,3,1,.508471
4,99107542,20918,2826,20,19,1,2,61, , , , , , , , , ,1,3, ,2,3,4, , , , , ,1,2, , , , ,2, , , , ,11,0,4,4,5, , , ,11,9,1, , , , , ,7,6,5,2,5,1,2,.776971
4,99206711,22515,3033,7,6,1,1,12, , , , , , , , , ,1,3, ,2,3,4, , , , , ,2, , , , , ,2, , , , ,11,0,1, , , , , ,4,10,1, , , , , ,10,3,13,1,1,4,1,.475794
4,99213215,22851,3087,5,4,1,2,13, , , , , , , , , ,1,3, ,2,3,4, , , , , ,1,2,4,7, , ,2, , , , ,11,0,7,2,3,5, , ,8,12,1, , , , , ,5,5,5,1,6,5,2,1.304733
4,99235343,23923,3232,8,7,1,1,12, , , , , , , , , ,1,3, ,2,3,4, , , , , ,1,2,4,6, , ,2, , , , ,11,0,1, , , , , ,6,11,1, , , , , ,5,5,6,1,6,5,1,1.857986
2,96233398,8843,1131,7,6,1,1,12, , , , , , , , , ,1,1,3, ,3,3,4, , , , ,2, , , , , ,2, , , , ,10,88,1, , , , , ,88,8,1, , , , , ,10,3,11,2,5,5,2,.507145
2,97105220,9780,1252,5,4,1,1,12, , , , , , , , , ,1,3, ,2,3,1,4,6, , , ,2, , , , , ,2, , , , ,10,88,1, , , , , ,12,9,1, , , , , ,9,1,11,2,1,10,2,.351761
4,99216784,23011,3105,5,4,1,1,12, , , , , , , , , ,1,2, , ,3,1,4,6, , , ,2, , , , , ,2, , , , ,10,88,1, , , , , ,88,11,1, , , , , ,11,3,11,2,8,11,2,.424269
1,96119519,3979,119,6,5,1,1,12, , , , , , , , , ,1,2, , ,3,1,6, , , , ,2, , , , , ,2, , , , ,10,10,2,1, , , , ,1,1,1, , , , , ,2,3,14,1,2,10,2,2.673508
2,96207152,8146,1044,5,4,1,1,12, , , , , , , , , ,1,3, ,2,3,1,2, , , , ,2, , , , , ,2, , , , ,10,10,1, , , , , ,8,12,1, , , , , ,9,3,13,2,4,6,2,.384192
2,97219799,11637,1500,7,6,1,1,12, , , , , , , , , ,1,3, ,2,3,1,2, , , , ,2, , , , , ,2, , , , ,10,10,1, , , , , ,5,1,1, , , , , ,7,3,4,2,7,12,1,1.073413
2,97222542,11766,1517,6,5,1,1,12, , , , , , , , , ,1,3, ,2,3,1,4, , , , ,2, , , , , ,2, , , , ,10,10,1, , , , , ,7,1,1, , , , , ,11,3,13,2,7,8,2,.538443
3,96135331,12802,1689,5,4,1,1,12, , , , , , , , , ,1,3, ,2,3,1,6, , , , ,2, , , , , ,2, , , , ,10,10,1, , , , , ,9,5,1, , , , , ,4,5,5,1,7,3,2,1.079357
4,96100835,18133,2439,8,7,1,2,2, , , , , , , , , ,1,3, ,2,3,2,4, , , , ,1,6, , , , ,2, , , , ,10,10,1, , , , , ,1,6,1, , , , , ,6,6,5,1,7,2,2,1.303096
4,96208525,19581,2647,5,4,1,1,12, , , , , , , , , ,1,3, ,2,3,1,4, , , , ,2, , , , , ,2, , , , ,10,10,1, , , , , ,10,1,1, , , , , ,7,3,11,2,5,9,2,.512391
1,96106427,5689,34,6,5,1,1,4, , , , , , , , , ,1,3, ,2,3,3,3, , , , ,2, , , , , ,2, , , , ,10,9,1, , , , , ,1,4,1, , , , , ,4,3,4,2,5,1,2,.841725
1,96110885,5244,70,5,4,1,1,9, , , , , , , , , ,1,3, ,2,3,3,1,2,3, , ,2, , , , , ,2, , , , ,10,9,1, , , , , ,1,1,1, , , , , ,11,3,13,2,7,1,1,.504035
1,96223487,1558,570,5,4,1,1,12, , , , , , , , , ,1,3, ,2,3,1,4, , , , ,2, , , , , ,2, , , , ,10,9,7,1,2,5, , ,1,12,1, , , , , ,6,4,4,2,7,5,1,.978131
1,96235383,3334,628,5,4,1,1,9, , , , , , , , , ,1,1,2, ,3,1,4, , , , ,2, , , , , ,2, , , , ,10,9,1, , , , , ,1,1,1, , , , , ,11,3,13,2,5,13,1,.504913
2,96140876,7134,905,5,4,1,1,12, , , , , , , , , ,1,3, ,2,3,1,6, , , , ,2, , , , , ,2, , , , ,10,9,1, , , , , ,1,1,1, , , , , ,5,5,6,2,5,3,2,1.126926
2,96241996,9095,1167,8,7,1,2,2, , , , , , , , , ,1,3, ,2,3,1,6, , , , ,2, , , , , ,2, , , , ,10,9,1, , , , , ,10,1,1, , , , , ,6,4,6,2,5,7,2,.934322
2,97120688,10546,1358,5,4,1,1,12, , , , , , , , , ,1,3, ,2,3,1,4, , , , ,2, , , , , ,2, , , , ,10,9,1, , , , , ,1,1,1, , , , , ,11,2,13,4,2,1,2,.433887
2,97204112,10862,1407,5,4,1,1,9, , , , , , , , , ,1,3, ,2,3,1,4, , , , ,2, , , , , ,2, , , , ,10,9,1, , , , , ,10,1,1, , , , , ,9,3,7,2,6,11,1,.559909
3,96146458,13011,1721,8,7,1,2,2, , , , , , , , , ,1,3, ,2,3,2,1,2,3,4, ,2, , , , , ,2, , , , ,10,9,1, , , , , ,1,3,1, , , , , ,11,2,11,4,6,3,2,.530782
3,98233586,18057,2425,9,8,1,1,2, , , , , , , , , ,1,3, ,2,3,2,3,4, , , ,2, , , , , ,2, , , , ,10,9,7,2, , , , ,1,5,1, , , , , ,9,5,11,2,8,6,2,.396405
4,99200805,22202,2992,8,7,1,2,2, , , , , , , , , ,1,3, ,2,3,2,4, , , , ,2, , , , , ,2, , , , ,10,9,1, , , , , ,10,1,1, , , , , ,6,4,5,2,6,8,2,1.206744
1,96100830,5236,4,5,4,1,1,12, , , , , , , , , ,1,3, ,2,3,1,4, , , , ,2, , , , , ,2, , , , ,10,8,1, , , , , ,1,1,1, , , , , ,10,5,13,2,7,1,1,.509325
1,96108518,5764,53,5,4,1,1,12, , , , , , , , , ,1,3, ,2,3,1,6, , , , ,2, , , , , ,2, , , , ,10,8,1, , , , , ,8,4,1, , , , , ,10,1,11,2,4,1,2,.402276
1,96122087,5541,140,5,4,1,1,12, , , , , , , , , ,1,3, ,2,3,3,3, , , , ,2, , , , , ,2, , , , ,10,8,1, , , , , ,1,9,1, , , , , ,4,3,5,1,6,1,2,.660074
1,96153716,5071,318,5,4,1,1,12, , , , , , , , , ,1,3, ,2,3,1,1,2,3, , ,2, , , , , ,2, , , , ,10,8,8,2,5, , , ,7,4,1, , , , , ,9,2,6,2,9,1,2,.403493
1,96215697,648,518,5,4,1,1,12, , , , , , , , , ,1,2, , ,3,1,2, , , , ,2, , , , , ,2, , , , ,10,8,1, , , , , ,8,5,1, , , , , ,6,3,6,2,3,6,2,.61113
1,96253920,3183,712,5,4,1,1,13, , , , , , , , , ,1,3, ,2,3,1,4, , , , ,2, , , , , ,2, , , , ,10,8,1, , , , , ,1,1,1, , , , , ,10,1,8,2,5,14,2,.403438
2,96151971,7407,948,5,4,1,1,12, , , , , , , , , ,1,3, ,2,3,1,2, , , , ,2, , , , , ,2, , , , ,10,8,1, , , , , ,1,9,1, , , , , ,11,3,13,2,6,4,2,.424044
2,97208487,11086,1431,6,5,1,2,12, , , , , , , , , ,1,3, ,2,3,1,2, , , , ,2, , , , , ,2, , , , ,10,8,1, , , , , ,88,11,1, , , , , ,11,1,11,2,3,5,2,.564052
2,97212525,11293,1459,10,9,1,2,2, , , , , , , , , ,1,3, ,2,3,1,3,4, , , ,2, , , , , ,2, , , , ,10,8,1, , , , , ,1,7,1, , , , , ,10,2,11,4,5,7,2,.465166
3,98121649,15916,2122,6,5,1,1,13, , , , , , , , , ,1,3, ,2,3,3,3, , , , ,2, , , , , ,2, , , , ,10,8,1, , , , , ,1,3,1, , , , , ,8,3,4,2,5,1,2,.724788
3,98123639,16019,2137,5,4,1,1,12, , , , , , , , , ,1,3, ,2,3,1,6, , , , ,2, , , , , ,2, , , , ,10,8,1, , , , , ,3,1,1, , , , , ,11,5,13,2,5,18,1,.404669
3,98200698,16307,2179,5,4,1,2,9, , , , , , , , , ,1,3, ,2,3,1,2, , , , ,2, , , , , ,2, , , , ,10,8,1, , , , , ,8,2,1, , , , , ,10,5,13,2,5,6,1,.429214
4,96116684,18435,2471,5,4,1,1,12, , , , , , , , , ,1,2, , ,3,2,4, , , , ,1,5,6, , , ,2, , , , ,10,8,5,2, , , , ,8,3,1, , , , , ,4,5,5,1,6,1,2,1.351006
4,96123736,18553,2497,5,4,1,1,12, , , , , , , , , ,1,3, ,2,3,1,6, , , , ,1,6, , , , ,2, , , , ,10,8,1, , , , , ,8,4,1, , , , , ,5,5,4,1,6,4,1,1.453987
4,96171791,19324,2616,5,4,1,1,12, , , , , , , , , ,1,3, ,2,3,1,6, , , , ,2, , , , , ,2, , , , ,10,8,1, , , , , ,10,3,1, , , , , ,7,4,5,1,7,2,2,.542833
4,96223586,19869,2693,8,7,1,2,2, , , , , , , , , ,1,3, ,2,3,2,4,5, , , ,2, , , , , ,2, , , , ,10,8,1, , , , , ,9,10,1, , , , , ,11,5,13,2,5,14,1,.48501
4,99113751,21213,2858,5,4,1,1,12, , , , , , , , , ,1,3, ,2,3,1,2, , , , ,2, , , , , ,2, , , , ,10,8,1, , , , , ,11,9,1, , , , , ,8,3,11,2,5,2,2,.542833
4,99230282,23688,3199,5,4,1,2,12, , , , , , , , , ,1,3, ,2,3,1,4, , , , ,2, , , , , ,2, , , , ,10,8,7,1,2,5, , ,7,11,1, , , , , ,8,3,11,2,1,5,2,.513114
1,96106694,5640,36,5,4,1,1,12, , , , , , , , , ,1,3, ,2,3,1,3,4, , , ,2, , , , , ,2, , , , ,10,7,1, , , , , ,1,1,1, , , , , ,9,2,11,2,5,1,2,.403493
1,96116763,1969,104,5,4,1,2,9, , , , , , , , , ,1,3, ,2,3,1,4, , , , ,2, , , , , ,2, , , , ,10,7,1, , , , , ,9,1,1, , , , , ,8,6,13,2,10,4,2,.492086
1,96163597,5256,356,5,4,1,1,12, , , , , , , , , ,1,3, ,2,3,1,6, , , , ,2, , , , , ,2, , , , ,10,7,1, , , , , ,8,6,1, , , , , ,8,3,11,2,7,1,2,.491552
1,96207299,3135,476,5,4,1,1,12, , , , , , , , , ,1,3, ,2,3,1,6, , , , ,2, , , , , ,1,1, , , ,10,7,1, , , , , ,10,11,1, , , , , ,9,3,9,2,6,14,2,.404659
2,96143778,7210,912,5,4,1,1,9, , , , , , , , , ,1,3, ,2,3,1,2, , , , ,2, , , , , ,2, , , , ,10,7,1, , , , , ,9,1,1, , , , , ,10,5,13,2,6,3,1,.516939
2,96169443,7773,994,5,4,1,1,2, , , , , , , , , ,1,3, ,2,3,1,4, , , , ,2, , , , , ,2, , , , ,10,7,1, , , , , ,1,10,1, , , , , ,10,6,2,2,10,1,1,.526279
2,97102836,9659,1230,5,4,1,1,9, , , , , , , , , ,1,3, ,2,3,1,1,2,3, , ,2, , , , , ,2, , , , ,10,7,2,3, , , , ,9,8,1, , , , , ,11,6,13,2,8,3,1,.484079
3,96226220,14115,1891,8,7,1,2,2, , , , , , , , , ,1,3, ,2,3,2,3,4, , , ,2, , , , , ,2, , , , ,10,7,1, , , , , ,9,1,1, , , , , ,8,3,8,4,6,6,2,.729903
3,98209210,16742,2235,5,4,1,2,12, , , , , , , , , ,1,3, ,2,3,1,4, , , , ,2, , , , , ,2, , , , ,10,7,1, , , , , ,88,12,1, , , , , ,5,6,4,1,7,6,1,1.490689
3,98223015,17553,2358,6,5,1,1,9, , , , , , , , , ,1,3, ,2,3,1,4, , , , ,1,2,4,5,6, ,2, , , , ,10,7,2,2,3,5, , ,9,9,1, , , , , ,11,5,13,2,10,16,1,.601002
4,96140369,18833,2536,5,4,1,1,9, , , , , , , , , ,1,3, ,2,3,1,2, , , , ,2, , , , , ,2, , , , ,10,7,8,2,5, , , ,8,9,1, , , , , ,5,5,1,1,7,4,1,1.453987
4,96154648,19070,2575,5,4,1,1,5, , , , , , , , , ,1,3, ,2,3,1,6, , , , ,2, , , , , ,2, , , , ,10,7,1, , , , , ,1,1,1, , , , , ,9,2,13,2,3,3,2,.414277
4,96157585,19116,2580,5,4,1,1,9, , , , , , , , , ,1,3, ,2,3,1,1, , , , ,2, , , , , ,2, , , , ,10,7,10,1, , , , ,10,8,1, , , , , ,6,4,4,1,6,10,1,1.163917
4,96207569,19564,2645,6,5,1,2,4, , , , , , , , , ,1,3, ,2,3,1,2, , , , ,2, , , , , ,2, , , , ,10,7,1, , , , , ,1,3,1, , , , , ,9,2,11,2,4,6,2,.565299
4,96211130,19622,2655,5,4,1,2,12, , , , , , , , , ,1,3, ,2,3,1,4, , , , ,2, , , , , ,2, , , , ,10,7,1, , , , , ,1,11,1, , , , , ,8,3,6,2,5,13,2,.488698
4,96222252,19839,2686,4,3,1,1,12, , , , , , , , , ,1,3, ,2,3,1,4, , , , ,2, , , , , ,2, , , , ,10,7,4,1, , , , ,9,11,1, , , , , ,7,4,6,2,6,8,2,.946252
4,96254142,20422,2752,5,4,1,1,4, , , , , , , , , ,1,3, ,2,3,1,2,6, , , ,2, , , , , ,2, , , , ,10,7,4,2,5, , , ,1,1,1, , , , , ,3,5,12,1,3,5,2,1.508369
4,99101889,20619,2783,5,4,1,1,9, , , , , , , , , ,1,3, ,2,3,1,4, , , , ,2, , , , , ,2, , , , ,10,7,9,4, , , , ,9,9,1, , , , , ,9,3,13,2,10,3,1,.436498
4,99109649,21039,2835,6,5,1,1,5, , , , , , , , , ,1,3, ,2,3,1,4, , , , ,2, , , , , ,2, , , , ,10,7,1, , , , , ,9,1,1, , , , , ,9,3,13,2,5,1,1,.560662
4,99207589,22562,3040,5,4,1,1,13, , , , , , , , , ,1,3, ,2,3,1,4, , , , ,2, , , , , ,2, , , , ,10,7,1, , , , , ,8,1,1, , , , , ,8,2,11,2,1,4,2,.513089
4,99218813,23098,3113,5,4,1,2,12, , , , , , , , , ,1,3, ,2,3,3,6, , , , ,2, , , , , ,2, , , , ,10,7,1, , , , , ,1,3,1, , , , , ,10,1,13,2,2,5,1,.372374
4,99232794,23808,3219,5,4,1,1,12, , , , , , , , , ,1,3, ,2,3,1,2, , , , ,2, , , , , ,2, , , , ,10,7,1, , , , , ,9,12,1, , , , , ,6,5,4,2,8,5,1,1.158631
1,96234457,289,622,5,4,1,1,12, , , , , , , , , ,1,2, , ,3,1,3,5, , , ,2, , , , , ,2, , , , ,10,6,3,2,5, , , ,8,9,1, , , , , ,5,5,8,1,7,6,1,1.379252
2,96234672,8880,1139,5,4,1,1,12, , , , , , , , , ,1,3, ,2,3,3,4,5, , , ,2, , , , , ,2, , , , ,10,6,3,5, , , , ,1,8,1, , , , , ,9,3,6,2,3,9,1,.563396
2,97111699,10101,1292,5,4,2, ,12, , , , , , , , , ,1,3, ,2,3,1,3, , , , ,2, , , , , ,2, , , , ,10,6,1, , , , , ,9,5,1, , , , , ,6,4,4,4,8,3,1,1.105882
2,97212845,11316,1463,5,4,1,1,12, , , , , , , , , ,1,3, ,2,3,1,1,2,3,4, ,2, , , , , ,2, , , , ,10,6,1, , , , , ,1,1,1, , , , , ,11,1,11,4,2,4,2,.424044
3,96145525,13000,1719,5,4,1,1,4, , , , , , , , , ,1,3, ,2,3,3,2, , , , ,2, , , , , ,2, , , , ,10,6,1, , , , , ,9,9,1, , , , , ,9,3,4,2,6,1,2,.349308
3,98121164,15901,2121,10,9,1,1,2, , , , , , , , , ,1,3, ,2,3,2,6, , , , ,1,6, , , , ,2, , , , ,10,6,1, , , , , ,9,1,1, , , , , ,7,4,5,2,6,1,2,.544963
3,98127593,16202,2167,5,4,1,1,9, , , , , , , , , ,1,3, ,2,3,1,6, , , , ,2, , , , , ,2, , , , ,10,6,1, , , , , ,1,9,1, , , , , ,9,3,6,2,6,2,1,.505461
4,96135594,18754,2523,8,7,1,2,5,60, , , , , , , , ,1,3, ,2,3,1,4, , , , ,2, , , , , ,2, , , , ,10,6,1, , , , , ,1,10,1, , , , , ,11,1,11,2,2,3,2,.564351
4,96211398,19626,2656,7,6,1,1,9, , , , , , , , , ,1,3, ,2,3,3,4, , , , ,2, , , , , ,2, , , , ,10,6,1, , , , , ,9,1,1, , , , , ,10,4,13,2,6,11,1,.455366
4,99208215,22589,3044,6,5,1,1,9, , , , , , , , , ,1,3, ,2,3,3,4,6, , , ,2, , , , , ,2, , , , ,10,6,1, , , , , ,1,1,1, , , , , ,4,5,8,1,8,13,1,1.950083
4,99214195,22895,3095,5,4,1,1,12, , , , , , , , , ,1,3, ,2,3,1,4, , , , ,1,1,6, , , ,2, , , , ,10,6,1, , , , , ,8,11,1, , , , , ,5,5,4,1,9,5,1,1.454058
1,96219914,1816,549,5,4,1,1,12, , , , , , , , , ,1,3, ,1,3,2,6, , , , ,2, , , , , ,2, , , , ,10,5,1, , , , , ,88,88,1, , , , , ,3,5,14,1,3,5,1,1.361952
1,96230994,4188,606,6,5,1,2,13, , , , , , , , , ,1,3, ,2,3,1,2,3, , , ,2, , , , , ,2, , , , ,10,5,1, , , , , ,1,1,1, , , , , ,8,5,11,2,8,8,2,.630961
2,96218740,8445,1088,4,3,1,1,1, , , , , , , , , ,1,3, ,2,3,3,4, , , , ,2, , , , , ,2, , , , ,10,5,1, , , , , ,8,10,1, , , , , ,6,4,4,1,6,13,2,1.102179
3,96137741,12840,1700,5,4,1,1,12, , , , , , , , , ,1,3, ,2,3,2,1,2, , , ,2, , , , , ,2, , , , ,10,5,4,2, , , , ,1,4,1, , , , , ,10,1,11,2,5,2,2,.363642
3,96152141,13118,1736,6,5,1,2,9, , , , , , , , , ,1,2, , ,3,1,2,3, , , ,2, , , , , ,2, , , , ,10,5,1, , , , , ,1,1,1, , , , , ,11,2,13,2,6,1,1,.586019
4,96230994,20001,2710,6,5,1,2,13, , , , , , , , , ,1,3, ,2,3,1,2,3, , , ,2, , , , , ,2, , , , ,10,5,1, , , , , ,9,1,1, , , , , ,8,5,11,2,7,8,2,.642342
3,96129292,12692,1673,6,5,1,1,9, , , , , , , , , ,1,3, ,2,3,2,4, , , , ,2, , , , , ,1,2, , , ,10,4,1, , , , , ,9,5,1, , , , , ,8,2,6,2,6,3,2,.739044
3,98122507,15967,2133,5,4,1,1,4, , , , , , , , , ,1,3, ,2,3,3,4, , , , ,2, , , , , ,2, , , , ,10,4,1, , , , , ,8,9,1, , , , , ,5,5,2,2,9,2,2,.988878
4,99109858,21047,2836,5,4,1,1,12, , , , , , , , , ,1,3, ,2,3,3,6, , , , ,1,4, , , , ,2, , , , ,10,4,1, , , , , ,11,7,1, , , , , ,7,3,6,4,6,1,2,.513854
1,96114797,5586,91,5,4,1,1,2, , , , , , , , , ,1,3, ,2,3,3,4,6, , , ,2, , , , , ,2, , , , ,10,3,1, , , , , ,1,2,1, , , , , ,9,5,13,2,5,1,1,.566848
1,96165538,3807,368,14,13,1,1,9, , , , , , , , , ,1,3, ,1,3,3,4, , , , ,2, , , , , ,2, , , , ,10,3,1, , , , , ,88,5,1, , , , , ,6,3,6,2,6,10,1,1.371373
3,98123783,16025,2138,8,7,1,1,2, , , , , , , , , ,1,3, ,2,3,3,1, , , , ,2, , , , , ,2, , , , ,10,3,3,3, , , , ,4,1,1, , , , , ,11,4,13,2,5,3,2,.530782
3,98213748,17017,2273,14,13,1,1,2, , , , , , , , , ,1,3, ,2,3,3,4, , , , ,2, , , , , ,2, , , , ,10,3,1, , , , , ,10,11,1, , , , , ,6,3,9,2,5,9,2,.679665
4,99105912,20825,2814,5,4,1,1,9, , , , , , , , , ,1,3, ,2,3,1,2,3,4,6, ,2, , , , , ,2, , , , ,10,3,3,3, , , , ,1,5,1, , , , , ,5,5,3,1,8,1,1,1.456154
1,96123736,2486,153,9,8,1,1,12, , , , , , , , , ,1,2, , ,3,4, , , , , ,1,2,4,6,7, ,2, , , , ,10,0,1, , , , , ,7,88,1, , , , , ,5,5,8,1,5,4,1,1.937027
1,96129312,5850,181,9,8,1,1,12, , , , , , , , , ,1,3, ,2,3,4, , , , , ,1,2,3,4,5,6,2, , , , ,10,0,1, , , , , ,9,3,1, , , , , ,3,6,14,1,3,1,2,1.520523
1,96141351,5556,252,8,7,1,2,5, , , , , , , , , ,1,1,2, ,3,4, , , , , ,1,2,4,6, , ,2, , , , ,10,0,1, , , , , ,9,8,1, , , , , ,8,4,1,1,6,1,2,.626826
1,96207043,12,473,8,7,1,1,12, , , , , , , , , ,1,3, ,2,3,4, , , , , ,1,2,4,7, , ,2, , , , ,10,0,1, , , , , ,7,11,1, , , , , ,5,5,4,1,8,22,1,.214298
1,96207637,3471,480,4,3,1,1,12, , , , , , , , , ,1,2, , ,3,4, , , , , ,1,2,4, , , ,2, , , , ,10,0,1, , , , , ,7,9,1, , , , , ,7,3,11,2,6,12,2,.771021
1,96212227,3622,494,7,6,1,1,12, , , , , , , , , ,1,3, , ,3,4, , , , , ,1,2,4,5,6,7,2, , , , ,10,0,1, , , , , ,10,5,1, , , , , ,8,4,5,2,6,11,2,.629194
1,96226865,2980,587,5,4,1,1,12, , , , , , , , , ,1,3, ,2,3,4, , , , , ,2, , , , , ,2, , , , ,10,0,1, , , , , ,88,9,1, , , , , ,10,3,13,2,5,16,1,.509961
1,96231383,2704,608,9,8,1,1,12, , , , , , , , , ,1,3, ,2,3,4, , , , , ,2, , , , , ,2, , , , ,10,0,1, , , , , ,1,4,1, , , , , ,6,6,2,2,10,19,2,.86141
1,96236601,4991,634,12,11,1,1,12, , , , , , , , , ,1,1,5, ,3,4, , , , , ,2, , , , , ,2, , , , ,10,0,3,1, , , , ,10,9,1, , , , , ,9,3,11,2,2,7,2,.568537
2,96124032,6716,840,5,4,1,1,12, , , , , , , , , ,1,3, ,2,3,4, , , , , ,1,2,4, , , ,2, , , , ,10,0,1, , , , , ,4,3,1, , , , , ,6,5,4,1,8,3,1,1.105882
2,96162609,7647,976,7,6,1,1,12, , , , , , , , , ,1,3, ,2,3,4, , , , , ,1,1,2,4,6, ,2, , , , ,10,0,1, , , , , ,9,3,1, , , , , ,6,4,5,1,6,1,2,.944375
2,96164990,7692,982,4,3,1,2,12, , , , , , , , , ,1,3, ,2,3,4, , , , , ,1,2,4,6, , ,2, , , , ,10,0,1, , , , , ,88,10,1, , , , , ,5,3,6,1,7,4,1,2.800714
2,96233138,8833,1129,4,3,1,1,12, , , , , , , , , ,1,3, ,2,3,4, , , , , ,1,2,4,6, , ,2, , , , ,10,0,1, , , , , ,1,11,1, , , , , ,6,5,4,2,6,5,2,1.154094
2,96249479,9258,1180,13,12,1,2,2, , , , , , , , , ,1,3, ,2,3,4, , , , , ,1,2,4,6,7, ,2, , , , ,10,0,1, , , , , ,3,9,1, , , , , ,6,4,11,2,1,6,2,.873952
2,97105316,9784,1253,10,9,1,1,12, , , , , , , , , ,1,3, ,2,3,4, , , , , ,1,2,4, , , ,2, , , , ,10,0,1, , , , , ,1,6,1, , , , , ,10,1,11,4,2,2,2,.479319
2,97106251,9845,1258,5,4,1,1,12, , , , , , , , , ,1,1,5, ,3,4, , , , , ,1,2, , , , ,2, , , , ,10,0,1, , , , , ,7,11,1, , , , , ,7,5,5,1,10,2,2,.555076
2,97109441,9989,1276,11,10,1,1,2, , , , , , , , , ,1,2, , ,3,4, , , , , ,1,2, , , , ,2, , , , ,10,0,1, , , , , ,9,11,1, , , , , ,9,5,11,2,6,18,2,.490448
2,97206373,10976,1422,4,3,1,1,12, , , , , , , , , ,1,3, ,2,3,4, , , , , ,1,2,4,6, , ,2, , , , ,10,0,3,2,5, , , ,1,7,1, , , , , ,6,5,1,1,5,9,2,1.135853
3,96105967,12226,1591,7,6,1,2,13, , , , , , , , , ,1,3, ,2,3,4, , , , , ,1,2,4,6, , ,2, , , , ,10,0,1, , , , , ,1,6,1, , , , , ,6,3,4,2,9,3,1,1.514674
3,96110669,12336,1617,26,25,1,1,5, , , , , , , , , ,1,3, ,1,3,4, , , , , ,2, , , , , ,2, , , , ,10,0,1, , , , , ,6,6,1, , , , , ,4,5,11,2,2,1,2,1.82876
3,96120214,12499,1647,6,5,1,1,12, , , , , , , , , ,1,3, ,1,3,4, , , , , ,1,2,4, , , ,2, , , , ,10,0,1, , , , , ,1,7,1, , , , , ,11,4,13,2,6,18,1,.606483
3,96151191,13099,1732,6,5,1,1,12, , , , , , , , , ,1,3, ,2,3,4, , , , , ,1,2,3,4,6, ,2, , , , ,10,0,1, , , , , ,10,9,1, , , , , ,9,5,7,2,5,10,2,.488867
3,96153176,13140,1739,4,3,1,1,12, , , , , , , , , ,1,3, ,2,3,4, , , , , ,1,2,4, , , ,2, , , , ,10,0,1, , , , , ,8,5,1, , , , , ,11,5,13,2,7,2,2,.603401
3,96166832,13372,1775,5,4,1,1,12, , , , , , , , , ,1,2, , ,3,4, , , , , ,1,2,4,6,7, ,2, , , , ,10,0,5,1, , , , ,1,1,1, , , , , ,8,5,3,1,9,3,2,.493119
3,96172210,13459,1791,6,5,1,1,12, , , , , , , , , ,1,3, ,2,3,4, , , , , ,2, , , , , ,2, , , , ,10,0,1, , , , , ,1,8,1, , , , , ,8,5,5,2,10,2,2,.763399
3,96172339,13462,1792,5,4,1,1,12, , , , , , , , , ,1,3, ,2,3,4, , , , , ,1,2,4,7, , ,2, , , , ,10,0,1, , , , , ,1,1,1, , , , , ,11,2,2,2,9,2,1,.411845
3,96176556,13522,1806,5,4,1,1,12, , , , , , , , , ,1,3, ,2,3,4, , , , , ,1,2, , , , ,2, , , , ,10,0,1, , , , , ,1,1,1, , , , , ,9,6,1,2,9,4,2,.333292
3,96222957,14048,1879,5,4,1,1,12, , , , , , , , , ,1,3, ,2,3,4, , , , , ,1,1,2,3,4,5,2, , , , ,10,0,1, , , , , ,6,10,1, , , , , ,6,5,7,2,6,7,1,.962624
3,96239065,14405,1925,6,5,1,1,12, , , , , , , , , ,1,3, ,1,3,4, , , , , ,2, , , , , ,2, , , , ,10,0,1, , , , , ,1,1,1, , , , , ,3,5,14,1,2,6,2,2.579817
3,96240815,14444,1930,6,5,1,1,12, , , , , , , , , ,1,3, ,2,3,4, , , , , ,1,2,4, , , ,2, , , , ,10,0,1, , , , , ,8,9,1, , , , , ,8,5,11,2,7,5,2,.704458
3,96255241,14703,1962,5,4,1,2,12, , , , , , , , , ,1,3, ,2,3,4, , , , , ,1,2,3,4,6, ,2, , , , ,10,0,4,1,2,3, , ,9,7,1, , , , , ,6,5,6,2,5,12,2,.621682
3,96261398,14795,1976,6,5,1,1,12, , , , , , , , , ,1,3, ,2,3,4, , , , , ,2, , , , , ,2, , , , ,10,0,1, , , , , ,9,11,1, , , , , ,9,4,11,2,6,6,2,.527209
3,98101190,14858,1982,4,3,1,1,12, , , , , , , , , ,1,3, ,2,3,4, , , , , ,1,2,4,6, , ,2, , , , ,10,0,1, , , , , ,5,7,1, , , , , ,6,4,5,2,6,2,2,1.098368
3,98102229,14914,1990,6,5,1,1,13, , , , , , , , , ,1,3, ,2,3,4, , , , , ,2, , , , , ,2, , , , ,10,0,1, , , , , ,1,4,1, , , , , ,6,3,5,2,5,1,2,.947542
3,98109218,15289,2043,14,13,1,2,2, , , , , , , , , ,1,3, ,2,3,4, , , , , ,1,1,2,3,4,6,2, , , , ,10,0,1, , , , , ,7,4,1, , , , , ,5,5,4,1,8,3,2,1.07879
3,98119228,15800,2108,5,4,1,2,4, , , , , , , , , ,1,2, , ,3,4, , , , , ,1,2,4,6, , ,2, , , , ,10,0,1, , , , , ,10,5,1, , , , , ,4,5,3,1,8,2,1,1.586895
3,98127587,16200,2166,5,4,1,1,9, , , , , , , , , ,1,3, ,1,3,4, , , , , ,2, , , , , ,2, , , , ,10,0,1, , , , , ,1,10,1, , , , , ,10,6,13,2,10,2,1,.448911
3,98201707,16353,2186,8,7,1,1,12, , , , , , , , , ,1,3, ,2,3,4, , , , , ,1,2,4, , , ,2, , , , ,10,0,1, , , , , ,10,5,1, , , , , ,6,5,4,2,8,9,2,.903937
3,98209425,16759,2243,9,8,1,1,12, , , , , , , , , ,1,3, ,2,3,4, , , , , ,2, , , , , ,2, , , , ,10,0,88,1, , , , ,1,5,1, , , , , ,11,5,11,2,6,4,2,.373447
3,98219723,17371,2327,5,4,1,1,12, , , , , , , , , ,1,3, ,2,3,4, , , , , ,1,2,3,4,5,6,2, , , , ,10,0,6,2, , , , ,7,9,1, , , , , ,6,5,3,2,7,4,2,.603247
4,96123599,18547,2494,4,3,1,1,6, , , , , , , , , ,1,2, , ,3,4, , , , , ,1,2,4,6, , ,2, , , , ,10,0,1, , , , , ,88,88,1, , , , , ,8,3,11,2,2,3,2,.96224
4,96128286,18631,2504,30,29,1,1,2, , , , , , , , , ,1,3, ,2,3,4, , , , , ,1,2,4, , , ,2, , , , ,10,0,1, , , , , ,5,4,1, , , , , ,10,5,13,2,4,1,1,.563858
4,96131656,18690,2513,5,4,1,1,12, , , , , , , , , ,1,3, ,2,3,4, , , , , ,1,2,4,5,6,7,2, , , , ,10,0,1, , , , , ,5,8,1, , , , , ,6,5,4,2,9,3,1,1.154285
4,96208676,19582,2648,6,5,3, ,2, , , , , , , , , ,1,3, ,2,3,4, , , , , ,1,2,4,6, , ,2, , , , ,10,0,4,2,5, , , ,8,14,1, , , , , ,11,4,13,2,6,9,1,.471295
4,96238775,20168,2728,5,4,1,1,12, , , , , , , , , ,1,3, ,2,3,4, , , , , ,1,2,4,6, , ,2, , , , ,10,0,1, , , , , ,9,11,1, , , , , ,5,3,9,1,6,5,2,1.304733
4,99104630,20767,2801,10,9,1,1,12, , , , , , , , , ,1,3, ,2,3,4, , , , , ,1,2,3,4, , ,2, , , , ,10,0,1, , , , , ,9,4,1, , , , , ,9,3,5,4,6,1,2,.570779
4,99117764,21430,2894,8,7,1,1,9, , , , , , , , , ,1,3, ,2,3,4, , , , , ,2, , , , , ,2, , , , ,10,0,1, , , , , ,1,9,1, , , , , ,10,4,13,2,5,10,1,.477988
4,99211154,22750,3070,7,6,1,1,5, , , , , , , , , ,1,3, ,2,3,4, , , , , ,1,2,3,4,6, ,2, , , , ,10,0,4,4, , , , ,9,10,1, , , , , ,5,6,3,1,9,4,1,1.857895
4,99211217,22756,3071,7,6,1,1,12, , , , , , , , , ,1,3, ,2,3,4, , , , , ,1,2,4,6,7, ,2, , , , ,10,0,3,3, , , , ,6,6,1, , , , , ,6,5,11,2,2,5,2,1.231754
4,99214161,22893,3094,7,6,1,1,12, , , , , , , , , ,1,2, , ,3,4, , , , , ,1,2,3,4, , ,2, , , , ,10,0,1, , , , , ,3,4,1, , , , , ,4,5,5,1,6,14,2,1.771482
1,96204425,4024,463,5,4,1,1,12, , , , , , , , , ,1,3, ,1,3,2,6, , , , ,2, , , , , ,2, , , , ,9,88,5,1, , , , ,6,88,1, , , , , ,7,5,1,2,9,9,2,.485087
1,96161411,5678,348,5,4,1,1,7, , , , , , , , , ,1,3, ,1,3,1,4, , , , ,2, , , , , ,2, , , , ,9,9,1, , , , , ,8,4,1, , , , , ,6,5,5,2,5,1,2,.610606
1,96229027,269,594,5,4,1,1,12, , , , , , , , , ,1,3, ,2,3,1,4, , , , ,2, , , , , ,2, , , , ,9,9,1, , , , , ,5,1,1, , , , , ,6,4,5,2,7,6,2,.61113
3,98223939,17593,2362,8,7,1,2,2, , , , , , , , , ,1,3, ,2,3,2,4,6, , , ,2, , , , , ,2, , , , ,9,9,1, , , , , ,88,4,1, , , , , ,11,1,11,4,2,4,2,.496675
4,96207324,19559,2643,5,4,1,2,9, , , , , , , , , ,1,2, , ,3,1,4, , , , ,2, , , , , ,2, , , , ,9,9,1, , , , , ,8,7,1, , , , , ,6,5,12,2,1,14,2,.990622
2,96203034,8035,1028,5,4,1,1,12, , , , , , , , , ,1,3, ,2,3,1,4, , , , ,2, , , , , ,2, , , , ,9,8,1, , , , , ,5,1,1, , , , , ,11,1,11,4,3,9,2,.42344
2,96234645,8879,1138,10,9,1,2,2, , , , , , , , , ,1,3, ,2,3,1,4, , , , ,2, , , , , ,2, , , , ,9,8,1, , , , , ,1,1,1, , , , , ,10,5,13,2,6,6,1,.63851
3,96133469,12762,1678,6,5,2, ,12, , , , , , , , , ,1,3, ,1,3,1,4,6, , , ,2, , , , , ,2, , , , ,9,8,1, , , , , ,1,3,1, , , , , ,11,4,11,4,6,18,2,.53872
3,98226477,17717,2377,6,5,1,1,2, , , , , , , , , ,1,3, ,2,3,2,6, , , , ,2, , , , , ,2, , , , ,9,8,1, , , , , ,88,7,1, , , , , ,11,3,6,2,4,6,2,.524216
3,98227731,17790,2390,5,4,1,1,12, , , , , , , , , ,1,3, ,2,3,1,4, , , , ,2, , , , , ,2, , , , ,9,8,1, , , , , ,9,8,1, , , , , ,8,3,8,2,7,4,1,.759625
4,96241659,20223,2733,5,4,1,1,12, , , , , , , , , ,1,3, ,2,3,1,6, , , , ,2, , , , , ,2, , , , ,9,8,1, , , , , ,1,3,1, , , , , ,8,3,11,2,5,6,2,.545895
4,99101505,20600,2781,5,4,1,1,12, , , , , , , , , ,1,3, ,2,3,1,4,5, , , ,2, , , , , ,2, , , , ,9,8,1, , , , , ,88,6,1, , , , , ,11,1,13,2,5,3,1,.367971
4,99112092,21150,2847,6,5,1,1,2, , , , , , , , , ,1,3, ,2,3,2,2, , , , ,2, , , , , ,2, , , , ,9,8,1, , , , , ,1,4,1, , , , , ,8,3,4,2,6,1,2,.656599
4,99203829,22350,3008,8,7,1,2,2, , , , , , , , , ,1,2, , ,3,2,1,4, , , ,2, , , , , ,2, , , , ,9,8,1, , , , , ,1,1,1, , , , , ,8,3,13,2,8,8,1,.819283
1,96110188,5091,64,5,4,1,1,4, , , , , , , , , ,1,1,2, ,3,2,1,4, , , ,1,1, , , , ,2, , , , ,9,7,9,2,3,5, , ,10,11,1, , , , , ,5,6,1,2,9,1,2,.86437
1,96238467,1491,643,5,4,1,1,9, , , , , , , , , ,1,3, ,2,3,1,6, , , , ,2, , , , , ,2, , , , ,9,7,11,2,65, , , ,9,11,1, , , , , ,6,5,5,2,8,5,2,.611664
2,96208891,8195,1054,6,5,1,2,9, , , , , , , , , ,1,3, ,2,3,1,4,6, , , ,2, , , , , ,2, , , , ,9,7,4,5, , , , ,6,1,1, , , , , ,9,4,5,2,10,20,1,.780858
2,96232173,8806,1127,5,4,1,1,5, , , , , , , , , ,1,2, , ,3,1,4, , , , ,2, , , , , ,2, , , , ,9,7,1, , , , , ,8,1,1, , , , , ,5,5,1,1,7,11,2,1.112732
3,96137760,12841,1701,7,6,1,1,5,6, , , , , , , , ,1,3, ,2,3,1,6, , , , ,2, , , , , ,2, , , , ,9,7,1, , , , , ,11,1,1, , , , , ,11,2,13,2,5,1,1,.586019
3,96210934,13785,1844,5,4,1,2,9, , , , , , , , , ,1,3, ,2,3,1,6, , , , ,2, , , , , ,2, , , , ,9,7,2,3, , , , ,7,1,1, , , , , ,9,3,13,2,4,14,1,.493569
3,98113427,15506,2067,7,6,1,1,2, , , , , , , , , ,1,3, ,2,3,2,2, , , , ,2, , , , , ,2, , , , ,9,7,1, , , , , ,1,1,1, , , , , ,10,5,13,2,6,2,2,.544996
4,96131875,18695,2514,4,3,1,1,12, , , , , , , , , ,1,3, ,2,3,1,1,2,3, , ,2, , , , , ,2, , , , ,9,7,1, , , , , ,9,9,1, , , , , ,9,4,13,4,8,1,2,.78388
4,96154295,19065,2574,5,4,1,1,9, , , , , , , , , ,1,3, ,2,3,1,1,3, , , ,1,6, , , , ,2, , , , ,9,7,1, , , , , ,1,8,1, , , , , ,5,5,2,2,9,4,1,1.453987
4,99117824,21433,2895,6,5,1,2,9, , , , , , , , , ,1,2, , ,3,1,6, , , , ,2, , , , , ,2, , , , ,9,7,4,3, , , , ,7,7,1, , , , , ,7,3,4,2,6,1,2,.656599
4,99205803,22469,3024,7,6,1,1,13, , , , , , , , , ,1,3, ,2,3,1,1,4, , , ,2, , , , , ,2, , , , ,9,7,5,1,2,3, , ,1,12,1, , , , , ,6,4,12,3,4,5,1,1.480492
4,99229277,23637,3190,5,4,1,2,9, , , , , , , , , ,1,3, ,2,3,1,2, , , , ,2, , , , , ,2, , , , ,9,7,1, , , , , ,8,6,1, , , , , ,11,3,13,2,9,6,1,.392953
2,96103779,6170,755,5,4,1,1,9, , , , , , , , , ,1,3, ,2,3,1,4, , , , ,2, , , , , ,2, , , , ,9,6,1, , , , , ,6,5,1, , , , , ,7,4,5,2,6,1,2,.544483
2,96201623,7991,1025,4,3,1,1,12, , , , , , , , , ,1,2, , ,3,1,3, , , , ,2, , , , , ,2, , , , ,9,6,1, , , , , ,7,9,1, , , , , ,3,5,14,1,3,6,2,1.762262
2,97116579,10349,1327,5,4,1,1,13, , , , , , , , , ,1,3, ,2,3,1,6, , , , ,2, , , , , ,1,1,2,3,4,9,6,1, , , , , ,9,4,1, , , , , ,11,3,11,4,5,2,2,.442329
2,97119662,10502,1351,6,5,1,1,12, , , , , , , , , ,1,3, ,2,3,1,4, , , , ,2, , , , , ,2, , , , ,9,6,2,3, , , , ,1,5,1, , , , , ,9,2,13,4,5,1,2,.500348
3,96114914,12417,1635,5,4,1,1,12, , , , , , , , , ,1,3, ,2,3,1,6, , , , ,2, , , , , ,2, , , , ,9,6,1, , , , , ,88,1,1, , , , , ,7,3,7,2,7,10,1,.743441
4,96106202,18243,2453,5,4,1,2,9, , , , , , , , , ,1,3, ,2,3,1,4, , , , ,2, , , , , ,2, , , , ,9,6,1, , , , , ,10,5,1, , , , , ,8,4,13,1,9,2,2,.542833
4,99102314,20641,2787,8,7,1,2,2, , , , , , , , , ,1,3, ,2,3,2,6, , , , ,2, , , , , ,2, , , , ,9,6,1, , , , , ,10,7,1, , , , , ,6,3,11,2,4,3,2,1.227134
4,99212442,22811,3081,5,4,1,2,9, , , , , , , , , ,1,3, ,2,3,1,1,2, , , ,2, , , , , ,2, , , , ,9,6,1, , , , , ,7,1,1, , , , , ,8,4,7,2,7,14,2,.527301
1,96214779,3114,512,4,3,1,1,12, , , , , , , , , ,1,3, ,2,3,1,6, , , , ,2, , , , , ,2, , , , ,9,5,1, , , , , ,6,8,1, , , , , ,8,6,5,1,7,14,2,.772555
2,97110260,10039,1283,4,3,1,1,1, , , , , , , , , ,1,3, ,2,3,3,6, , , , ,2, , , , , ,2, , , , ,9,5,1, , , , , ,9,11,1, , , , , ,9,3,11,1,5,1,2,.616644
2,97215715,11446,1479,5,4,1,1,4, , , , , , , , , ,1,3, ,2,3,3,6, , , , ,2, , , , , ,2, , , , ,9,5,1, , , , , ,6,9,1, , , , , ,5,5,4,2,7,9,1,1.730921
4,99117514,21416,2893,3,2,1,1,12, , , , , , , , , ,1,3, ,2,3,2,3, , , , ,1,2,4,6, , ,2, , , , ,9,5,1, , , , , ,1,5,1, , , , , ,7,5,2,2,10,3,1,1.580661
4,99232504,23792,3216,5,4,1,1,5,6, , , , , , , , ,1,3, ,2,3,1,3,4,6, , ,2, , , , , ,2, , , , ,9,5,1, , , , , ,1,9,1, , , , , ,6,5,5,2,7,12,2,.935116
2,97210248,11186,1444,5,4,1,1,2, , , , , , , , , ,1,3, ,2,3,2,2,3, , , ,2, , , , , ,2, , , , ,9,4,1, , , , , ,5,10,1, , , , , ,6,5,3,2,6,4,2,.703996
2,97227690,11967,1554,5,4,1,2,2, , , , , , , , , ,1,3, ,2,3,3,4, , , , ,2, , , , , ,2, , , , ,9,4,1, , , , , ,8,10,1, , , , , ,8,5,12,1,7,4,2,.532132
2,96149567,7343,933,7,6,1,2,4, , , , , , , , , ,1,3, ,2,3,3,3, , , , ,1,3,4,6, , ,2, , , , ,9,3,1, , , , , ,1,11,1, , , , , ,6,5,9,2,7,4,2,.922952
3,98210377,16809,2248,5,4,1,2,13, , , , , , , , , ,1,3, ,2,3,1,3, , , , ,2, , , , , ,2, , , , ,9,3,1, , , , , ,1,1,1, , , , , ,4,5,4,1,7,4,2,1.01
1,96135137,5773,218,5,4,1,1,12, , , , , , , , , ,1,2, , ,3,4, , , , , ,1,2,3,4,6, ,2, , , , ,9,0,1, , , , , ,1,1,1, , , , , ,3,5,14,1,4,1,2,1.082928
1,96146467,5331,279,6,5,1,1,13, , , , , , , , , ,1,1,2, ,3,4, , , , , ,1,2,4,6,7, ,2, , , , ,9,0,1, , , , , ,6,8,1, , , , , ,4,5,12,1,7,1,2,.841725
1,96230536,1664,604,5,4,1,1,13, , , , , , , , , ,1,3, ,2,3,4, , , , , ,1,2,4,6, , ,2, , , , ,9,0,1, , , , , ,8,12,1, , , , , ,4,5,5,1,6,5,2,.661218
1,96235343,1594,627,6,5,1,2,12, , , , , , , , , ,1,3, ,2,3,4, , , , , ,1,4,7, , , ,2, , , , ,9,0,1, , , , , ,7,12,1, , , , , ,6,3,11,2,6,5,2,.779992
1,96258400,4290,724,6,5,1,1,12, , , , , , , , , ,1,1,2, ,3,4, , , , , ,1,2,4,6, , ,2, , , , ,9,0,5,4, , , , ,4,10,1, , , , , ,2,5,14,1,2,8,1,4.043885
2,96126352,6779,844,5,4,1,1,12, , , , , , , , , ,1,3, ,2,3,4, , , , , ,1,2,4,5,6, ,2, , , , ,9,0,1, , , , , ,10,9,1, , , , , ,7,6,1,2,10,4,2,.532132
2,97215997,11461,1481,5,4,1,1,9, , , , , , , , , ,1,3, ,2,3,4, , , , , ,2, , , , , ,2, , , , ,9,0,5,3,4, , , ,9,10,1, , , , , ,10,3,13,2,6,5,2,.386833
2,97231425,12060,1564,6,5,1,1,12, , , , , , , , , ,1,2, , ,3,4, , , , , ,1,2,4,6, , ,2, , , , ,9,0,6,1,5, , , ,1,6,1, , , , , ,2,2,14,1,2,4,2,3.962768
3,96123351,12573,1656,5,4,1,2,13, , , , , , , , , ,1,3, ,1,3,4, , , , , ,1,2,4, , , ,2, , , , ,9,0,1, , , , , ,9,7,1, , , , , ,7,5,2,2,10,3,2,.493119
3,96136084,12816,1694,7,6,1,1,12, , , , , , , , , ,1,2, , ,3,4, , , , , ,1,2,4, , , ,2, , , , ,9,0,1, , , , , ,9,8,1, , , , , ,6,3,11,2,5,4,2,.904096
3,96145662,13003,1720,6,5,1,1,6, , , , , , , , , ,1,3, ,1,3,4, , , , , ,1,2,3,4,6, ,2, , , , ,9,0,4,3,5, , , ,8,6,1, , , , , ,6,5,1,1,8,2,2,.99802
3,96217688,13925,1862,5,4,1,1,12, , , , , , , , , ,1,3, ,2,3,4, , , , , ,1,2,3,4,5, ,2, , , , ,9,0,1, , , , , ,10,10,1, , , , , ,6,6,2,2,10,19,1,.901978
3,96224582,14082,1886,4,3,1,1,12, , , , , , , , , ,1,2, , ,3,4, , , , , ,1,2,3,4,7, ,2, , , , ,9,0,5,2,5, , , ,8,9,1, , , , , ,5,5,3,1,7,7,2,1.503991
3,96237646,14377,1919,5,4,1,2,12, , , , , , , , , ,1,3, ,2,3,4, , , , , ,1,2,4,6,7, ,2, , , , ,9,0,1, , , , , ,10,11,1, , , , , ,5,5,4,1,8,5,2,.912528
3,98108101,15221,2029,4,3,1,1,12, , , , , , , , , ,1,3, ,2,3,4, , , , , ,1,2,4, , , ,2, , , , ,9,0,1, , , , , ,8,6,1, , , , , ,5,5,3,2,6,1,2,1.548565
3,98109449,15305,2046,8,7,1,1,12, , , , , , , , , ,1,3, ,2,3,4, , , , , ,1,2, , , , ,2, , , , ,9,0,6,4, , , , ,1,5,1, , , , , ,6,5,2,2,8,3,2,.96618
3,98208315,16696,2231,5,4,1,2,9, , , , , , , , , ,1,2, , ,3,4, , , , , ,1,2,4, , , ,2, , , , ,9,0,1, , , , , ,11,1,1, , , , , ,4,6,2,2,8,5,1,1.464373
3,98221126,17459,2343,4,3,1,1,12, , , , , , , , , ,1,3, ,2,3,4, , , , , ,2, , , , , ,2, , , , ,9,0,1, , , , , ,88,9,1, , , , , ,10,4,13,2,6,6,1,.707947
4,96254858,20429,2755,5,4,1,1,12, , , , , , , , , ,1,3, ,2,3,4, , , , , ,1,2,4,6,7, ,2, , , , ,9,0,1, , , , , ,1,9,1, , , , , ,3,5,14,1,2,19,2,1.507239
4,99200782,22200,2990,7,6,1,1,4, , , , , , , , , ,1,3, ,2,3,4, , , , , ,1,1,2,3,4,5,2, , , , ,9,0,1, , , , , ,9,9,1, , , , , ,7,5,5,2,10,19,2,.655163
1,96116655,5562,101,6,5,1,1,9, , , , , , , , , ,1,3, ,2,3,1,6, , , , ,2, , , , , ,2, , , , ,8,8,1, , , , , ,1,9,1, , , , , ,10,3,13,4,5,1,2,.512981
1,96219859,717,548,5,4,1,2,12, , , , , , , , , ,1,1,5, ,3,1,4, , , , ,2, , , , , ,2, , , , ,8,8,1, , , , , ,1,1,1, , , , , ,2,3,6,1,2,6,1,3.153109
1,96224974,3671,580,5,4,1,1,2, , , , , , , , , ,1,2, , ,3,1,2,3, , , ,2, , , , , ,2, , , , ,8,8,1, , , , , ,11,9,1, , , , , ,11,1,13,2,3,11,1,.505939
1,96255624,4907,719,8,7,1,1,2, , , , , , , , , ,1,3, ,2,3,1,4, , , , ,1,6, , , , ,2, , , , ,8,8,1, , , , , ,7,11,1, , , , , ,11,5,13,2,8,7,2,.551616
2,97108086,9925,1266,8,7,1,2,2, , , , , , , , , ,1,1,4, ,3,1,3,4, , , ,2, , , , , ,2, , , , ,8,8,1, , , , , ,1,7,1, , , , , ,8,6,13,2,2,1,2,.713827
3,96201918,13591,1815,5,4,1,2,9, , , , , , , , , ,1,3, ,2,3,1,4,5,6, , ,2, , , , , ,2, , , , ,8,8,1, , , , , ,1,1,1, , , , , ,11,1,11,4,7,9,2,.331343
4,96158342,19132,2584,5,4,1,2,9, , , , , , , , , ,1,2, , ,3,1,6, , , , ,2, , , , , ,2, , , , ,8,8,1, , , , , ,9,8,1, , , , , ,8,4,5,2,6,2,2,.542833
4,96210250,19609,2653,5,4,1,1,9, , , , , , , , , ,1,3, ,2,3,1,3, , , , ,2, , , , , ,2, , , , ,8,8,1, , , , , ,1,11,1, , , , , ,9,3,6,3,6,6,2,.442403
4,96230025,19984,2708,5,4,2, ,12, , , , , , , , , ,1,3, ,2,3,1,4, , , , ,2, , , , , ,2, , , , ,8,8,1, , , , , ,7,4,1, , , , , ,7,5,1,2,9,6,1,.696269
4,99101134,20577,2777,4,3,1,2,12, , , , , , , , , ,1,3, ,2,3,1,6, , , , ,2, , , , , ,2, , , , ,8,8,5,1, , , , ,1,1,1, , , , , ,8,3,6,2,4,2,2,1.021805
1,96134068,2510,208,5,4,1,1,5, , , , , , , , , ,1,3, ,2,3,1,4, , , , ,2, , , , , ,2, , , , ,8,7,1, , , , , ,9,1,1, , , , , ,9,4,13,2,4,4,2,.403932
1,96207435,4016,478,6,5,1,2,4, , , , , , , , , ,1,3, ,2,3,2,4, , , , ,2, , , , , ,2, , , , ,8,7,1, , , , , ,1,4,1, , , , , ,7,5,11,2,10,9,2,.618582
1,96217247,2774,528,5,4,1,1,9, , , , , , , , , ,1,3, ,2,3,2,3,4, , , ,2, , , , , ,2, , , , ,8,7,2,3, , , , ,9,6,1, , , , , ,6,4,5,2,5,19,2,.613502
1,96227052,1964,588,7,6,1,1,12, , , , , , , , , ,1,3, ,2,3,1,6, , , , ,2, , , , , ,2, , , , ,8,7,1, , , , , ,1,1,1, , , , , ,8,3,11,2,1,20,2,.62335
1,96240035,3007,657,8,7,1,2,2, , , , , , , , , ,1,3, ,2,3,1,1,4, , , ,2, , , , , ,2, , , , ,8,7,1, , , , , ,8,8,1, , , , , ,10,5,13,2,1,16,2,.513622
2,96260990,9485,1204,6,5,1,1,9, , , , , , , , , ,1,3, ,2,3,1,2,3, , , ,2, , , , , ,2, , , , ,8,7,1, , , , , ,9,1,1, , , , , ,10,2,11,2,5,9,2,.49913
2,96260990,9485,1205,6,5,1,1,9, , , , , , , , , ,1,3, ,2,3,1,2,3, , , ,2, , , , , ,2, , , , ,8,7,1, , , , , ,9,1,1, , , , , ,10,2,11,2,5,9,2,.49913
2,97112331,10132,1297,9,8,1,2,2, , , , , , , , , ,1,3, ,2,3,1,2,3, , , ,2, , , , , ,2, , , , ,8,7,1, , , , , ,9,7,1, , , , , ,10,5,13,2,6,2,2,.479319
2,97222990,11794,1528,6,5,1,2,2, , , , , , , , , ,1,3, ,2,3,1,4, , , , ,2, , , , , ,2, , , , ,8,7,1, , , , , ,1,1,1, , , , , ,8,3,5,2,8,6,2,.718586
3,96110885,12339,1618,5,4,1,1,8, , , , , , , , , ,1,3, ,1,3,1,2, , , , ,2, , , , , ,2, , , , ,8,7,6,2, , , , ,1,1,1, , , , , ,11,3,13,2,9,1,1,.391014
3,98221568,17480,2347,5,4,1,2,9, , , , , , , , , ,1,3, ,2,3,1,2,3, , , ,2, , , , , ,2, , , , ,8,7,1, , , , , ,10,1,1, , , , , ,11,3,13,2,6,6,1,.393774
3,98229800,17897,2403,6,5,1,1,5,6, , , , , , , , ,1,3, ,2,3,1,2, , , , ,2, , , , , ,2, , , , ,8,7,1, , , , , ,6,1,1, , , , , ,10,2,11,2,6,6,2,.521082
4,96140533,18839,2537,6,5,1,2,4, , , , , , , , , ,1,3, ,2,3,1,4,6, , , ,2, , , , , ,2, , , , ,8,7,1, , , , , ,9,9,1, , , , , ,6,4,9,2,9,4,1,1.480419
4,96261100,20513,2766,6,5,1,1,9, , , , , , , , , ,1,3, ,2,3,1,4, , , , ,2, , , , , ,2, , , , ,8,7,1, , , , , ,1,1,1, , , , , ,10,1,11,2,1,7,2,.565661
4,99219668,23148,3119,5,4,1,1,13, , , , , , , , , ,1,3, ,2,3,1,6, , , , ,2, , , , , ,2, , , , ,8,7,5,2, , , , ,1,1,1, , , , , ,8,2,7,2,5,5,2,.513114
4,99228914,23617,3185,5,4,1,1,7, , , , , , , , , ,1,3, ,2,3,1,4, , , , ,2, , , , , ,2, , , , ,8,7,4,1,2, , , ,1,1,1, , , , , ,9,5,13,2,6,8,2,.407393
4,99232039,23770,3212,5,4,1,1,12, , , , , , , , , ,1,2, , ,3,1,6, , , , ,1,6, , , , ,2, , , , ,8,7,2,5, , , , ,1,1,1, , , , , ,3,5,5,1,6,6,2,1.604733
4,99236091,23963,3238,5,4,1,1,12, , , , , , , , , ,1,3, ,2,3,1,4,6, , , ,2, , , , , ,2, , , , ,8,7,1, , , , , ,9,1,1, , , , , ,7,6,12,1,8,16,1,.70985
1,96117972,5835,107,5,4,1,2,13, , , , , , , , , ,1,3, ,2,3,1,6, , , , ,2, , , , , ,2, , , , ,8,6,1, , , , , ,1,1,1, , , , , ,8,2,11,2,3,1,2,.491552
1,96162776,5326,352,6,5,1,2,12, , , , , , , , , ,1,3, ,2,3,2,2, , , , ,1,3, , , , ,2, , , , ,8,6,1, , , , , ,7,4,1, , , , , ,6,5,3,2,7,1,1,1.245152
1,96208486,3038,484,5,4,1,1,9, , , , , , , , , ,1,3, ,2,3,1,6, , , , ,2, , , , , ,2, , , , ,8,6,1, , , , , ,1,1,1, , , , , ,8,3,13,2,5,15,2,.489908
1,96218434,1800,540,5,4,1,1,4, , , , , , , , , ,1,3, ,2,3,1,1,2,3, , ,2, , , , , ,2, , , , ,8,6,1, , , , , ,1,9,1, , , , , ,11,1,11,4,3,5,2,.4318
2,96115349,6487,800,5,4,1,1,13, , , , , , , , , ,1,3, ,2,3,1,4,6, , , ,2, , , , , ,2, , , , ,8,6,1, , , , , ,8,8,1, , , , , ,10,3,13,2,7,1,1,.526279
2,96120854,6612,825,5,4,1,1,9, , , , , , , , , ,1,3, ,2,3,1,4, , , , ,2, , , , , ,2, , , , ,8,6,6,1, , , , ,9,6,1, , , , , ,7,3,11,2,2,4,2,.532132
2,96135565,7006,880,5,4,1,1,9, , , , , , , , , ,1,3, ,2,3,3,4, , , , ,2, , , , , ,2, , , , ,8,6,1, , , , , ,1,1,1, , , , , ,9,2,11,4,6,2,2,.389074
2,96216323,8373,1078,5,4,1,1,12, , , , , , , , , ,1,3, ,2,3,2,4, , , , ,2, , , , , ,2, , , , ,8,6,1, , , , , ,1,5,1, , , , , ,4,5,5,1,5,5,2,.824356
2,97118956,10463,1346,5,4,1,1,2, , , , , , , , , ,1,3, ,2,3,3,1, , , , ,2, , , , , ,2, , , , ,8,6,1, , , , , ,1,1,1, , , , , ,6,3,9,3,6,3,2,.707553
2,97204590,10889,1410,6,5,1,1,9, , , , , , , , , ,1,3, ,2,3,1,1,2, , , ,2, , , , , ,2, , , , ,8,6,6,1,2,5, , ,9,1,1, , , , , ,7,4,4,2,9,6,2,.718586
2,97221117,11703,1507,5,4,1,1,9, , , , , , , , , ,1,3, ,2,3,1,4,6, , , ,2, , , , , ,2, , , , ,8,6,1, , , , , ,6,7,1, , , , , ,6,5,1,3,9,14,2,.720485
3,96104689,12203,1589,4,3,1,1,12, , , , , , , , , ,1,3, ,1,3,2,6, , , , ,2, , , , , ,2, , , , ,8,6,1, , , , , ,1,6,1, , , , , ,2,5,14,1,2,1,1,4.786035
3,96200354,13561,1811,5,4,1,2,9, , , , , , , , , ,1,3, ,2,3,1,3,4, , , ,2, , , , , ,2, , , , ,8,6,6,1,5, , , ,5,1,1, , , , , ,7,3,6,2,3,6,2,.48702
3,96241619,14462,1932,8,7,1,2,2, , , , , , , , , ,1,3, ,2,3,2,2, , , , ,2, , , , , ,2, , , , ,8,6,5,1,2,5, , ,1,1,1, , , , , ,6,4,5,2,5,12,2,.931725
3,98205164,16544,2212,6,5,1,1,12, , , , , , , , , ,1,3, ,2,3,3,4, , , , ,2, , , , , ,2, , , , ,8,6,1, , , , , ,9,13,1, , , , , ,6,5,4,2,4,6,2,.954229
3,98228757,17843,2397,5,4,1,1,5,6, , , , , , , , ,1,3, ,2,3,1,1,2,3,4,6,1,1, , , , ,2, , , , ,8,6,2,5, , , , ,7,88,1, , , , , ,5,5,5,1,8,19,2,.854393
4,96125658,18591,2503,8,7,1,1,2, , , , , , , , , ,1,3, ,2,3,2,4, , , , ,2, , , , , ,2, , , , ,8,6,2,3, , , , ,9,8,1, , , , , ,9,2,11,2,6,1,2,.532119
4,96218422,19767,2676,5,4,1,1,9, , , , , , , , , ,1,3, ,2,3,1,4, , , , ,2, , , , , ,2, , , , ,8,6,1, , , , , ,88,6,1, , , , , ,10,1,11,2,7,6,2,.443638
4,99119039,21481,2903,5,4,1,1,12, , , , , , , , , ,1,3, ,2,3,1,6, , , , ,2, , , , , ,2, , , , ,8,6,1, , , , , ,1,2,1, , , , , ,10,3,13,2,6,3,1,.370977
4,99210419,22710,3068,5,4,1,1,9, , , , , , , , , ,1,3, ,2,3,1,4, , , , ,2, , , , , ,2, , , , ,8,6,1, , , , , ,9,1,1, , , , , ,10,2,11,2,4,4,2,.416977
4,99230312,23689,3200,8,7,1,1,2, , , , , , , , , ,1,3, ,2,3,3,6, , , , ,1,6, , , , ,2, , , , ,8,6,1, , , , , ,1,8,1, , , , , ,11,5,13,2,1,14,1,.48501
1,96131875,5377,197,4,3,1,1,12, , , , , , , , , ,1,3, ,2,3,1,4, , , , ,2, , , , , ,2, , , , ,8,5,1, , , , , ,8,11,1, , , , , ,8,4,13,4,6,1,2,.770329
1,96145525,5449,274,5,4,1,1,4, , , , , , , , , ,1,3, ,2,3,1,3, , , , ,1,2, , , , ,2, , , , ,8,5,1, , , , , ,9,9,1, , , , , ,9,3,6,2,6,1,2,.403493
1,96222468,3470,566,5,4,1,2,13, , , , , , , , , ,1,3, ,2,3,2,2,3,6, , ,1,6, , , , ,2, , , , ,8,5,1, , , , , ,11,10,1, , , , , ,8,5,11,2,6,12,2,.491993
2,96140432,7116,903,4,3,1,1,12, , , , , , , , , ,1,3, ,2,3,1,2,3, , , ,2, , , , , ,2, , , , ,8,5,1, , , , , ,1,1,1, , , , , ,11,4,11,4,6,10,2,.646148
2,97218265,11574,1491,5,4,1,1,9, , , , , , , , , ,1,3, ,2,3,1,6, , , , ,2, , , , , ,2, , , , ,8,5,1, , , , , ,1,1,1, , , , , ,6,6,6,1,9,7,1,1.113878
3,96154648,13167,1744,5,4,1,1,5, , , , , , , , , ,1,3, ,2,3,1,6, , , , ,2, , , , , ,2, , , , ,8,5,1, , , , , ,9,1,1, , , , , ,9,2,13,2,1,3,2,.356179
3,98101937,14897,1988,5,4,1,1,13, , , , , , , , , ,1,3, ,2,3,1,4, , , , ,2, , , , , ,2, , , , ,8,5,1, , , , , ,88,10,1, , , , , ,10,1,11,2,2,1,2,.345249
3,98221742,17486,2349,6,5,1,2,5, , , , , , , , , ,1,3, ,2,3,1,4, , , , ,2, , , , , ,2, , , , ,8,5,1, , , , , ,1,8,1, , , , , ,10,3,11,2,1,6,2,.521082
4,96108566,18293,2459,5,4,1,1,5, , , , , , , , , ,1,3, ,2,3,1,6, , , , ,2, , , , , ,2, , , , ,8,5,1, , , , , ,10,6,1, , , , , ,8,3,4,2,6,4,2,.513089
4,96146406,18926,2549,5,4,1,1,12, , , , , , , , , ,1,3, ,2,3,1,6, , , , ,2, , , , , ,2, , , , ,8,5,1, , , , , ,8,4,1, , , , , ,7,4,12,2,6,1,1,.655402
4,96161381,19184,2592,5,4,1,1,9, , , , , , , , , ,1,3, ,2,3,1,6, , , , ,2, , , , , ,2, , , , ,8,5,1, , , , , ,9,1,1, , , , , ,11,2,13,2,5,4,1,.369338
4,99205730,22460,3022,5,4,1,1,6, , , , , , , , , ,1,3, ,2,3,1,4, , , , ,2, , , , , ,2, , , , ,8,5,1, , , , , ,9,1,1, , , , , ,10,3,11,2,1,6,2,.443638
4,99210286,22704,3066,5,4,2, ,12, , , , , , , , , ,1,3, ,2,3,2,4,5, , , ,2, , , , , ,2, , , , ,8,5,1, , , , , ,8,7,1, , , , , ,7,5,4,2,8,6,1,.696269
4,99231523,23743,3208,8,7,1,2,2, , , , , , , , , ,1,3, ,2,3,2,2,3,4, , ,2, , , , , ,2, , , , ,8,5,1, , , , , ,8,10,1, , , , , ,11,5,11,2,7,4,2,.566448
1,96113202,3808,85,6,5,1,1,4, , , , , , , , , ,1,2, , ,3,1,1,3,4, , ,2, , , , , ,2, , , , ,8,4,1, , , , , ,7,8,1, , , , , ,9,2,6,2,6,10,1,.723038
1,96208487,3168,485,5,4,1,1,13, , , , , , , , , ,1,3, ,2,3,3,2, , , , ,2, , , , , ,2, , , , ,8,4,3,5, , , , ,6,6,1, , , , , ,5,6,3,1,6,14,2,.866866
1,96221520,1877,560,8,7,1,2,12, , , , , , , , , ,1,3, ,2,3,3,4, , , , ,2, , , , , ,2, , , , ,8,4,1, , , , , ,11,10,1, , , , , ,8,3,11,2,1,5,2,.627913
3,98213946,17027,2276,5,4,1,1,12, , , , , , , , , ,1,3, ,1,3,3,4, , , , ,1,6, , , , ,2, , , , ,8,4,1, , , , , ,9,9,1, , , , , ,2,5,5,1,4,4,2,1.895971
2,96231555,8788,1123,6,5,1,2,12, , , , , , , , , ,1,3, ,2,3,3,3, , , , ,1,3,4,5, , ,2, , , , ,8,3,1, , , , , ,6,3,1, , , , , ,6,5,3,2,9,6,1,1.485866
1,96112039,3708,80,5,4,1,2,2, , , , , , , , , ,1,2, , ,3,4, , , , , ,2, , , , , ,2, , , , ,8,0,1, , , , , ,5,9,1, , , , , ,7,2,9,2,9,10,1,.797454
1,96145466,4537,273,9,8,1,1,10, , , , , , , , , ,1,3, ,1,3,4, , , , , ,1,2,4, , , ,2, , , , ,8,0,5,4, , , , ,1,3,1, , , , , ,8,5,11,2,6,3,2,.689826
1,96149520,3748,296,4,3,1,1,12, , , , , , , , , ,1,2, , ,3,4, , , , , ,1,2,4,6, , ,2, , , , ,8,0,1, , , , , ,8,11,1, , , , , ,6,5,3,1,8,10,1,1.530625
1,96158182,5631,334,5,4,1,1,12, , , , , , , , , ,1,1,1, ,3,4, , , , , ,1,2,4, , , ,2, , , , ,8,0,1, , , , , ,9,4,1, , , , , ,9,3,11,2,5,1,2,.403493
1,96178851,1130,436,4,3,1,1,12, , , , , , , , , ,1,3, ,2,3,4, , , , , ,1,2,4, , , ,2, , , , ,8,0,1, , , , , ,8,10,1, , , , , ,7,4,6,2,6,2,2,.772728
1,96233570,3161,617,8,7,1,1,12, , , , , , , , , ,1,3, ,2,3,4, , , , , ,1,2,3,4,6, ,2, , , , ,8,0,1, , , , , ,7,5,1, , , , , ,5,5,8,1,6,14,1,1.762385
1,96240060,215,658,5,4,1,1,13, , , , , , , , , ,1,3, ,2,3,4, , , , , ,1,1, , , , ,2, , , , ,8,0,1, , , , , ,9,4,1, , , , , ,5,5,3,1,8,6,2,.865112
2,96139041,7081,895,10,9,1,2,12, , , , , , , , , ,1,3, ,2,3,4, , , , , ,1,2,4, , , ,2, , , , ,8,0,1, , , , , ,1,2,1, , , , , ,9,6,13,2,8,2,1,.709306
2,96144161,7219,915,3,2,1,1,9, , , , , , , , , ,1,3, ,2,3,4, , , , , ,1,2, , , , ,2, , , , ,8,0,1, , , , , ,11,3,1, , , , , ,6,3,10,2,8,3,1,2.032259
2,96236601,8947,1146,12,11,1,1,12, , , , , , , , , ,1,3, ,2,3,4, , , , , ,1,1,3,4, , ,2, , , , ,8,0,4,4, , , , ,9,9,1, , , , , ,9,3,11,2,1,7,2,.455074
2,96245707,9184,1173,5,4,1,1,13, , , , , , , , , ,1,3, ,2,3,4, , , , , ,1,2,4,6,7, ,2, , , , ,8,0,4,1,5, , , ,9,10,1, , , , , ,5,5,5,1,6,5,2,1.137642
2,97109036,9970,1273,15,14,1,2,2, , , , , , , , , ,1,3, ,2,3,4, , , , , ,1,2, , , , ,2, , , , ,8,0,1, , , , , ,8,4,1, , , , , ,11,3,4,2,8,1,2,.522929
2,97113917,10208,1310,6,5,1,1,12, , , , , , , , , ,1,3, ,2,3,4, , , , , ,1,2,4, , , ,2, , , , ,8,0,1, , , , , ,9,3,1, , , , , ,6,4,4,1,7,1,2,.944375
2,97200190,10644,1371,6,5,1,2,13, , , , , , , , , ,1,3, ,2,3,4, , , , , ,1,2,3,4,5, ,2, , , , ,8,0,1, , , , , ,9,6,1, , , , , ,8,6,5,2,8,6,2,.718586
3,96128309,12675,1671,7,6,1,1,12,13, , , , , , , , ,1,3, ,2,3,4, , , , , ,1,2,4, , , ,2, , , , ,8,0,1, , , , , ,8,5,1, , , , , ,4,5,6,1,5,1,2,1.586442
3,96178722,13545,1810,8,7,1,2,12, , , , , , , , , ,1,3, ,1,3,4, , , , , ,2, , , , , ,2, , , , ,8,0,8,1,2,3,4,5,11,6,1, , , , , ,6,5,4,2,10,2,1,1.56459
3,96237646,14377,1920,5,4,1,1,13, , , , , , , , , ,1,3, ,2,3,4, , , , , ,1,2,4,6,7, ,2, , , , ,8,0,1, , , , , ,10,12,1, , , , , ,5,5,4,1,8,5,2,.912528
3,96251664,14647,1956,6,5,1,1,12, , , , , , , , , ,1,3, ,2,3,4, , , , , ,1,2,3,4,5,6,2, , , , ,8,0,4,1, , , , ,8,10,1, , , , , ,5,5,6,2,6,11,2,1.346442
3,98103825,15012,2004,5,4,1,1,12, , , , , , , , , ,1,3, ,2,3,4, , , , , ,1,2,4, , , ,2, , , , ,8,0,1, , , , , ,1,10,1, , , , , ,10,3,13,2,6,10,1,.397999
3,98107667,15195,2024,5,4,1,1,12, , , , , , , , , ,1,3, ,2,3,4, , , , , ,1,1,2,3,4,6,2, , , , ,8,0,1, , , , , ,9,7,1, , , , , ,6,4,6,1,6,2,2,.665917
3,98110106,15337,2051,5,4,1,1,12, , , , , , , , , ,1,2, , ,3,4, , , , , ,1,2,3,4,5,7,2, , , , ,8,0,1, , , , , ,5,6,1, , , , , ,7,5,4,2,9,10,1,.743441
3,98128521,16236,2171,8,7,1,1,12, , , , , , , , , ,1,3, ,2,3,4, , , , , ,1,2,4, , , ,2, , , , ,8,0,1, , , , , ,8,7,1, , , , , ,11,3,13,2,2,1,2,.520542
3,98228484,17827,2394,10,9,1,1,9, , , , , , , , , ,1,3, ,2,3,4, , , , , ,2, , , , , ,2, , , , ,8,0,1, , , , , ,1,12,1, , , , , ,11,1,13,2,4,7,1,.427941
3,98230678,17930,2407,5,4,2, ,12, , , , , , , , , ,1,3, ,2,3,4, , , , , ,2, , , , , ,2, , , , ,8,0,1, , , , , ,1,3,1, , , , , ,6,4,6,2,4,5,2,.614503
3,98231828,17979,2416,5,4,1,1,12, , , , , , , , , ,1,3, ,2,3,4, , , , , ,1,1,2,4,6, ,2, , , , ,8,0,8,2, , , , ,8,12,1, , , , , ,5,5,5,1,7,14,2,.965614
4,96124851,18577,2501,6,5,1,2,13, , , , , , , , , ,1,3, ,2,3,4, , , , , ,1,2,4,5, , ,2, , , , ,8,0,8,1,2,5, , ,1,1,1, , , , , ,6,5,6,2,5,1,2,1.23353
4,96130434,18667,2510,5,4,1,1,12, , , , , , , , , ,1,3, ,2,3,4, , , , , ,1,2,4,6, , ,2, , , , ,8,0,1, , , , , ,8,11,1, , , , , ,5,5,6,1,8,4,2,1.304669
4,96135499,18751,2522,4,3,1,2,12, , , , , , , , , ,1,3, ,2,3,4, , , , , ,1,2,3,6, , ,2, , , , ,8,0,1, , , , , ,8,7,1, , , , , ,5,5,5,1,7,4,2,2.45585
4,96141905,18866,2539,6,5,1,1,12, , , , , , , , , ,1,3, ,2,3,4, , , , , ,2, , , , , ,2, , , , ,8,0,1, , , , , ,1,1,1, , , , , ,11,5,8,2,8,4,1,.471938
4,96221520,19818,2683,7,6,1,1,12, , , , , , , , , ,1,3, ,2,3,4, , , , , ,1,2,4,6,7, ,2, , , , ,8,0,1, , , , , ,1,5,1, , , , , ,8,3,11,2,5,5,2,.655654
4,99116613,21373,2887,4,3,1,1,13, , , , , , , , , ,1,3, ,2,3,4, , , , , ,1,1,2,4, , ,2, , , , ,8,0,1, , , , , ,1,9,1, , , , , ,10,3,10,2,5,1,2,.78607
4,99238213,24059,3245,5,4,1,1,8, , , , , , , , , ,1,3, ,2,3,4, , , , , ,2, , , , , ,2, , , , ,8,0,1, , , , , ,8,2,1, , , , , ,10,3,13,2,7,4,1,.372356
1,96213579,2901,501,7,6,1,2,9, , , , , , , , , ,1,3, ,2,3,1,4,6, , , ,2, , , , , ,2, , , , ,7,7,1, , , , , ,5,9,1, , , , , ,11,5,13,2,8,17,1,.603408
2,96115547,6494,802,8,7,1,2,2, , , , , , , , , ,1,3, ,2,3,1,4, , , , ,2, , , , , ,2, , , , ,7,7,1, , , , , ,9,1,1, , , , , ,10,6,13,2,7,4,1,.674309
2,97203886,10849,1404,5,4,1,2,9, , , , , , , , , ,1,3, ,2,3,1,2,4,6, , ,2, , , , , ,2, , , , ,7,7,1, , , , , ,1,1,1, , , , , ,11,1,11,2,2,4,2,.424044
3,96205126,13671,1828,5,4,1,1,12, , , , , , , , , ,1,3, ,2,3,1,6, , , , ,2, , , , , ,2, , , , ,7,7,3,1,5, , , ,8,88,1, , , , , ,8,3,11,2,2,14,2,.497386
3,96235475,14330,1913,5,4,1,1,13, , , , , , , , , ,1,3, ,2,3,1,4, , , , ,2, , , , , ,2, , , , ,7,7,1, , , , , ,7,88,1, , , , , ,7,3,5,2,6,7,2,.469686
3,98119293,15809,2111,5,4,1,2,9, , , , , , , , , ,1,3, ,2,3,1,6, , , , ,2, , , , , ,2, , , , ,7,7,1, , , , , ,1,1,1, , , , , ,11,1,13,2,3,1,1,.391014
4,99208506,22606,3048,5,4,1,1,12, , , , , , , , , ,1,3, ,2,3,1,2,4, , , ,2, , , , , ,2, , , , ,7,7,1, , , , , ,7,10,1, , , , , ,8,3,6,2,5,5,2,.513114
4,99220012,23165,3125,5,4,1,1,9, , , , , , , , , ,1,3, ,2,3,1,2,3,4, , ,2, , , , , ,2, , , , ,7,7,1, , , , , ,9,1,1, , , , , ,10,3,11,2,5,6,2,.443638
4,99228826,23609,3182,5,4,1,1,4, , , , , , , , , ,1,2, , ,3,1,1,2, , , ,2, , , , , ,2, , , , ,7,7,1, , , , , ,1,6,1, , , , , ,7,3,3,2,9,4,2,.513089
1,96111623,5388,77,6,5,1,1,4, , , , , , , , , ,1,3, ,2,3,1,1,2,3,5, ,2, , , , , ,2, , , , ,7,6,1, , , , , ,7,88,1, , , , , ,11,5,13,2,6,1,2,.549678
1,96115349,5401,94,5,4,1,1,13, , , , , , , , , ,1,3, ,2,3,1,2,3, , , ,2, , , , , ,2, , , , ,7,6,1, , , , , ,1,1,1, , , , , ,10,3,13,2,6,1,1,.509325
1,96130310,3855,190,8,7,1,2,2, , , , , , , , , ,1,3, ,2,3,1,2,3,4, , ,2, , , , , ,2, , , , ,7,6,1, , , , , ,1,8,1, , , , , ,11,1,13,2,5,10,1,.642918
1,96158448,5563,336,8,7,1,2,9, , , , , , , , , ,1,3, ,2,3,1,6, , , , ,2, , , , , ,2, , , , ,7,6,1, , , , , ,9,7,1, , , , , ,9,3,13,4,5,1,1,.722843
1,96171791,1182,406,5,4,1,2,13, , , , , , , , , ,1,2, , ,3,1,4, , , , ,2, , , , , ,2, , , , ,7,6,1, , , , , ,11,1,1, , , , , ,6,4,5,1,6,2,2,.612507
1,96234752,530,624,6,5,1,2,5, , , , , , , , , ,1,3, ,2,3,1,4, , , , ,2, , , , , ,2, , , , ,7,6,1, , , , , ,9,2,1, , , , , ,7,5,5,2,5,6,2,.627364
2,96118819,6562,810,5,4,1,1,13, , , , , , , , , ,1,3, ,2,3,1,1,3,4,6, ,1,6, , , , ,2, , , , ,7,6,1, , , , , ,9,88,1, , , , , ,8,5,11,2,6,2,2,.555076
2,96149683,7348,934,5,4,1,1,9, , , , , , , , , ,1,3, ,2,3,1,6, , , , ,2, , , , , ,2, , , , ,7,6,1, , , , , ,1,1,1, , , , , ,10,2,13,2,2,3,2,.383189
2,96169618,7780,997,5,4,1,1,4, , , , , , , , , ,1,3, ,2,3,1,4, , , , ,2, , , , , ,2, , , , ,7,6,1, , , , , ,8,8,1, , , , , ,9,4,13,2,7,2,2,.389074
2,96171791,7825,1003,5,4,1,2,13, , , , , , , , , ,1,3, ,2,3,1,4, , , , ,2, , , , , ,2, , , , ,7,6,1, , , , , ,11,1,1, , , , , ,6,4,5,1,6,2,2,.734352
2,96209146,8205,1058,5,4,1,1,9, , , , , , , , , ,1,3, ,2,3,1,3,4, , , ,2, , , , , ,2, , , , ,7,6,2,1, , , , ,1,7,1, , , , , ,6,3,5,2,6,13,2,.682151
2,96238294,8990,1154,5,4,1,1,12, , , , , , , , , ,1,3, ,2,3,1,1, , , , ,2, , , , , ,2, , , , ,7,6,1, , , , , ,88,7,1, , , , , ,9,1,13,2,1,11,1,.559909
2,97100788,9533,1213,5,4,1,1,4, , , , , , , , , ,1,3, ,2,3,1,4, , , , ,2, , , , , ,2, , , , ,7,6,1, , , , , ,1,1,1, , , , , ,11,2,11,2,5,1,2,.433887
2,97112444,10135,1300,5,4,1,1,2, , , , , , , , , ,1,3, ,2,3,1,2, , , , ,2, , , , , ,2, , , , ,7,6,1, , , , , ,8,1,1, , , , , ,10,2,8,2,3,10,2,.359562
2,97214583,11392,1475,5,4,1,2,13, , , , , , , , , ,1,3, ,2,3,2,2,3, , , ,2, , , , , ,2, , , , ,7,6,3,1,2,5, , ,7,9,1, , , , , ,9,4,3,3,9,5,2,.37844
2,97218307,11575,1492,5,4,1,1,5,6, , , , , , , , ,1,3, ,2,3,1,4, , , , ,2, , , , , ,2, , , , ,7,6,1, , , , , ,10,1,1, , , , , ,9,4,11,2,5,6,2,.384192
3,96260990,14790,1974,5,4,1,1,4, , , , , , , , , ,1,3, ,2,3,1,3,4, , , ,2, , , , , ,2, , , , ,7,6,3,2,3, , , ,9,1,1, , , , , ,10,2,11,2,4,9,2,.329362
3,98106538,15139,2017,6,5,1,1,9, , , , , , , , , ,1,3, ,2,3,3,4, , , , ,2, , , , , ,2, , , , ,7,6,1, , , , , ,9,1,1, , , , , ,8,3,11,2,1,3,2,.739044
3,98110204,15346,2052,5,4,1,1,12, , , , , , , , , ,1,3, ,2,3,1,3, , , , ,2, , , , , ,2, , , , ,7,6,1, , , , , ,1,1,1, , , , , ,7,6,3,1,8,2,2,.509369
3,98118545,15755,2101,4,3,2, ,12, , , , , , , , , ,1,2, , ,3,3,6, , , , ,1,7, , , , ,2, , , , ,7,6,6,1, , , , ,6,7,1, , , , , ,7,5,12,2,6,3,2,.813353
3,98122145,15947,2126,4,3,2, ,12, , , , , , , , , ,1,3, ,2,3,3,4, , , , ,2, , , , , ,2, , , , ,7,6,1, , , , , ,7,2,1, , , , , ,11,5,13,2,6,2,2,.603401
4,96118877,18458,2478,6,5,1,2,9, , , , , , , , , ,1,3, ,2,3,1,4, , , , ,2, , , , , ,2, , , , ,7,6,1, , , , , ,1,9,1, , , , , ,9,2,13,2,6,1,1,.560662
4,96120854,18488,2484,5,4,1,1,9, , , , , , , , , ,1,3, ,2,3,1,4, , , , ,2, , , , , ,2, , , , ,7,6,1, , , , , ,9,11,1, , , , , ,7,3,11,2,5,4,2,.513089
4,96146137,18923,2548,5,4,1,2,13, , , , , , , , , ,1,3, ,2,3,1,1, , , , ,2, , , , , ,2, , , , ,7,6,1, , , , , ,1,7,1, , , , , ,8,5,3,1,6,3,1,.652003
4,96240867,20207,2731,6,5,1,1,4, , , , , , , , , ,1,2, , ,3,3,3,4,5, , ,2, , , , , ,2, , , , ,7,6,1, , , , , ,8,10,1, , , , , ,9,3,11,2,5,12,2,.515448
4,99105155,20799,2806,7,6,1,1,9, , , , , , , , , ,1,3, ,2,3,1,2, , , , ,2, , , , , ,2, , , , ,7,6,1, , , , , ,7,5,1, , , , , ,10,5,13,2,6,3,2,.530838
4,99119776,21519,2909,5,4,1,1,8, , , , , , , , , ,1,3, ,2,3,1,2,3, , , ,2, , , , , ,2, , , , ,7,6,1, , , , , ,1,7,1, , , , , ,10,5,13,2,6,1,1,.372911
4,99202708,22291,3004,5,4,1,1,4, , , , , , , , , ,1,2, , ,3,1,2,4, , , ,2, , , , , ,2, , , , ,7,6,1, , , , , ,1,1,1, , , , , ,9,4,13,2,6,14,1,.450256
4,99220379,23181,3127,5,4,1,2,13, , , , , , , , , ,1,3, ,2,3,1,4, , , , ,2, , , , , ,2, , , , ,7,6,1, , , , , ,1,3,1, , , , , ,11,2,13,2,7,6,1,.392953
1,96102900,4539,15,5,4,1,1,4, , , , , , , , , ,1,3, ,1,3,3,4, , , , ,1,1, , , , ,2, , , , ,7,5,1, , , , , ,1,1,1, , , , , ,8,4,11,2,6,3,2,.491299
1,96121734,5041,134,5,4,1,1,12, , , , , , , , , ,1,3, ,2,3,3,3,4, , , ,1,1,3,4, , ,2, , , , ,7,5,8,1, , , , ,1,9,1, , , , , ,6,6,2,2,10,1,1,.976438
1,96136103,4501,226,4,3,1,1,12, , , , , , , , , ,1,3, ,2,3,1,4, , , , ,2, , , , , ,2, , , , ,7,5,1, , , , , ,1,7,1, , , , , ,6,5,9,1,7,3,1,1.529424
1,96153612,6008,316,5,4,1,1,4, , , , , , , , , ,1,3, ,2,3,1,4, , , , ,1,1, , , , ,2, , , , ,7,5,1, , , , , ,4,3,1, , , , , ,5,5,12,2,1,1,2,.86437
1,96254788,1684,714,5,4,1,1,4, , , , , , , , , ,1,3, ,2,3,1,4,6, , , ,2, , , , , ,2, , , , ,7,5,1, , , , , ,7,6,1, , , , , ,6,2,10,3,5,5,2,.611664
2,96142780,7186,910,4,3,1,2,12, , , , , , , , , ,1,3, ,2,3,2,6, , , , ,2, , , , , ,2, , , , ,7,5,1, , , , , ,1,3,1, , , , , ,6,5,6,2,6,1,1,1.819101
2,96259236,9455,1199,4,3,1,1,13, , , , , , , , , ,1,3, ,2,3,1,4,6, , , ,2, , , , , ,2, , , , ,7,5,1, , , , , ,1,1,1, , , , , ,10,2,8,3,7,9,1,.829855
2,97222916,11789,1525,5,4,1,1,5,6, , , , , , , , ,1,3, ,2,3,1,6, , , , ,2, , , , , ,2, , , , ,7,5,1, , , , , ,8,1,1, , , , , ,9,3,11,2,1,5,2,.37844
3,96106759,12237,1594,5,4,1,1,9, , , , , , , , , ,1,3, ,2,3,1,4, , , , ,2, , , , , ,2, , , , ,7,5,1, , , , , ,9,9,1, , , , , ,11,1,13,2,1,4,1,.373086
3,96113894,12399,1632,5,4,1,2,12, , , , , , , , , ,1,3, ,2,3,1,3,65, , , ,2, , , , , ,2, , , , ,7,5,1, , , , , ,6,8,1, , , , , ,4,5,5,2,6,2,2,1.114927
3,96135946,12812,1692,5,4,1,1,4, , , , , , , , , ,1,3, ,2,3,1,6, , , , ,2, , , , , ,2, , , , ,7,5,1, , , , , ,8,7,1, , , , , ,6,5,3,2,8,4,1,.945707
3,96140533,12902,1711,5,4,1,2,4, , , , , , , , , ,1,3, ,2,3,1,6, , , , ,2, , , , , ,2, , , , ,7,5,1, , , , , ,9,9,1, , , , , ,6,4,9,2,8,4,1,.945707
3,96158182,13229,1755,5,4,1,1,9, , , , , , , , , ,1,2, , ,3,1,4,6, , , ,2, , , , , ,2, , , , ,7,5,6,2, , , , ,8,5,1, , , , , ,9,3,11,2,5,1,2,.349308
3,98103096,14972,1999,5,4,1,1,2, , , , , , , , , ,1,3, ,1,3,2,2, , , , ,1,1, , , , ,2, , , , ,7,5,5,4, , , , ,8,7,1, , , , , ,7,5,5,2,8,2,2,.509369
3,98213464,16998,2272,6,5,1,2,9, , , , , , , , , ,1,3, ,2,3,3,6, , , , ,2, , , , , ,2, , , , ,7,5,1, , , , , ,88,5,1, , , , , ,8,5,4,2,9,5,1,1.159703
3,98221865,17494,2351,6,5,1,1,4, , , , , , , , , ,1,3, ,2,3,1,4, , , , ,2, , , , , ,2, , , , ,7,5,1, , , , , ,5,7,1, , , , , ,6,4,5,2,6,6,2,.954229
3,98225091,17653,2369,5,4,1,1,4, , , , , , , , , ,1,3, ,2,3,1,4, , , , ,2, , , , , ,2, , , , ,7,5,1, , , , , ,1,1,1, , , , , ,6,4,5,1,8,5,2,.614503
4,99214887,22927,3098,6,5,1,1,2, , , , , , , , , ,1,3, ,2,3,2,3,4,6, , ,2, , , , , ,2, , , , ,7,5,1, , , , , ,1,10,1, , , , , ,9,5,6,2,8,12,1,.543097
1,96203200,4919,455,5,4,1, ,4, , , , , , , , , ,1,2, , ,3,3,2,6, , , ,2, , , , , ,2, , , , ,7,4,4,2,3, , , ,8,5,1, , , , , ,10,5,13,2,7,7,1,.511121
2,96113256,6438,791,5,4,1,1,9, , , , , , , , , ,1,2, , ,3,1,3,4,6, , ,2, , , , , ,2, , , , ,7,4,5,1,2,3, , ,8,8,1, , , , , ,6,4,4,3,6,2,1,1.147767
2,96150706,7372,940,5,4,1,1,9, , , , , , , , , ,1,3, ,2,3,1,6, , , , ,2, , , , , ,2, , , , ,7,4,1, , , , , ,8,9,1, , , , , ,3,5,12,1,2,1,1,1.780983
2,96234456,8875,1137,5,4,1,1,9, , , , , , , , , ,1,3, ,2,3,1,4, , , , ,2, , , , , ,2, , , , ,7,4,1, , , , , ,88,7,1, , , , , ,10,3,13,3,6,9,1,.513607
2,96238589,9003,1158,5,4,2, ,12, , , , , , , , , ,1,3, ,2,3,1,1,4, , , ,2, , , , , ,2, , , , ,7,4,3,3, , , , ,1,11,1, , , , , ,7,4,5,2,7,5,2,.539906
3,96208676,13746,1839,5,4,1,1,13, , , , , , , , , ,1,3, ,2,3,2,4, , , , ,2, , , , , ,2, , , , ,7,4,4,2,5, , , ,11,1,1, , , , , ,10,4,13,2,5,9,1,.406592
3,98210151,16798,2245,5,4,1,1,12, , , , , , , , , ,1,3, ,2,3,1,3, , , , ,2, , , , , ,2, , , , ,7,4,3,1,5, , , ,2,3,1, , , , , ,4,5,4,1,8,19,2,.963299
3,98217554,17241,2313,5,4,1,2,13, , , , , , , , , ,1,3, ,2,3,1,2, , , , ,2, , , , , ,2, , , , ,7,4,5,1, , , , ,11,7,1, , , , , ,7,3,11,2,5,4,2,.461432
4,99124689,21770,2937,5,4,1,2,13, , , , , , , , , ,1,3, ,2,3,2,1,3, , , ,1,2,4,6, , ,2, , , , ,7,4,4,1, , , , ,6,4,1, , , , , ,3,5,14,1,3,3,2,1.50271
4,99205055,22425,3019,5,4,1,1,13, , , , , , , , , ,1,3, ,2,3,1,1,2, , , ,2, , , , , ,2, , , , ,7,4,1, , , , , ,1,11,1, , , , , ,11,1,11,2,1,4,2,.443302
4,99223434,23336,3141,6,5,1,1,12, , , , , , , , , ,1,3, ,2,3,3,2,3,5, , ,2, , , , , ,2, , , , ,7,4,5,1, , , , ,88,5,1, , , , , ,3,5,4,1,6,5,1,2.080572
2,97205148,10913,1413,5,4,1,1,13, , , , , , , , , ,1,3, ,2,3,3,6, , , , ,2, , , , , ,2, , , , ,7,3,2,5, , , , ,8,10,1, , , , , ,5,5,4,2,7,6,2,1.154935
3,96212493,13817,1849,7,6,1,2,12, , , , , , , , , ,1,3, ,2,3,2,2,3, , , ,2, , , , , ,2, , , , ,7,3,1, , , , , ,88,4,1, , , , , ,11,3,11,2,8,19,2,.473709
2,97112331,10132,1298,7,6,1,2,2, , , , , , , , , ,1,3, ,2,3,3,2, , , , ,1,4, , , , ,2, , , , ,7,2,1, , , , , ,9,4,1, , , , , ,10,5,13,2,6,2,2,.521395
3,96209964,13769,1842,8,7,1,1,2, , , , , , , , , ,1,3, ,2,3,3,4, , , , ,2, , , , , ,2, , , , ,7,2,1, , , , , ,88,8,1, , , , , ,4,5,6,1,6,14,1,2.32235
1,96108435,1298,51,3,2,1,1,3, , , , , , , , , ,1,1,2, ,3,4, , , , , ,2, , , , , ,2, , , , ,7,0,1, , , , , ,1,2,1, , , , , ,8,3,13,2,4,2,2,1.126257
1,96117669,4307,105,6,5,1,1,12, , , , , , , , , ,1,3, ,2,3,4, , , , , ,1,2,3,4, , ,2, , , , ,7,0,11,1,3,4,5, ,1,5,1, , , , , ,6,6,3,2,10,3,1,1.24451
1,96120613,5808,129,7,6,1,1,4, , , , , , , , , ,1,2, , ,3,4, , , , , ,1,2,4, , , ,2, , , , ,7,0,1, , , , , ,10,7,1, , , , , ,8,3,13,2,3,1,2,.626826
1,96122029,2442,138,6,5,1,1,13, , , , , , , , , ,1,3, ,2,3,4, , , , , ,2, , , , , ,2, , , , ,7,0,1, , , , , ,88,9,1, , , , , ,9,2,9,2,5,4,2,.515092
1,96124032,4433,156,4,3,1,1,4, , , , , , , , , ,1,2, , ,3,4, , , , , ,1,1,2,4,5,6,2, , , , ,7,0,1, , , , , ,4,6,1, , , , , ,6,5,4,1,8,3,1,1.529424
1,96129785,5292,187,7,6,1,2,12, , , , , , , , , ,1,3, ,2,3,4, , , , , ,1,2,3,4, , ,2, , , , ,7,0,5,3,5, , , ,1,9,1, , , , , ,5,5,5,2,7,1,2,1.102242
1,96147453,2671,285,5,4,1,2,12, , , , , , , , , ,1,3, ,2,3,4, , , , , ,1,2, , , , ,2, , , , ,7,0,6,2, , , , ,9,1,1, , , , , ,8,2,11,2,1,4,2,.492086
1,96165712,5879,369,5,4,1,1,9, , , , , , , , , ,1,1,2, ,3,4, , , , , ,2, , , , , ,2, , , , ,7,0,1, , , , , ,1,8,1, , , , , ,11,1,11,4,2,1,2,.431053
1,96169517,5489,390,5,4,1,1,12, , , , , , , , , ,1,1,2, ,3,4, , , , , ,1,1,2,3,5,6,2, , , , ,7,0,1, , , , , ,7,5,1, , , , , ,3,6,14,1,6,1,1,1.359596
1,96172535,2209,410,5,4,1,1,12, , , , , , , , , ,1,3, ,2,3,4, , , , , ,1,2,4,6, , ,2, , , , ,7,0,3,3, , , , ,88,88,1, , , , , ,4,6,4,1,7,4,1,.932043
1,96201929,160,445,4,3,1,1,1, , , , , , , , , ,1,2, , ,3,4, , , , , ,1,2,3,4, , ,2, , , , ,7,0,3,3,5, , , ,6,3,1, , , , , ,6,4,12,2,8,6,1,1.531527
1,96208112,1777,482,5,4,1,1,4, , , , , , , , , ,1,3, ,2,3,4, , , , , ,1,2,4, , , ,2, , , , ,7,0,1, , , , , ,11,9,1, , , , , ,11,3,11,2,4,5,2,.4318
2,96102471,6129,749,5,4,1,1,12, , , , , , , , , ,1,3, ,2,3,4, , , , , ,1,2,4, , , ,2, , , , ,7,0,1, , , , , ,1,3,1, , , , , ,8,3,2,2,8,3,2,.53482
2,96103660,6160,753,5,4,1,1,12, , , , , , , , , ,1,3, ,2,3,4, , , , , ,2, , , , , ,2, , , , ,7,0,1, , , , , ,7,9,1, , , , , ,7,4,4,2,6,3,1,.839583
2,96108800,6317,774,3,2,1,2,1, , , , , , , , , ,1,3, ,2,3,4, , , , , ,1,2,4, , , ,2, , , , ,7,0,6,2, , , , ,8,88,1, , , , , ,6,5,11,2,1,10,2,1.220085
2,96113621,6447,793,5,4,1,1,13, , , , , , , , , ,1,3, ,2,3,4, , , , , ,1,2,4, , , ,2, , , , ,7,0,1, , , , , ,1,10,1, , , , , ,3,6,14,1,1,10,2,.998613
2,96172535,7842,1007,5,4,1,1,9, , , , , , , , , ,1,1,4, ,3,4, , , , , ,1,2,4, , , ,2, , , , ,7,0,3,3, , , , ,6,8,1, , , , , ,4,6,4,1,8,4,1,1.28444
2,96176303,7911,1015,5,4,1,2,12, , , , , , , , , ,1,3, ,2,3,4, , , , , ,1,2,4,6, , ,2, , , , ,7,0,1, , , , , ,4,9,1, , , , , ,6,6,4,2,7,4,1,1.100323
2,96178430,7940,1018,8,7,1,1,12, , , , , , , , , ,1,3, ,2,3,4, , , , , ,2, , , , , ,2, , , , ,7,0,3,4,5, , , ,9,8,1, , , , , ,10,5,13,2,7,4,2,.499843
2,96201929,8003,1026,5,4,1,1,1, , , , , , , , , ,1,3, ,2,3,4, , , , , ,1,2,3,4,5, ,2, , , , ,7,0,1, , , , , ,6,4,1, , , , , ,6,4,9,2,8,6,1,1.133368
2,96203770,8053,1030,6,5,1,1,13, , , , , , , , , ,1,3, ,2,3,4, , , , , ,2, , , , , ,2, , , , ,7,0,1, , , , , ,1,7,1, , , , , ,7,3,11,2,2,6,2,.718586
2,97100633,9522,1211,6,5,1,2,4, , , , , , , , , ,1,3, ,2,3,4, , , , , ,1,2, , , , ,2, , , , ,7,0,1, , , , , ,7,3,1, , , , , ,6,5,11,2,2,2,2,.962749
2,97102931,9668,1231,3,2,1,1,3, , , , , , , , , ,1,2, , ,3,4, , , , , ,1,2,4,6, , ,2, , , , ,7,0,1, , , , , ,1,7,1, , , , , ,2,2,14,1,2,1,2,5.683626
2,97111510,10092,1290,7,6,1,1,4, , , , , , , , , ,1,1,3, ,3,4, , , , , ,1,2,4,6, , ,2, , , , ,7,0,1, , , , , ,8,5,1, , , , , ,6,5,5,1,6,2,1,1.504743
2,97117821,10411,1335,5,4,1,1,12, , , , , , , , , ,1,1,3, ,3,4, , , , , ,1,2,4,6,7, ,2, , , , ,7,0,1, , , , , ,8,9,1, , , , , ,5,3,5,2,6,1,2,1.147287
2,97118455,10443,1342,5,4,1,2,12, , , , , , , , , ,1,3, ,2,3,4, , , , , ,2, , , , , ,1,2,4, , ,7,0,1, , , , , ,8,8,1, , , , , ,6,4,4,1,6,1,1,1.125862
2,97214154,11371,1472,6,5,1,1,13, , , , , , , , , ,1,3, ,2,3,4, , , , , ,1,2,4,6, , ,2, , , , ,7,0,8,1, , , , ,1,13,1, , , , , ,8,4,11,2,7,4,2,.697634
3,96102865,12155,1579,7,6,1,1,12, , , , , , , , , ,1,3, ,1,3,4, , , , , ,1,2,4, , , ,2, , , , ,7,0,3,2,5, , , ,9,6,1, , , , , ,3,5,12,1,2,1,1,2.714554
3,96144625,12983,1715,6,5,1,1,12, , , , , , , , , ,1,3, ,2,3,4, , , , , ,1,2,4,5, , ,2, , , , ,7,0,1, , , , , ,11,11,1, , , , , ,10,1,13,4,5,4,2,.493706
3,96144660,12985,1716,10,9,1,1,12, , , , , , , , , ,1,3, ,1,3,4, , , , , ,2, , , , , ,2, , , , ,7,0,4,1,4, , , ,7,4,1, , , , , ,6,5,1,2,9,1,1,1.116904
3,96169830,13420,1783,7,6,1,2,12, , , , , , , , , ,1,3, ,2,3,4, , , , , ,1,2,3,4,6,7,2, , , , ,7,0,1, , , , , ,9,10,1, , , , , ,5,5,6,1,9,4,1,2.116741
3,96243017,14496,1936,8,7,1,1,12, , , , , , , , , ,1,3, ,2,3,4, , , , , ,1,2,3,4,5, ,2, , , , ,7,0,1, , , , , ,88,7,1, , , , , ,10,2,11,2,5,5,2,.502917
3,98123204,16005,2136,20,19,1,2,2, , , , , , , , , ,1,3, ,2,3,4, , , , , ,1,2, , , , ,2, , , , ,7,0,1, , , , , ,9,3,1, , , , , ,11,3,11,4,2,2,2,.632018
3,98212458,16937,2262,5,4,1,2,12, , , , , , , , , ,1,3, ,2,3,4, , , , , ,2, , , , , ,2, , , , ,7,0,1, , , , , ,7,88,1, , , , , ,8,3,11,2,5,4,2,.461432
3,98215182,17104,2289,8,7,1,1,9, , , , , , , , , ,1,3, ,2,3,4, , , , , ,2, , , , , ,2, , , , ,7,0,1, , , , , ,9,1,1, , , , , ,11,3,11,2,2,7,2,.505559
4,96113256,18380,2468,5,4,1,1,12, , , , , , , , , ,1,3, ,2,3,4, , , , , ,2, , , , , ,2, , , , ,7,0,1, , , , , ,8,7,1, , , , , ,6,4,4,3,6,2,1,1.225738
4,96134627,18735,2519,7,6,1,1,13, , , , , , , , , ,1,3, ,2,3,4, , , , , ,1,2,4,6,65, ,2, , , , ,7,0,5,2, , , , ,9,4,1, , , , , ,5,5,3,1,8,1,1,1.860664
4,96164079,19215,2597,6,5,1,2,12, , , , , , , , , ,1,2, , ,3,4, , , , , ,1,2,3,4,5,6,2, , , , ,7,0,1, , , , , ,9,10,1, , , , , ,8,3,9,2,6,10,2,.658645
4,96175141,19365,2621,5,4,1,1,12, , , , , , , , , ,1,2, , ,3,4, , , , , ,1,2,3,4,6, ,2, , , , ,7,0,1, , , , , ,8,11,1, , , , , ,5,5,5,1,6,4,2,1.304669
4,96250174,20355,2742,5,4,1,2,12, , , , , , , , , ,1,3, ,2,3,4, , , , , ,1,2,3,4, , ,2, , , , ,7,0,1, , , , , ,9,7,1, , , , , ,9,5,3,2,4,19,2,.415525
4,99102866,20672,2791,4,3,1,1,13, , , , , , , , , ,1,3, ,2,3,4, , , , , ,1,3, , , , ,2, , , , ,7,0,1, , , , , ,5,6,1, , , , , ,5,6,5,1,6,1,2,2.459511
4,99112691,21170,2849,8,7,1,1,12, , , , , , , , , ,1,2, , ,3,4, , , , , ,1,2,4, , , ,2, , , , ,7,0,4,2,3,5, , ,5,6,1, , , , , ,5,6,3,1,9,2,1,1.965598
4,99204830,22414,3017,2,1,3, ,2, , , , , , , , , ,1,2, , ,3,4, , , , , ,1,6,65, , , ,2, , , , ,7,0,2,5, , , , ,1,2,1, , , , , ,2,3,14,1,1,21,1,4.9029
4,99226652,23481,3163,8,7,1,1,4, , , , , , , , , ,1,3, ,2,3,4, , , , , ,1,4,5, , , ,2, , , , ,7,0,10,2,3, , , ,3,5,1, , , , , ,8,3,5,2,6,4,2,.655622
1,96107045,2502,38,5,4,1,1,5, , , , , , , , , ,1,3, ,2,3,1,6, , , , ,2, , , , , ,2, , , , ,6,6,1, , , , , ,7,1,1, , , , , ,11,1,13,4,4,4,2,.431521
1,96222473,353,567,5,4,1,2,9, , , , , , , , , ,1,3, ,2,3,3,6, , , , ,2, , , , , ,2, , , , ,6,6,1, , , , , ,4,3,1, , , , , ,6,4,11,2,6,6,2,.61113
2,96126893,6793,846,5,4,1,1,9, , , , , , , , , ,1,3, ,2,3,1,4, , , , ,2, , , , , ,2, , , , ,6,6,1, , , , , ,1,1,1, , , , , ,11,2,11,2,2,1,2,.433887
2,96228792,8717,1119,5,4,1,2,9, , , , , , , , , ,1,3, ,2,3,1,4, , , , ,2, , , , , ,2, , , , ,6,6,1, , , , , ,1,4,1, , , , , ,11,2,13,2,8,6,1,.49611
3,98221563,17479,2346,5,4,1,1,4, , , , , , , , , ,1,3, ,2,3,1,4, , , , ,2, , , , , ,2, , , , ,6,6,1, , , , , ,1,5,1, , , , , ,11,4,11,2,2,4,2,.331401
4,96202187,19455,2630,5,4,1,1,9, , , , , , , , , ,1,3, ,2,3,1,6, , , , ,2, , , , , ,2, , , , ,6,6,1, , , , , ,1,88,1, , , , , ,11,3,13,2,6,5,2,.443323
4,99102325,20642,2788,5,4,1,1,4, , , , , , , , , ,1,3, ,2,3,1,6, , , , ,2, , , , , ,2, , , , ,6,6,1, , , , , ,1,3,1, , , , , ,8,3,11,2,3,1,2,.513854
4,99115220,21298,2873,8,7,3, ,2, , , , , , , , , ,1,3, ,2,3,2,6, , , , ,2, , , , , ,2, , , , ,6,6,1, , , , , ,7,3,1, , , , , ,8,2,8,2,8,2,2,.693629
1,96133713,5093,205,5,4,1,1,9, , , , , , , , , ,1,3, ,2,3,1,4,6, , , ,2, , , , , ,2, , , , ,6,5,1, , , , , ,1,3,1, , , , , ,8,5,1,2,9,1,2,.491552
1,96260990,4127,735,6,5,1,1,9, , , , , , , , , ,1,3, ,2,3,1,2, , , , ,2, , , , , ,2, , , , ,6,5,1, , , , , ,9,1,1, , , , , ,10,2,11,2,3,9,2,.506234
2,96208823,8193,1053,5,4,1,1,9, , , , , , , , , ,1,1,3, ,3,1,5, , , , ,2, , , , , ,2, , , , ,6,5,4,1, , , , ,8,9,1, , , , , ,7,5,6,2,5,9,1,.834171
2,96234941,8891,1142,8,7,1,1,2, , , , , , , , , ,1,3, ,2,3,1,1,3,4, , ,2, , , , , ,2, , , , ,6,5,1, , , , , ,9,10,1, , , , , ,9,2,2,4,8,15,2,.551585
2,97105902,9821,1257,6,5,1,2,5, , , , , , , , , ,1,3, ,2,3,1,6, , , , ,2, , , , , ,2, , , , ,6,5,1, , , , , ,11,3,1, , , , , ,10,2,13,2,1,1,1,.689961
2,97113716,10200,1308,5,4,1,1,4, , , , , , , , , ,1,3, ,2,3,1,6, , , , ,2, , , , , ,2, , , , ,6,5,1, , , , , ,1,1,1, , , , , ,3,5,14,1,2,3,1,1.749377
2,97219443,11623,1499,8,7,1,2,9, , , , , , , , , ,1,3, ,2,3,1,3, , , , ,2, , , , , ,2, , , , ,6,5,1, , , , , ,8,2,1, , , , , ,11,6,13,2,5,6,1,.65041
3,96106989,12243,1596,5,4,1,1,5, , , , , , , , , ,1,3, ,2,3,1,4, , , , ,2, , , , , ,2, , , , ,6,5,1, , , , , ,1,3,1, , , , , ,11,2,11,4,2,1,2,.347326
3,96128876,12686,1672,5,4,1,2,13, , , , , , , , , ,1,3, ,2,3,1,6, , , , ,2, , , , , ,2, , , , ,6,5,1, , , , , ,9,9,1, , , , , ,9,2,8,3,5,2,1,.505461
3,96146772,13022,1722,6,5,1,2,8, , , , , , , , , ,1,3, ,2,3,1,4, , , , ,2, , , , , ,2, , , , ,6,5,1, , , , , ,1,7,1, , , , , ,6,5,11,2,4,3,2,.96618
3,96203477,13626,1818,5,4,1,1,5, , , , , , , , , ,1,2, , ,3,1,3, , , , ,2, , , , , ,2, , , , ,6,5,1, , , , , ,1,9,1, , , , , ,11,4,13,2,4,9,1,.37302
3,98202529,16409,2195,5,4,1,2,9, , , , , , , , , ,1,3, ,2,3,1,2,4, , , ,2, , , , , ,2, , , , ,6,5,2,1,5, , , ,1,1,1, , , , , ,11,3,13,4,4,4,2,.331401
3,98208354,16698,2232,5,4,1,1,9, , , , , , , , , ,1,3, ,2,3,3,4, , , , ,2, , , , , ,2, , , , ,6,5,9,1,5, , , ,1,10,1, , , , , ,4,4,4,1,5,4,1,1.437551
3,98211502,16876,2254,4,3,2, ,12, , , , , , , , , ,1,2, , ,3,3,4, , , , ,2, , , , , ,2, , , , ,6,5,2,3, , , , ,1,8,1, , , , , ,11,3,11,2,2,4,2,.546614
3,98227069,17750,2384,4,3,2, ,12, , , , , , , , , ,1,3, ,2,3,2,5,6, , , ,1,1, , , , ,2, , , , ,6,5,1, , , , , ,88,10,1, , , , , ,6,5,5,2,7,6,1,1.646351
4,96237656,20144,2727,5,4,3, ,2, , , , , , , , , ,1,3, ,2,3,2,6, , , , ,2, , , , , ,2, , , , ,6,5,1, , , , , ,1,9,1, , , , , ,11,1,13,2,4,22,1,.037208
4,99238478,24073,3247,5,4,1,1,13, , , , , , , , , ,1,3, ,2,3,1,6, , , , ,2, , , , , ,2, , , , ,6,5,1, , , , , ,1,11,1, , , , , ,11,1,11,4,4,22,2,.044659
1,96216598,5215,522,5,4,1,2,9, , , , , , , , , ,1,3, ,2,3,2,6, , , , ,2, , , , , ,2, , , , ,6,4,1, , , , , ,1,4,1, , , , , ,3,5,3,1,8,1,1,1.359596
1,96260360,17,733,8,7,3, ,2, , , , , , , , , ,1,3, ,2,3,1,6, , , , ,2, , , , , ,2, , , , ,6,4,1, , , , , ,1,1,1, , , , , ,6,5,5,1,7,22,2,.094953
2,96130310,6874,862,5,4,1,2,13, , , , , , , , , ,1,3, ,1,3,1,2,3,4, , ,2, , , , , ,2, , , , ,6,4,1, , , , , ,1,1,1, , , , , ,11,1,13,2,5,10,1,.454231
2,96151142,7384,942,6,5,1,1,4, , , , , , , , , ,1,3, ,2,3,1,3, , , , ,2, , , , , ,2, , , , ,6,4,1, , , , , ,1,4,1, , , , , ,6,3,11,3,5,4,2,.922952
2,96156577,7505,957,5,4,1,2,13, , , , , , , , , ,1,3, ,2,3,1,1,2,3, , ,2, , , , , ,2, , , , ,6,4,1, , , , , ,10,10,1, , , , , ,6,5,11,2,8,4,2,.703996
2,96227355,8679,1114,5,4,1,2,13, , , , , , , , , ,1,3, ,2,3,1,2, , , , ,2, , , , , ,2, , , , ,6,4,1, , , , , ,8,2,1, , , , , ,9,3,6,2,9,6,1,.581145
2,97116836,10359,1328,5,4,1,2,13, , , , , , , , , ,1,3, ,2,3,1,6, , , , ,2, , , , , ,2, , , , ,6,4,1, , , , , ,7,1,1, , , , , ,6,3,5,1,6,1,2,.720337
3,96107451,12257,1598,5,4,1,2,13, , , , , , , , , ,1,3, ,2,3,1,3,4,5, , ,1,6, , , , ,2, , , , ,6,4,1, , , , , ,1,5,1, , , , , ,8,4,6,2,6,4,2,.461432
3,96218545,13949,1867,5,4,1,2,9, , , , , , , , , ,1,3, ,2,3,1,3,4, , , ,2, , , , , ,2, , , , ,6,4,1, , , , , ,1,1,1, , , , , ,11,4,10,2,6,5,2,.337584
3,98116832,15662,2092,5,4,1,1,4, , , , , , , , , ,1,3, ,2,3,1,2, , , , ,2, , , , , ,2, , , , ,6,4,1, , , , , ,9,8,1, , , , , ,11,3,11,4,6,1,2,.347326
4,96139162,18815,2533,5,4,3, ,2, , , , , , , , , ,1,3, ,2,3,2,6, , , , ,2, , , , , ,2, , , , ,6,4,1, , , , , ,9,1,1, , , , , ,10,5,13,2,7,3,2,.415433
4,96148149,18952,2555,4,3,1,1,9, , , , , , , , , ,1,3, ,2,3,1,3, , , , ,2, , , , , ,2, , , , ,6,4,1, , , , , ,9,9,1, , , , , ,9,3,11,2,5,3,2,.779816
4,99219710,23153,3121,5,4,1,2,13, , , , , , , , , ,1,3, ,2,3,1,3, , , , ,2, , , , , ,2, , , , ,6,4,1, , , , , ,7,5,1, , , , , ,9,2,6,2,4,6,2,.442403
2,96236872,8952,1147,5,4,1,2,9, , , , , , , , , ,1,3, ,2,3,3,1,3, , , ,2, , , , , ,2, , , , ,6,3,1, , , , , ,1,7,1, , , , , ,8,4,5,2,7,9,2,.531373
3,96177455,13533,1807,5,4,1,1,12, , , , , , , , , ,1,3, ,2,3,2,2, , , , ,2, , , , , ,2, , , , ,6,3,1, , , , , ,1,3,1, , , , , ,10,3,13,2,4,4,1,.406663
3,96226685,14123,1893,5,4,1,1,7, , , , , , , , , ,1,3, ,2,3,2,3, , , , ,1,2, , , , ,1,4, , , ,6,3,2,1, , , , ,8,11,1, , , , , ,5,5,6,1,8,6,2,.945489
2,96178875,7949,1021,7,6,1,1,5, , , , , , , , , ,1,3, ,2,3,3,4, , , , ,2, , , , , ,2, , , , ,6,2,1, , , , , ,1,6,1, , , , , ,6,5,5,2,7,2,2,.962749
2,96227931,8698,1116,12,11,1,2,2,3, , , , , , , , ,1,3, ,2,3,3,3, , , , ,2, , , , , ,2, , , , ,6,2,4,4, , , , ,1,3,1, , , , , ,6,3,9,4,7,6,2,.873952
3,98231677,17973,2414,6,5,3, ,2, , , , , , , , , ,1,3, ,2,3,3,4, , , , ,2, , , , , ,2, , , , ,6,1,1, , , , , ,3,10,1, , , , , ,5,5,11,2,1,4,2,1.34257
1,96102330,5526,12,5,4,1,1,12, , , , , , , , , ,1,3, ,2,3,4, , , , , ,2, , , , , ,2, , , , ,6,0,1, , , , , ,7,4,1, , , , , ,5,5,5,1,6,1,2,.86437
1,96103239,4602,19,6,5,1,1,12, , , , , , , , , ,1,3, ,2,3,4, , , , , ,1,2,3,4,5, ,2, , , , ,6,0,2,3, , , , ,5,9,1, , , , , ,5,5,5,1,6,3,2,1.101674
1,96107781,4663,45,5,4,1,1,12, , , , , , , , , ,1,3, ,1,3,4, , , , , ,1,2,4,6, , ,2, , , , ,6,0,1, , , , , ,10,3,1, , , , , ,6,5,11,2,5,3,2,.610291
1,96163174,1252,354,5,4,1,1,5, , , , , , , , , ,1,1,5, ,3,4, , , , , ,1,2,3,4, , ,2, , , , ,6,0,1, , , , , ,7,4,1, , , , , ,10,2,11,2,5,2,2,.403529
1,96172974,1064,413,6,5,1,1,4, , , , , , , , , ,1,3, ,2,3,4, , , , , ,1,1,2,4,5,6,2, , , , ,6,0,1, , , , , ,1,5,1, , , , , ,4,6,5,1,7,2,1,1.190946
1,96174792,1080,421,7,6,1,1,12, , , , , , , , , ,1,3, ,2,3,4, , , , , ,1,2,3,4, , ,2, , , , ,6,0,2,3, , , , ,8,8,1, , , , , ,3,5,3,1,7,2,2,1.385247
1,96259822,3561,730,5,4,1,2,9, , , , , , , , , ,1,3, ,2,3,4, , , , , ,2, , , , , ,2, , , , ,6,0,1, , , , , ,88,88,1, , , , , ,7,3,11,2,1,12,2,.491993
2,96105764,6230,761,4,3,2, ,12, , , , , , , , , ,1,2, , ,3,1,6, , , , ,2, , , , , ,2, , , , ,6,0,1, , , , , ,1,1,1, , , , , ,11,1,11,2,1,1,2,.701049
2,96119868,6589,820,4,3,2, ,12, , , , , , , , , ,1,3, ,2,3,4, , , , , ,2, , , , , ,2, , , , ,6,0,1, , , , , ,1,4,1, , , , , ,11,1,11,4,2,1,2,.701049
2,96136050,7016,883,5,4,1,1,12, , , , , , , , , ,1,3, ,2,3,4, , , , , ,1,2,3,4, , ,2, , , , ,6,0,1, , , , , ,8,5,1, , , , , ,11,2,11,4,5,1,2,.433887
2,96148139,7308,927,4,3,1,1,12, , , , , , , , , ,1,2, , ,3,4, , , , , ,1,2,4, , , ,2, , , , ,6,0,1, , , , , ,88,3,1, , , , , ,10,2,11,2,4,3,2,.619134
2,96224582,8601,1105,4,3,1,2,12, , , , , , , , , ,1,1,4, ,3,4, , , , , ,2, , , , , ,2, , , , ,6,0,9,1,5, , , ,10,7,1, , , , , ,5,5,3,1,7,7,2,1.833985
2,96231683,8791,1124,7,6,1,1,12, , , , , , , , , ,1,3, ,2,3,4, , , , , ,1,3,6, , , ,2, , , , ,6,0,1, , , , , ,1,1,1, , , , , ,4,5,5,1,5,5,2,1.080746
2,96242011,9096,1168,6,5,1,1,9, , , , , , , , , ,1,3, ,2,3,4, , , , , ,1,2,4, , , ,2, , , , ,6,0,7,2,3,5, , ,9,6,1, , , , , ,7,3,8,2,6,7,1,1.108666
2,96251372,9301,1186,5,4,1,1,12, , , , , , , , , ,1,2, , ,3,4, , , , , ,1,2,4,6,7, ,2, , , , ,6,0,1, , , , , ,4,3,1, , , , , ,6,5,4,1,7,6,1,1.133368
2,97102299,9629,1221,4,3,1,1,12, , , , , , , , , ,1,1,3, ,3,4, , , , , ,2, , , , , ,2, , , , ,6,0,1, , , , , ,11,5,1, , , , , ,9,6,5,2,9,3,1,.916208
2,97211337,11236,1449,5,4,1,1,12, , , , , , , , , ,1,3, ,2,3,4, , , , , ,1,2,4,5,6, ,2, , , , ,6,0,7,1,2, , , ,8,8,1, , , , , ,7,3,6,2,4,4,2,.532132
2,97227516,11962,1553,6,5,1,1,12, , , , , , , , , ,1,3, ,2,3,4, , , , , ,1,2,4,5,6,7,2, , , , ,6,0,1, , , , , ,9,11,1, , , , , ,7,4,5,1,6,16,2,.723221
3,96108800,12294,1605,3,2,1,2,1, , , , , , , , , ,1,3, ,2,3,4, , , , , ,2, , , , , ,2, , , , ,6,0,8,1,4,5, , ,9,4,1, , , , , ,6,5,11,2,5,10,2,.77378
3,96230068,14198,1902,5,4,3, ,2, , , , , , , , , ,1,3, ,2,3,4, , , , , ,1,4,65, , , ,2, , , , ,6,0,1, , , , , ,1,7,1, , , , , ,9,5,13,1,7,5,2,.339511
3,98103861,15013,2005,5,4,1,1,12, , , , , , , , , ,1,3, ,2,3,4, , , , , ,1,2,4, , , ,2, , , , ,6,0,1, , , , , ,88,8,1, , , , , ,11,2,13,3,3,1,2,.347326
3,98106845,15152,2019,9,8,1,2,2, , , , , , , , , ,1,3, ,1,3,4, , , , , ,1,2,4, , , ,2, , , , ,6,0,8,2,3,4,5, ,9,7,1, , , , , ,11,4,13,2,8,10,2,.36549
3,98202521,16407,2194,4,3,1,1,1,3, , , , , , , , ,1,3, ,2,3,4, , , , , ,1,2,3,4,6, ,2, , , , ,6,0,1, , , , , ,9,4,1, , , , , ,7,5,5,2,7,6,2,.803293
3,98216528,17197,2303,8,7,1,1,2, , , , , , , , , ,1,3, ,2,3,4, , , , , ,1,2,6, , , ,2, , , , ,6,0,1, , , , , ,9,11,1, , , , , ,7,5,6,2,7,21,2,.76689
4,96111382,18347,2465,5,4,1,1,1,3, , , , , , , , ,1,3, ,2,3,4, , , , , ,1,2,4,6, , ,2, , , , ,6,0,1, , , , , ,1,8,1, , , , , ,5,5,5,1,7,4,2,1.304669
4,96137741,18785,2528,7,6,1,1,5, , , , , , , , , ,1,3, ,2,3,4, , , , , ,1,2, , , , ,2, , , , ,6,0,8,4, , , , ,1,4,1, , , , , ,10,1,11,2,2,2,2,.563698
4,96143598,18890,2542,5,4,1,1,12, , , , , , , , , ,1,3, ,2,3,4, , , , , ,1,2,4,6, , ,2, , , , ,6,0,2,5, , , , ,10,6,1, , , , , ,6,5,11,2,1,10,2,.968368
4,96163895,19213,2596,7,6,1,1,4, , , , , , , , , ,1,3, ,2,3,4, , , , , ,2, , , , , ,2, , , , ,6,0,1, , , , , ,12,11,1, , , , , ,8,5,2,2,8,4,2,.655622
4,96230068,19986,2709,5,4,1,2,2, , , , , , , , , ,1,3, ,2,3,4, , , , , ,1,2,4,6, , ,2, , , , ,6,0,1, , , , , ,1,13,1, , , , , ,9,5,13,1,8,5,2,.415837
4,96240818,20206,2730,7,6,1,1,9, , , , , , , , , ,1,3, ,2,3,4, , , , , ,1,2, , , , ,2, , , , ,6,0,9,4, , , , ,1,10,1, , , , , ,7,3,6,4,6,11,2,.627473
4,99104112,20734,2799,5,4,1,1,12, , , , , , , , , ,1,3, ,2,3,4, , , , , ,1,2,4,6, , ,2, , , , ,6,0,1, , , , , ,9,7,1, , , , , ,5,5,6,1,7,2,1,1.538275
4,99116176,21343,2882,6,5,1,1,4, , , , , , , , , ,1,3, ,2,3,4, , , , , ,2, , , , , ,2, , , , ,6,0,1, , , , , ,1,88,1, , , , , ,10,3,13,2,5,10,1,.477988
4,99116489,21366,2886,6,5,1,1,2, , , , , , , , , ,1,3, ,2,3,4, , , , , ,1,2,4, , , ,2, , , , ,6,0,1, , , , , ,88,4,1, , , , , ,10,5,13,2,2,2,1,.503376
4,99122737,21677,2927,5,4,1,1,12, , , , , , , , , ,1,3, ,2,3,4, , , , , ,1,2,4,7, , ,2, , , , ,6,0,1, , , , , ,11,9,1, , , , , ,5,5,5,1,7,2,1,1.538275
4,99217354,23040,3109,7,6,1,1,5, , , , , , , , , ,1,3, ,2,3,4, , , , , ,1,2,4, , , ,2, , , , ,6,0,1, , , , , ,9,7,1, , , , , ,9,4,3,2,8,4,1,.559827
1,96207352,4938,477,5,4,1,1,12, , , , , , , , , ,1,3, ,2,3,2,4,6, , , ,2, , , , , ,2, , , , ,5,5,1, , , , , ,1,13,1, , , , , ,11,2,11,4,6,7,2,.432573
1,96241744,1692,664,6,5,1,2,9, , , , , , , , , ,1,3, ,2,3,1,3,4, , , ,2, , , , , ,2, , , , ,5,5,1, , , , , ,7,1,1, , , , , ,9,3,13,2,5,5,2,.515426
2,96158448,7555,964,5,4,3, ,2, , , , , , , , , ,1,3, ,2,3,1,6, , , , ,2, , , , , ,2, , , , ,5,5,1, , , , , ,8,2,1, , , , , ,9,3,13,4,5,1,1,.577297
2,96229509,8734,1121,5,4,1,2,13, , , , , , , , , ,1,3, ,2,3,1,6, , , , ,2, , , , , ,2, , , , ,5,5,1, , , , , ,9,9,1, , , , , ,11,3,11,4,3,6,2,.436779
3,96139162,12872,1706,5,4,3, ,2, , , , , , , , , ,1,3, ,2,3,2,6, , , , ,2, , , , , ,2, , , , ,5,5,8,2, , , , ,1,1,1, , , , , ,10,5,13,2,8,3,2,.352041
3,98206014,16579,2218,5,4,1,1,13, , , , , , , , , ,1,3, ,2,3,1,4, , , , ,2, , , , , ,2, , , , ,5,5,1, , , , , ,1,11,1, , , , , ,11,1,11,2,3,21,2,.367502
3,98210886,16840,2251,6,5,1,2,5, , , , , , , , , ,1,3, ,2,3,3,2, , , , ,2, , , , , ,2, , , , ,5,5,1, , , , , ,9,11,1, , , , , ,11,4,13,2,4,6,1,.590155
1,96176194,2249,430,8,7,1,1,2, , , , , , , , , ,1,3, ,2,3,3,4,5, , , ,2, , , , , ,2, , , , ,5,4,1, , , , , ,9,9,1, , , , , ,10,4,13,2,6,4,2,.513538
1,96221525,1747,561,5,4,3, ,2, , , , , , , , , ,1,3, ,2,3,1,3,4, , , ,2, , , , , ,2, , , , ,5,4,1, , , , , ,1,88,1, , , , , ,11,4,13,1,5,5,2,.4318
2,96101447,6096,744,5,4,1,2,9, , , , , , , , , ,1,3, ,2,3,1,4,6, , , ,1,6, , , , ,2, , , , ,5,4,1, , , , , ,5,6,1, , , , , ,5,5,3,1,8,4,2,1.121261
4,96130310,18665,2509,5,4,1,1,4, , , , , , , , , ,1,3, ,2,3,1,6, , , , ,2, , , , , ,2, , , , ,5,4,1, , , , , ,1,9,1, , , , , ,11,2,13,2,6,10,1,.371041
4,99116710,21380,2888,5,4,1,2,13, , , , , , , , , ,1,3, ,2,3,1,6, , , , ,2, , , , , ,2, , , , ,5,4,1, , , , , ,1,1,1, , , , , ,5,5,5,2,7,1,2,1.306613
4,99240205,24138,3256,3,2,1,1,12, , , , , , , , , ,1,3, ,2,3,1,4,6, , , ,2, , , , , ,2, , , , ,5,4,1, , , , , ,6,5,1, , , , , ,10,3,6,2,6,22,1,.090941
1,96213379,1937,500,7,6,1,1,4, , , , , , , , , ,1,3, ,2,3,3,2, , , , ,2, , , , , ,2, , , , ,5,3,5,4, , , , ,88,6,1, , , , , ,9,3,13,2,5,20,1,.718835
2,96110669,6373,781,6,5,1,2,9, , , , , , , , , ,1,3, ,2,3,1,3, , , , ,2, , , , , ,2, , , , ,5,3,1, , , , , ,6,6,1, , , , , ,4,5,11,2,3,1,2,1.089908
3,98112862,15476,2061,5,4,1,1,9, , , , , , , , , ,1,2, , ,3,1,1,3,4, , ,2, , , , , ,2, , , , ,5,3,1, , , , , ,1,5,1, , , , , ,8,3,8,2,7,1,1,.796129
4,96227608,19942,2703,5,4,1,2,13, , , , , , , , , ,1,3, ,2,3,1,1,2,3,4,6,2, , , , , ,2, , , , ,5,3,1, , , , , ,10,11,1, , , , , ,9,3,4,2,8,12,2,.403389
4,99126910,21857,2952,4,3,1,2,12, , , , , , , , , ,1,3, ,2,3,2,4, , , , ,2, , , , , ,2, , , , ,5,3,1, , , , , ,7,1,1, , , , , ,3,5,8,1,7,1,2,2.843379
4,99209276,22647,3057,4,3,3, ,2, , , , , , , , , ,1,3, ,2,3,2,4,6, , , ,2, , , , , ,2, , , , ,5,3,1, , , , , ,1,11,1, , , , , ,7,4,11,2,9,6,2,1.027569
1,96153476,5387,315,5,4,1,2,2, , , , , , , , , ,1,3, ,2,3,3,3, , , , ,1,1,4, , , ,2, , , , ,5,2,1, , , , , ,1,4,1, , , , , ,11,5,13,2,6,1,1,.504035
1,96208439,4073,483,5,4,1,1,12, , , , , , , , , ,1,3, ,2,3,3,2, , , , ,1,2,3,4, , ,2, , , , ,5,2,1, , , , , ,8,3,1, , , , , ,9,3,11,2,6,9,2,.398187
3,96170466,13427,1784,3,2,1,1,1, , , , , , , , , ,1,3, ,2,3,3,1,2,4, , ,2, , , , , ,2, , , , ,5,2,1, , , , , ,1,9,1, , , , , ,10,5,11,2,7,2,2,.476595
1,96103112,5221,17,3,2,1,1,3, , , , , , , , , ,1,2, , ,3,4, , , , , ,1,2,4, , , ,2, , , , ,5,0,1, , , , , ,8,5,1, , , , , ,9,5,13,4,7,1,2,.921624
1,96105771,1388,30,5,4,2, ,12, , , , , , , , , ,1,3, ,1,3,4, , , , , ,1,1,6,7, , ,2, , , , ,5,0,6,1,5, , , ,88,2,1, , , , , ,1,2,14,1,2,2,1,7.042099
1,96128286,5585,178,6,5,1,1,2, , , , , , , , , ,1,3, ,2,3,4, , , , , ,1,2,4, , , ,2, , , , ,5,0,1, , , , , ,7,3,1, , , , , ,10,5,13,2,5,1,1,.64949
1,96145355,813,272,7,6,1,2,12, , , , , , , , , ,1,3, ,2,3,4, , , , , ,1,2, , , , ,2, , , , ,5,0,4,4, , , , ,1,7,1, , , , , ,4,6,3,2,10,2,1,1.190946
1,96175141,2357,424,3,2,1,2,1, , , , , , , , , ,1,2, , ,3,4, , , , , ,1,2,4,6, , ,2, , , , ,5,0,1, , , , , ,7,88,1, , , , , ,5,5,5,1,6,4,2,1.976462
1,96239234,1455,650,8,7,1,2,2, , , , , , , , , ,1,3, ,2,3,4, , , , , ,1,2,4,6, , ,2, , , , ,5,0,1, , , , , ,1,12,1, , , , , ,9,4,2,2,9,5,1,.724096
1,96258726,3014,725,7,6,1,1,12, , , , , , , , , ,1,3, ,2,3,4, , , , , ,1,2,4, , , ,2, , , , ,5,0,1, , , , , ,7,8,1, , , , , ,8,6,6,2,8,15,1,1.013237
2,96130228,6872,861,5,4,1,1,12, , , , , , , , , ,1,2, , ,3,4, , , , , ,1,2,3,4,6, ,2, , , , ,5,0,1, , , , , ,8,3,1, , , , , ,7,4,6,2,10,1,1,.854752
2,96144064,7216,914,6,5,1,2,4, , , , , , , , , ,1,3, ,2,3,4, , , , , ,1,2,4, , , ,2, , , , ,5,0,1, , , , , ,9,9,1, , , , , ,6,3,6,1,6,2,2,.962749
2,96240818,9063,1164,4,3,1,2,1, , , , , , , , , ,1,2, , ,3,4, , , , , ,1,2,3,4, , ,2, , , , ,5,0,1, , , , , ,1,10,1, , , , , ,7,3,6,4,5,11,2,.853246
2,97120980,10561,1361,4,3,1,1,2, , , , , , , , , ,1,2, , ,3,4, , , , , ,1,2,4,6,7, ,2, , , , ,5,0,1, , , , , ,8,3,1, , , , , ,11,3,8,2,7,2,1,.811769
2,97216104,11465,1482,5,4,1,1,12, , , , , , , , , ,1,2, , ,3,4, , , , , ,1,1,2,3,6, ,2, , , , ,5,0,1, , , , , ,7,2,1, , , , , ,6,5,4,2,6,6,2,.725139
2,97223742,11829,1534,4,3,1,2,12, , , , , , , , , ,1,2, , ,3,4, , , , , ,1,3, , , , ,2, , , , ,5,0,4,2, , , , ,7,4,1, , , , , ,4,5,5,1,7,6,2,1.352192
3,96116148,12441,1637,3,2,1,1,12, , , , , , , , , ,1,2, , ,3,4, , , , , ,1,2,4, , , ,2, , , , ,5,0,8,1,3, , , ,1,3,1, , , , , ,7,3,11,2,2,1,2,.633822
3,96236965,14364,1918,5,4,1,1,12, , , , , , , , , ,1,3, ,2,3,4, , , , , ,1,2,4,6, , ,2, , , , ,5,0,1, , , , , ,9,9,1, , , , , ,9,3,5,2,9,4,2,.333292
3,98113372,15505,2066,4,3,1,1,3, , , , , , , , , ,1,3, ,1,3,4, , , , , ,2, , , , , ,2, , , , ,5,0,1, , , , , ,10,9,1, , , , , ,11,4,13,2,7,3,2,.58415
3,98200188,16286,2176,5,4,1,1,13, , , , , , , , , ,1,3, ,2,3,4, , , , , ,1,2,4,6, , ,2, , , , ,5,0,3,1,5, , , ,9,3,1, , , , , ,5,5,11,2,6,9,2,.895657
3,98228644,17838,2395,3,2,1,1,2, , , , , , , , , ,1,3, ,2,3,4, , , , , ,1,2,3,4,5,6,2, , , , ,5,0,1, , , , , ,8,8,1, , , , , ,8,3,6,2,4,4,2,.60476
3,98231516,17963,2411,3,2,1,2,1, , , , , , , , , ,1,2, , ,3,4, , , , , ,1,3,6, , , ,2, , , , ,5,0,5,2,5, , , ,1,8,1, , , , , ,5,5,5,1,6,5,2,1.195974
4,96139613,18821,2534,5,4,1,1,12, , , , , , , , , ,1,3, ,2,3,4, , , , , ,1,2,3,4,6, ,2, , , , ,5,0,1, , , , , ,7,4,1, , , , , ,5,5,5,2,6,3,2,1.299838
4,96223272,19861,2691,7,6,1,2,2, , , , , , , , , ,1,3, ,2,3,4, , , , , ,2, , , , , ,2, , , , ,5,0,1, , , , , ,9,3,1, , , , , ,9,5,2,1,10,6,1,.595622
4,96227027,19930,2699,9,8,1,2,9, , , , , , , , , ,1,3, ,2,3,4, , , , , ,1,2,4, , , ,2, , , , ,5,0,1, , , , , ,1,10,1, , , , , ,11,5,11,2,8,5,2,.607631
4,96227957,19953,2706,7,6,3, ,2, , , , , , , , , ,1,3, ,2,3,4, , , , , ,1,3,4,7,65, ,2, , , , ,5,0,1, , , , , ,7,14,1, , , , , ,7,6,2,2,9,22,1,.084243
4,99115530,21316,2877,5,4,1,1,12, , , , , , , , , ,1,2, , ,3,4, , , , , ,1,2,4,5,6,7,2, , , , ,5,0,1, , , , , ,1,1,1, , , , , ,8,4,11,2,3,3,2,.511189
4,99121481,21611,2920,5,4,1,1,12, , , , , , , , , ,1,2, , ,3,4, , , , , ,1,2,4,6,7, ,2, , , , ,5,0,1, , , , , ,8,7,1, , , , , ,6,6,4,1,9,2,2,1.019802
4,99212827,22833,3083,8,7,1,2,5, , , , , , , , , ,1,3, ,2,3,4, , , , , ,1,2,4,6, , ,2, , , , ,5,0,1, , , , , ,9,9,1, , , , , ,9,4,11,2,3,4,2,.531327
4,99230869,23716,3204,6,5,1,1,3, , , , , , , , , ,1,3, ,2,3,4, , , , , ,1,2,6, , , ,2, , , , ,5,0,1, , , , , ,1,7,1, , , , , ,11,5,11,4,10,4,2,.566448
3,96232772,14267,1911,5,4,1,2,4, , , , , , , , , ,1,3, ,2,3,1,6, , , , ,2, , , , , ,2, , , , ,4,4,1, , , , , ,1,1,1, , , , , ,3,5,6,1,6,13,1,1.622789
3,98104956,15075,2012,5,4,1,1,5, , , , , , , , , ,1,3, ,2,3,1,6, , , , ,2, , , , , ,2, , , , ,4,4,1, , , , , ,9,10,1, , , , , ,10,4,13,2,10,2,2,.363642
3,98232953,18024,2420,7,6,1,2,5,6, , , , , , , , ,1,3, ,2,3,1,4, , , , ,2, , , , , ,2, , , , ,4,4,4,1,2,3, , ,88,88,1, , , , , ,9,3,11,2,1,15,2,.554286
4,99118251,21452,2900,5,4,1,1,13, , , , , , , , , ,1,3, ,2,3,1,6, , , , ,2, , , , , ,2, , , , ,4,4,1, , , , , ,5,5,1, , , , , ,11,6,13,4,8,2,1,.390749
1,96100835,1186,5,5,4,1,2,2, , , , , , , , , ,1,3, ,2,3,1,4, , , , ,2, , , , , ,2, , , , ,4,3,1, , , , , ,1,4,1, , , , , ,6,6,4,1,6,2,2,.612507
1,96168494,2548,380,7,6,1,1,9, , , , , , , , , ,1,3, ,2,3,3,6, , , , ,2, , , , , ,2, , , , ,4,3,1, , , , , ,1,7,1, , , , , ,10,3,13,2,3,4,1,.650195
2,96127744,6814,851,3,2,1,2,3, , , , , , , , , ,1,3, ,2,3,2,3, , , , ,1,1,2,4, , ,2, , , , ,4,3,1, , , , , ,1,1,1, , , , , ,7,5,3,2,9,1,1,1.570762
2,97203752,10844,1402,5,4,1,1,5, , , , , , , , , ,1,3, ,2,3,1,6, , , , ,2, , , , , ,2, , , , ,4,3,1, , , , , ,1,1,1, , , , , ,3,5,6,1,5,4,1,1.740582
4,96154222,19064,2573,5,4,1,2,2, , , , , , , , , ,1,3, ,2,3,2,6, , , , ,2, , , , , ,2, , , , ,4,3,1, , , , , ,10,2,1, , , , , ,10,3,9,2,8,3,1,.370977
4,96250209,20357,2743,5,4,2, ,12, , , , , , , , , ,1,2, , ,3,1,2, , , , ,2, , , , , ,2, , , , ,4,3,1, , , , , ,1,1,1, , , , , ,5,5,11,2,3,14,2,1.340806
4,99105246,20803,2810,8,7,1,2,2, , , , , , , , , ,1,3, ,2,3,2,4,6, , , ,1,6, , , , ,2, , , , ,4,3,1, , , , , ,1,7,1, , , , , ,8,6,13,2,10,2,1,.884698
4,99215710,22963,3102,3,2,3, ,2, , , , , , , , , ,1,3, ,2,3,2,2,4, , , ,1,6, , , , ,2, , , , ,4,3,8,2, , , , ,1,1,1, , , , , ,7,3,3,2,9,6,1,1.687976
1,96108280,4695,49,5,4,1,1,8, , , , , , , , , ,1,3, ,2,3,3,6, , , , ,2, , , , , ,2, , , , ,4,1,1, , , , , ,1,1,1, , , , , ,3,5,14,1,5,3,1,1.358895
3,98204410,16498,2208,5,4,1,1,13, , , , , , , , , ,1,3, ,2,3,3,4,6, , , ,2, , , , , ,2, , , , ,4,1,1, , , , , ,88,88,1, , , , , ,10,1,11,2,2,4,2,.329419
3,98208398,16700,2233,5,4,1,1,4, , , , , , , , , ,1,3, ,1,3,3,2, , , , ,2, , , , , ,2, , , , ,4,1,5,1,5, , , ,88,88,1, , , , , ,2,3,14,1,1,4,1,2.768627
1,96107526,5558,43,6,5,1,2,13, , , , , , , , , ,1,3, ,2,3,4, , , , , ,2, , , , , ,2, , , , ,4,0,4,4,5, , , ,1,9,1, , , , , ,11,3,13,4,5,1,2,.549678
1,96134951,2886,216,5,4,1,1,13, , , , , , , , , ,1,2, , ,3,4, , , , , ,1,2,4, , , ,2, , , , ,4,0,1, , , , , ,1,1,1, , , , , ,3,5,14,1,3,18,2,1.072429
1,96137270,1243,231,4,3,1,1,2, , , , , , , , , ,1,3, ,2,3,4, , , , , ,2, , , , , ,2, , , , ,4,0,5,4, , , , ,9,8,1, , , , , ,7,5,11,2,5,2,2,.772728
1,96146470,5806,281,10,9,1,1,2, , , , , , , , , ,1,3, ,2,3,4, , , , , ,1,2, , , , ,2, , , , ,4,0,1, , , , , ,1,3,1, , , , , ,9,3,13,2,3,1,1,.795903
1,96163342,4641,355,6,5,1,1,10, , , , , , , , , ,1,3, ,2,3,4, , , , , ,2, , , , , ,2, , , , ,4,0,1, , , , , ,88,1,1, , , , , ,9,4,13,2,5,3,1,.722471
1,96179157,2365,437,4,3,1,2,12, , , , , , , , , ,1,3, ,2,3,4, , , , , ,1,2,4,6, , ,2, , , , ,4,0,1, , , , , ,7,8,1, , , , , ,3,5,5,1,6,4,2,1.698939
1,96202124,636,447,3,2,1,1,3, , , , , , , , , ,1,1,2, ,3,4, , , , , ,2, , , , , ,2, , , , ,4,0,1, , , , , ,1,4,1, , , , , ,10,3,11,2,3,6,2,.919632
1,96242771,4208,669,7,6,1,1,13, , , , , , , , , ,1,3, ,2,3,4, , , , , ,1,2,3,4, , ,2, , , , ,4,0,1, , , , , ,1,1,1, , , , , ,8,4,12,2,7,8,2,.630961
2,96103562,6156,751,6,5,1,2,13, , , , , , , , , ,1,3, ,2,3,4, , , , , ,1,2,3,4,6, ,2, , , , ,4,0,3,3, , , , ,5,2,1, , , , , ,6,6,3,2,10,2,1,1.504743
2,96111382,6388,784,4,3,1,2,13, , , , , , , , , ,1,2, , ,3,4, , , , , ,1,2,4,6, , ,2, , , , ,4,0,1, , , , , ,5,11,1, , , , , ,5,5,5,1,6,4,2,1.811667
2,96136895,7031,885,7,6,1,1,4, , , , , , , , , ,1,2, , ,3,4, , , , , ,1,6,7, , , ,2, , , , ,4,0,1, , , , , ,1,7,1, , , , , ,11,3,11,4,5,4,2,.55593
2,96217569,8409,1081,4,3,1,2,12, , , , , , , , , ,1,3, ,2,3,4, , , , , ,1,2,3,4,5,6,2, , , , ,4,0,1, , , , , ,7,4,1, , , , , ,4,5,5,1,6,15,2,1.48079
2,97103968,9721,1242,4,3,1,1,1,3, , , , , , , , ,1,3, ,2,3,4, , , , , ,1,2,3,4, , ,2, , , , ,4,0,1, , , , , ,1,4,1, , , , , ,5,5,6,2,8,3,2,1.82082
2,97220084,11657,1501,4,3,1,1,3, , , , , , , , , ,1,3, ,2,3,4, , , , , ,1,2,3,4,6, ,2, , , , ,4,0,3,5, , , , ,1,4,1, , , , , ,5,3,5,2,6,5,2,1.838135
2,97220369,11667,1502,4,3,1,2,13, , , , , , , , , ,1,3, ,2,3,4, , , , , ,2, , , , , ,2, , , , ,4,0,1, , , , , ,1,11,1, , , , , ,8,3,8,2,7,5,1,1.369447
2,97220863,11692,1504,5,4,1,1,2, , , , , , , , , ,1,1,4, ,3,4, , , , , ,1,2,4, , , ,2, , , , ,4,0,1, , , , , ,7,7,1, , , , , ,8,3,11,4,2,14,2,.544595
3,96123599,12581,1659,6,5,1,2,12, , , , , , , , , ,1,3, ,2,3,4, , , , , ,1,2,4, , , ,2, , , , ,4,0,1, , , , , ,1,3,1, , , , , ,8,3,11,2,7,3,2,.739044
3,96124167,12603,1661,5,4,3, ,2, , , , , , , , , ,1,3, ,2,3,4, , , , , ,1,3, , , , ,2, , , , ,4,0,1, , , , , ,7,2,1, , , , , ,6,5,5,1,6,18,2,.654315
3,96224728,14086,1888,2,1,3, ,2, , , , , , , , , ,1,2, , ,3,4, , , , , ,1,4, , , , ,2, , , , ,4,0,1, , , , , ,1,2,1, , , , , ,6,5,4,2,6,21,1,2.126503
3,98108922,15270,2039,6,5,1,1,12, , , , , , , , , ,1,3, ,2,3,4, , , , , ,1,2,4, , , ,2, , , , ,4,0,1, , , , , ,1,3,1, , , , , ,6,3,6,2,7,1,1,1.485455
3,98113040,15490,2064,4,4,1,1,13, , , , , , , , , ,1,3, ,1,3,4, , , , , ,2, , , , , ,2, , , , ,4,0,3,2, , , , ,1,2,1, , , , , ,2,4,14,1,3,3,2,2.026167
3,98231685,17974,2415,9,8,1,1,2, , , , , , , , , ,1,3, ,1,3,4, , , , , ,1,2,3,4,5,6,2, , , , ,4,0,1, , , , , ,88,3,1, , , , , ,2,5,14,1,3,4,2,2.13652
4,96121247,18498,2488,5,4,1,2,12, , , , , , , , , ,1,2, , ,3,4, , , , , ,1,2,4,5,7, ,2, , , , ,4,0,5,2, , , , ,5,5,1, , , , , ,7,5,4,2,6,1,2,.513854
4,96222957,19853,2688,5,4,1,1,12, , , , , , , , , ,1,3, ,2,3,4, , , , , ,1,4,7, , , ,2, , , , ,4,0,3,3, , , , ,7,9,1, , , , , ,6,5,7,2,7,7,1,1.230004
4,99101803,20613,2782,7,6,1,1,2, , , , , , , , , ,1,3, ,2,3,4, , , , , ,2, , , , , ,2, , , , ,4,0,1, , , , , ,1,2,1, , , , , ,10,5,4,2,10,1,2,.533605
4,99115925,21330,2880,5,4,1,1,12, , , , , , , , , ,1,3, ,2,3,4, , , , , ,1,2,4, , , ,2, , , , ,4,0,1, , , , , ,7,1,1, , , , , ,7,5,5,2,7,2,2,.542833
4,99207010,22534,3036,5,4,1,1,4, , , , , , , , , ,1,3, ,2,3,4, , , , , ,1,1,2,4, , ,2, , , , ,4,0,2,2, , , , ,8,2,1, , , , , ,6,5,5,1,7,6,2,1.025554
3,96108133,12273,1602,6,5,1,2,4, , , , , , , , , ,1,3, ,1,3,1,4, , , , ,2, , , , , ,2, , , , ,3,2,1, , , , , ,5,1,1, , , , , ,8,3,3,1,6,10,2,.676821
3,98216337,17188,2301,3,2,1,1,12, , , , , , , , , ,1,3, ,1,3,1,2,3, , , ,2, , , , , ,2, , , , ,3,2,1, , , , , ,4,2,1, , , , , ,2,3,14,1,1,4,1,3.628605
4,96252522,20398,2749,5,4,1,2,13, , , , , , , , , ,1,3, ,2,3,1,3,4,5, , ,2, , , , , ,2, , , , ,3,2,1, , , , , ,1,9,1, , , , , ,8,3,11,2,2,5,2,.513114
1,96124167,2854,158,4,3,1,1,2, , , , , , , , , ,1,3, ,2,3,4, , , , , ,1,4, , , , ,2, , , , ,3,0,1, , , , , ,5,2,1, , , , , ,6,5,5,1,6,18,2,.947625
1,96129565,5778,185,3,2,1,2,12, , , , , , , , , ,1,2, , ,3,4, , , , , ,1,2,3,4,6, ,2, , , , ,3,0,1, , , , , ,6,4,1, , , , , ,5,5,12,1,4,1,1,3.147663
1,96213643,3271,503,6,5,1,2,9, , , , , , , , , ,1,3, ,1,3,4, , , , , ,1,2,6, , , ,2, , , , ,3,0,5,1,5, , , ,88,4,1, , , , , ,2,3,14,1,1,14,1,4.02899
1,96258769,220,726,5,4,1,2,9, , , , , , , , , ,1,3, ,2,3,4, , , , , ,1,1,2,3,4,6,2, , , , ,3,0,3,4,5, , , ,3,3,1, , , , , ,4,5,1,1,8,6,2,.660641
2,96207095,8144,1043,7,6,1,2,60, , , , , , , , , ,1,3, ,2,3,4, , , , , ,1,2,4, , , ,2, , , , ,3,0,1, , , , , ,88,12,1, , , , , ,6,5,5,1,10,6,1,1.485866
3,96126219,12642,1667,4,3,1,2,4, , , , , , , , , ,1,3, ,1,3,4, , , , , ,1,2,4,6, , ,2, , , , ,3,0,1, , , , , ,1,1,1, , , , , ,3,5,6,1,6,2,2,2.969504
3,98112393,15448,2059,3,2,1,2,3, , , , , , , , , ,1,2, , ,3,4, , , , , ,1,2, , , , ,2, , , , ,3,0,3,4, , , , ,4,6,1, , , , , ,5,5,6,2,5,2,2,1.296039
3,98127417,16194,2164,6,5,1,1,2, , , , , , , , , ,1,2, , ,3,4, , , , , ,1,2,4, , , ,2, , , , ,3,0,8,4, , , , ,1,3,1, , , , , ,8,3,5,2,8,3,2,.739044
4,99223532,23346,3143,5,4,1,1,13, , , , , , , , , ,1,3, ,2,3,4, , , , , ,1,2,4, , , ,2, , , , ,3,0,1, , , , , ,88,10,1, , , , , ,10,3,13,2,5,14,1,.382669
2,96212874,8285,1067,3,2,3, ,2, , , , , , , , , ,1,3, ,2,3,1,2, , , , ,2, , , , , ,2, , , , ,2,2,1, , , , , ,1,1,1, , , , , ,6,3,11,2,3,21,2,1.106789
2,96243175,9129,1169,4,3,3, ,2, , , , , , , , , ,1,1,3, ,3,3,6, , , , ,1,4, , , , ,2, , , , ,2,1,1, , , , , ,1,3,1, , , , , ,9,4,11,2,5,22,2,.048561
1,96224728,45,578,4,3,3, ,2, , , , , , , , , ,1,1,2, ,3,4, , , , , ,1,4,6,3, , ,2, , , , ,2,0,1, , , , , ,1,3,1, , , , , ,6,5,4,2,6,21,1,1.542509
2,96212910,8286,1068,2,1,3, ,2, , , , , , , , , ,1,1,3, ,3,4, , , , , ,2, , , , , ,2, , , , ,2,0,1, , , , , ,1,3,1, , , , , ,7,5,4,2,9,22,1,.283576
2,96224141,8592,1103,5,4,3, ,2, , , , , , , , , ,1,3, ,2,3,4, , , , , ,2, , , , , ,2, , , , ,2,0,1, , , , , ,1,12,1, , , , , ,10,3,11,2,4,5,2,.386833
2,97103480,9695,1237,4,3,1,1,2, , , , , , , , , ,1,3, ,2,3,4, , , , , ,2, , , , , ,2, , , , ,2,0,1, , , , , ,1,4,1, , , , , ,6,5,6,1,6,3,2,1.143223
2,97212325,11281,1455,3,2,3, ,2, , , , , , , , , ,1,2, , ,3,4, , , , , ,2, , , , , ,2, , , , ,2,0,1, , , , , ,1,3,1, , , , , ,6,3,6,3,6,21,2,1.106789
3,98215986,17161,2298,3,2,1,2,4, , , , , , , , , ,1,3, ,2,3,4, , , , , ,1,2, , , , ,2, , , , ,2,0,4,1,2,5, , ,1,9,1, , , , , ,4,5,4,1,9,13,1,1.76915
4,96204250,19487,2635,2,1,3, ,2, , , , , , , , , ,1,3, ,2,3,4, , , , , ,2, , , , , ,2, , , , ,2,0,1, , , , , ,1,2,1, , , , , ,6,5,6,2,7,21,1,1.108061
4,99204210,22375,3012,2,1,3, ,2, , , , , , , , , ,1,2, , ,3,4, , , , , ,1,4, , , , ,2, , , , ,2,0,1, , , , , ,1,3,1, , , , , ,6,6,1,2,9,21,2,.921896
3,96204250,13641,1822,3,2,3, ,2, , , , , , , , , ,1,3, ,2,3,4, , , , , ,1,3,4,6, , ,2, , , , ,1,0,1, , , , , ,1,2,1, , , , , ,6,5,6,2,8,21,1,1.374479
3,96208099,13732,1836,3,2,3, ,2, , , , , , , , , ,1,3, ,2,3,4, , , , , ,1,2, , , , ,2, , , , ,1,0,5,4, , , , ,1,3,1, , , , , ,2,3,14,1,2,21,2,2.75558
3,96208099,13732,1837,2,1,3, ,2, , , , , , , , , ,1,2, , ,3,4, , , , , ,1,2, , , , ,2, , , , ,1,0,1, , , , , ,1,4,1, , , , , ,2,3,14,1,2,21,2,4.263253
4,96224728,19886,2697,2,1,3, ,2, , , , , , , , , ,1,3, ,2,3,4, , , , , ,1,65, , , , ,2, , , , ,1,0,1, , , , , ,1,4,1, , , , , ,6,5,4,2,6,21,1,1.108061
1,96238603,19,645,5,4,1,1,4, , , , , , , , , ,1,3, ,2,2,1,6, , , , ,2, , , , , ,2, , , , ,88,88,6,1,2, , , ,1,88,1, , , , , ,7,5,11,2,6,22,2,.059943
1,96251929,3364,704,4,3,1,1,9, , , , , , , , , ,1,3, ,2,2,1,6, , , , ,2, , , , , ,2, , , , ,88,88,1, , , , , ,5,1,1, , , , , ,6,3,9,2,4,13,2,.958568
2,97224824,11875,1544,5,4,1,1,9, , , , , , , , , ,1,3, ,2,2,1,6, , , , ,2, , , , , ,2, , , , ,88,88,1, , , , , ,7,88,1, , , , , ,6,5,5,2,6,12,2,.690008
4,99224697,23390,3149,4,3,1,1,3, , , , , , , , , ,1,3, ,2,2,2,2,6, , , ,1,3,6, , , ,2, , , , ,88,88,1, , , , , ,1,2,1, , , , , ,6,5,4,1,6,4,2,1.814445
1,96168968,796,385,7,6,1,1,7, , , , , , , , , ,1,1,2, ,2,1,6, , , , ,2, , , , , ,2, , , , ,22,21,1, , , , , ,14,88,1, , , , , ,7,5,4,2,10,2,1,1.019803
4,99233559,23847,3223,9,8,1,1,29, , , , , , , , , ,1,3, ,2,2,1,2,6, , , ,2, , , , , ,2, , , , ,22,15,1, , , , , ,11,1,1, , , , , ,7,6,3,2,9,4,1,.896975
2,97217368,11524,1486,12,10,1,2,62, , , , , , , , , ,1,3, ,2,2,1,1, , , , ,2, , , , , ,2, , , , ,21,17,1, , , , , ,1,8,1, , , , , ,7,5,1,2,8,6,1,1.037032
4,96214656,19683,2667,5,4,1,1,12, , , , , , , , , ,1,3, ,2,2,1,6, , , , ,2, , , , , ,2, , , , ,19,11,1, , , , , ,10,7,1, , , , , ,7,4,11,2,8,6,2,.545895
4,99221014,23219,3129,10,9,1,1,18,19,20, , , , , , , ,1,3, ,2,2,1,6, , , , ,2, , , , , ,2, , , , ,17,15,2,3, , , , ,1,1,1, , , , , ,6,6,4,2,9,4,1,1.587974
1,96129406,5021,183,6,5,1,1,12, , , , , , , , , ,1,3, ,2,2,1,6, , , , ,1,1, , , , ,2, , , , ,17,9,1, , , , , ,1,1,1, , , , , ,7,3,6,2,10,1,2,.626826
2,97223238,11807,1529,4,3,1,1,13, , , , , , , , , ,1,3, ,2,2,1,2, , , , ,2, , , , , ,2, , , , ,17,5,1, , , , , ,1,1,1, , , , , ,8,3,4,2,6,9,2,.85856
2,97108725,9954,1269,5,4,1,1,12, , , , , , , , , ,1,3, ,2,2,1,6, , , , ,2, , , , , ,2, , , , ,15,10,1, , , , , ,10,9,1, , , , , ,6,6,2,2,10,2,2,.734352
4,99104010,20729,2798,5,4,1,1,4, , , , , , , , , ,1,3, ,2,2,1,6, , , , ,2, , , , , ,2, , , , ,15,8,1, , , , , ,1,4,1, , , , , ,6,3,4,2,9,3,1,1.154285
2,97106526,9863,1260,5,4,1,1,12, , , , , , , , , ,1,2, , ,2,1,6, , , , ,1,6, , , , ,2, , , , ,15,6,1, , , , , ,1,88,1, , , , , ,4,6,4,1,6,2,1,1.339823
2,96179113,7958,1022,5,4,1,1,12, , , , , , , , , ,1,3, ,2,2,1,6, , , , ,2, , , , , ,2, , , , ,14,11,1, , , , , ,5,8,1, , , , , ,4,5,5,1,5,4,1,1.28444
2,96217061,8398,1080,5,4,1,1,12, , , , , , , , , ,1,3, ,2,2,1,1,6, , , ,2, , , , , ,2, , , , ,13,11,1, , , , , ,10,5,1, , , , , ,5,5,8,1,8,12,1,1.69895
2,97222680,11776,1518,5,4,1,1,12, , , , , , , , , ,1,3, ,2,2,1,6, , , , ,1,6, , , , ,2, , , , ,13,10,1, , , , , ,1,1,1, , , , , ,5,5,5,1,6,4,2,1.121261
4,96212227,19639,2659,6,5,1,2,12, , , , , , , , , ,1,3, ,2,2,3,6, , , , ,2, , , , , ,2, , , , ,13,7,1, , , , , ,9,9,1, , , , , ,8,4,5,2,8,11,2,.627473
4,96251716,20384,2746,5,4,1,1,12, , , , , , , , , ,1,3, ,2,2,1,6, , , , ,2, , , , , ,2, , , , ,12,11,3,2,5, , , ,1,10,1, , , , , ,6,5,4,2,9,14,1,1.190665
2,96204745,8086,1038,5,4,1,1,12, , , , , , , , , ,1,3, ,2,2,1,6, , , , ,2, , , , , ,2, , , , ,12,10,1, , , , , ,88,12,1, , , , , ,10,3,6,2,6,14,1,.526387
3,96121721,12530,1652,5,4,1,1,12, , , , , , , , , ,1,3, ,1,2,1,4,6, , , ,2, , , , , ,2, , , , ,12,10,6,2,3, , , ,7,1,1, , , , , ,3,5,12,1,2,4,1,1.728207
4,96220157,19801,2680,5,4,1,1,12, , , , , , , , , ,1,3, ,2,2,1,6, , , , ,2, , , , , ,2, , , , ,12,9,1, , , , , ,6,1,1, , , , , ,7,5,5,2,6,8,2,.502696
2,97113513,10188,1306,5,4,1,1,12, , , , , , , , , ,1,3, ,2,2,1,6, , , , ,2, , , , , ,2, , , , ,12,8,13,65, , , , ,1,1,1, , , , , ,11,3,4,2,10,3,2,.426187
2,97212412,11284,1457,5,4,1,1,12, , , , , , , , , ,1,3, ,2,2,1,6, , , , ,1,6, , , , ,2, , , , ,12,8,11,1,3,5, , ,9,1,1, , , , , ,5,6,3,1,7,6,2,1.154935
3,96126704,12650,1668,5,4,1,1,12, , , , , , , , , ,1,3, ,2,2,1,6, , , , ,2, , , , , ,2, , , , ,12,8,1, , , , , ,8,1,1, , , , , ,8,6,3,2,8,1,1,.796129
3,98206485,16603,2223,5,4,1,1,9, , , , , , , , , ,1,3, ,2,2,1,6, , , , ,2, , , , , ,2, , , , ,12,7,1, , , , , ,6,1,1, , , , , ,5,3,8,2,8,11,1,1.416444
1,96122244,5167,141,6,5,1,1,12, , , , , , , , , ,1,3, ,2,2,4, , , , , ,1,2,3,4,6, ,2, , , , ,12,0,1, , , , , ,1,11,1, , , , , ,6,5,4,2,8,1,1,1.245152
4,99228279,23574,3177,5,4,1,1,12, , , , , , , , , ,1,3, ,2,2,1,6, , , , ,1,6, , , , ,2, , , , ,11,88,6,2,5, , , ,8,11,1, , , , , ,5,5,5,2,6,4,2,1.304669
1,96217768,2757,536,5,4,1,1,12, , , , , , , , , ,1,3, ,2,2,1,6, , , , ,2, , , , , ,2, , , , ,11,10,1, , , , , ,1,1,1, , , , , ,5,5,5,2,6,19,2,.86847
3,98213854,17023,2275,5,4,1,1,12, , , , , , , , , ,1,3, ,1,2,1,2,6, , , ,2, , , , , ,2, , , , ,11,10,1, , , , , ,7,10,1, , , , , ,1,2,14,1,1,5,1,7.942205
2,96249705,9263,1182,5,4,1,1,12, , , , , , , , , ,1,3, ,2,2,1,6, , , , ,2, , , , , ,2, , , , ,11,9,1, , , , , ,9,1,1, , , , , ,10,1,13,4,1,5,2,.386833
2,97222374,11760,1515,5,4,1,1,12, , , , , , , , , ,1,3, ,2,2,1,6, , , , ,1,6, , , , ,2, , , , ,11,9,1, , , , , ,1,3,1, , , , , ,5,5,5,1,6,6,1,1.785452
4,96245580,20295,2737,5,4,1,1,12, , , , , , , , , ,1,3, ,2,2,1,5,6, , , ,1,6, , , , ,2, , , , ,11,9,4,1,2,5, , ,8,10,1, , , , , ,6,3,3,2,6,14,2,.990622
1,96105412,930,27,5,4,1,2,12, , , , , , , , , ,1,3, ,2,2,1,6, , , , ,2, , , , , ,2, , , , ,11,8,8,2, , , , ,1,5,1, , , , , ,9,5,6,2,8,2,2,.40475
1,96154222,4389,319,5,4,1,1,9, , , , , , , , , ,1,3, ,2,2,3,6, , , , ,2, , , , , ,2, , , , ,11,8,1, , , , , ,1,2,1, , , , , ,10,3,10,2,8,3,1,.509062
3,96226904,14131,1894,8,7,1,2,2, , , , , , , , , ,1,3, ,2,2,2,2, , , , ,2, , , , , ,2, , , , ,11,8,1, , , , , ,9,1,1, , , , , ,6,3,3,2,6,6,2,.954229
3,98224889,17640,2368,5,4,1,1,12, , , , , , , , , ,1,3, ,2,2,1,3, , , , ,2, , , , , ,2, , , , ,11,8,1, , , , , ,1,10,1, , , , , ,7,5,5,1,9,4,1,.759625
4,96138415,18798,2530,5,4,1,1,12, , , , , , , , , ,1,3, ,2,2,1,6, , , , ,2, , , , , ,2, , , , ,11,8,1, , , , , ,7,1,1, , , , , ,6,4,5,1,7,4,2,.963923
2,96208772,8192,1052,6,5,1,1,2, , , , , , , , , ,1,3, ,2,2,1,2, , , , ,2, , , , , ,2, , , , ,11,7,1, , , , , ,88,1,1, , , , , ,8,4,5,2,6,5,2,.707826
2,96140083,7104,899,5,4,1,1,13, , , , , , , , , ,1,3, ,2,2,1,6, , , , ,2, , , , , ,2, , , , ,11,0,5,5, , , , ,9,11,1, , , , , ,6,5,4,2,10,2,2,.734352
4,99123380,21715,2930,5,4,1,1,12, , , , , , , , , ,1,3, ,2,2,1,6, , , , ,2, , , , , ,2, , , , ,10,10,1, , , , , ,1,1,1, , , , , ,6,3,5,1,6,2,2,1.019802
2,96257219,9422,1195,5,4,1,1,7, , , , , , , , , ,1,3, ,2,2,1,6, , , , ,1,6, , , , ,2, , , , ,10,9,6,2,3,5, , ,8,2,1, , , , , ,6,5,3,1,6,11,1,1.091952
2,96246532,9210,1175,5,4,1,1,12, , , , , , , , , ,1,2, , ,2,1,6, , , , ,2, , , , , ,2, , , , ,10,8,1, , , , , ,10,88,1, , , , , ,10,4,11,2,5,6,2,.392713
2,97209815,11166,1439,5,4,1,1,4, , , , , , , , , ,1,3, ,2,2,3,6, , , , ,2, , , , , ,2, , , , ,10,8,3,1,3, , , ,1,4,1, , , , , ,7,5,5,2,7,6,1,.86045
3,96109414,12305,1611,5,4,1,1,12, , , , , , , , , ,1,3, ,2,2,1,3, , , , ,2, , , , , ,2, , , , ,10,8,4,3, , , , ,7,8,1, , , , , ,7,6,6,1,8,3,2,.493119
3,98216775,17205,2305,5,4,1,2,12, , , , , , , , , ,1,2, , ,2,1,3,5, , , ,2, , , , , ,2, , , , ,10,8,1, , , , , ,6,7,1, , , , , ,6,4,5,2,8,14,2,.650251
4,96229899,19980,2707,5,4,1,1,12, , , , , , , , , ,1,2, , ,2,1,6, , , , ,2, , , , , ,2, , , , ,10,8,1, , , , , ,8,6,1, , , , , ,8,3,4,2,7,6,1,.696269
4,99120795,21568,2913,5,4,1,2,9, , , , , , , , , ,1,3, ,2,2,1,2, , , , ,2, , , , , ,2, , , , ,10,8,3,2,5, , , ,9,5,1, , , , , ,6,5,3,2,10,3,2,.960354
4,99135208,22142,2982,5,4,1,1,12, , , , , , , , , ,1,3, ,2,2,1,6, , , , ,1,6, , , , ,2, , , , ,10,8,1, , , , , ,9,6,1, , , , , ,4,5,5,1,8,1,2,1.351006
1,96166134,2314,371,5,4,1,1,12, , , , , , , , , ,1,3, ,2,2,1,6, , , , ,2, , , , , ,2, , , , ,10,7,4,2,3, , , ,6,1,1, , , , , ,6,4,5,2,6,4,2,.611269
2,96208486,8183,1050,5,4,1,1,9, , , , , , , , , ,1,3, ,2,2,1,5, , , , ,2, , , , , ,2, , , , ,10,7,1, , , , , ,1,1,1, , , , , ,8,3,11,2,5,15,2,.60024
2,97226203,11924,1548,5,4,1,1,13, , , , , , , , , ,1,3, ,2,2,1,2,6, , , ,2, , , , , ,2, , , , ,10,7,1, , , , , ,1,11,1, , , , , ,11,3,3,2,6,8,1,.466495
4,99200192,22170,2988,5,4,1,1,13, , , , , , , , , ,1,3, ,2,2,1,6, , , , ,2, , , , , ,2, , , , ,10,7,5,1, , , , ,9,1,1, , , , , ,6,5,3,2,7,6,2,1.025554
1,96157392,4331,330,5,4,1,2,13, , , , , , , , , ,1,2, , ,2,1,6, , , , ,2, , , , , ,2, , , , ,10,6,1, , , , , ,1,5,1, , , , , ,7,4,8,2,9,3,1,.796828
3,96125523,12628,1665,4,3,1,2,12, , , , , , , , , ,1,3, ,1,2,1,6, , , , ,2, , , , , ,2, , , , ,10,6,1, , , , , ,1,3,1, , , , , ,7,3,11,2,3,1,2,.797663
3,98109354,15298,2045,5,4,1,1,5,6, , , , , , , , ,1,3, ,2,2,3,2,6, , , ,1,6, , , , ,2, , , , ,10,6,1, , , , , ,7,9,1, , , , , ,5,6,4,1,8,3,2,.95733
4,99104420,20752,2800,4,3,1,1,2, , , , , , , , , ,1,3, ,2,2,4, , , , , ,1,2, , , , ,2, , , , ,10,0,1, , , , , ,9,1,1, , , , , ,8,5,5,2,10,3,1,1.227302
1,96214131,4109,507,6,5,1,1,4, , , , , , , , , ,1,2, , ,2,3,6, , , , ,2, , , , , ,2, , , , ,9,8,6,2, , , , ,8,1,1, , , , , ,8,3,4,2,5,9,2,.618582
1,96242245,268,667,5,4,1,1,4, , , , , , , , , ,1,1,5, ,2,1,4, , , , ,2, , , , , ,2, , , , ,9,8,1, , , , , ,1,1,1, , , , , ,7,4,5,2,7,6,2,.491974
2,96124801,6738,841,5,4,1,1,5, , , , , , , , , ,1,3, ,2,2,1,6, , , , ,2, , , , , ,2, , , , ,9,8,1, , , , , ,1,1,1, , , , , ,9,3,3,3,10,4,2,.372991
2,97200336,10653,1373,5,4,1,1,12, , , , , , , , , ,1,3, ,2,2,1,1,6, , , ,2, , , , , ,2, , , , ,9,8,6,1,2,5, , ,6,1,1, , , , , ,5,3,9,2,6,4,2,1.121261
2,97209116,11130,1433,5,4,1,2,12, , , , , , , , , ,1,3, ,2,2,1,6, , , , ,2, , , , , ,2, , , , ,9,8,6,2,5, , , ,1,7,1, , , , , ,4,5,3,2,8,4,1,1.28444
4,99210035,22690,3063,5,4,1,2,9, , , , , , , , , ,1,3, ,2,2,1,4, , , , ,2, , , , , ,2, , , , ,9,8,2,2,3, , , ,9,7,1, , , , , ,7,3,11,2,1,6,2,.545895
1,96249768,3596,689,5,4,1,1,4, , , , , , , , , ,1,3, ,2,2,1,6, , , , ,2, , , , , ,2, , , , ,9,7,3,2,5, , , ,1,9,1, , , , , ,5,6,3,1,8,11,1,1.383274
2,96154222,7466,954,5,4,1,1,9, , , , , , , , , ,1,3, ,2,2,1,6, , , , ,2, , , , , ,2, , , , ,9,7,1, , , , , ,1,3,1, , , , , ,10,3,9,2,8,3,1,.516939
2,96172055,7832,1005,6,5,1,1,9, , , , , , , , , ,1,3, ,2,2,1,6, , , , ,2, , , , , ,2, , , , ,9,7,1, , , , , ,1,1,1, , , , , ,7,3,8,2,7,3,1,1.100708
3,96217699,13926,1863,5,4,1,1,13, , , , , , , , , ,1,3, ,2,2,1,6, , , , ,2, , , , , ,2, , , , ,9,7,1, , , , , ,1,1,1, , , , , ,6,5,5,2,8,11,1,.948435
4,96235619,20106,2722,5,4,1,1,5,6, , , , , , , , ,1,2, , ,2,1,6, , , , ,2, , , , , ,2, , , , ,9,7,1, , , , , ,1,3,1, , , , , ,6,5,5,1,7,6,2,1.025554
3,98225531,17676,2371,5,4,1,1,5, , , , , , , , , ,1,3, ,2,2,1,6, , , , ,2, , , , , ,2, , , , ,9,6,1, , , , , ,1,1,1, , , , , ,5,5,1,1,9,4,2,.895814
2,97104736,9753,1249,6,5,1,2,12, , , , , , , , , ,1,3, ,2,2,3,6, , , , ,1,1,3,5, , ,2, , , , ,9,5,2,1, , , , ,10,7,1, , , , , ,4,5,5,1,7,18,2,1.162126
2,97212443,11286,1458,5,4,1,2,13, , , , , , , , , ,1,3, ,2,2,1,6, , , , ,2, , , , , ,2, , , , ,9,4,2,1,3, , , ,9,12,1, , , , , ,8,3,4,2,7,6,1,.86045
1,96173184,789,415,3,2,1,2,1, , , , , , , , , ,1,2, , ,2,4, , , , , ,1,4, , , , ,2, , , , ,9,0,1, , , , , ,1,4,1, , , , , ,6,5,11,2,10,2,2,1.399035
3,96164914,13341,1769,5,4,1,1,9, , , , , , , , , ,1,3, ,2,2,4, , , , , ,1,1,2,4,6, ,2, , , , ,9,0,2,3,5, , , ,7,6,1, , , , , ,4,6,3,1,8,1,1,1.506632
3,98214519,17059,2281,5,4,1,1,12, , , , , , , , , ,1,3, ,2,2,1,6, , , , ,2, , , , , ,2, , , , ,8,8,8,4, , , , ,1,14,1, , , , , ,10,6,2,2,10,4,1,.406663
1,96237423,1900,638,5,4,1,2,13, , , , , , , , , ,1,1,2, ,2,1,6, , , , ,2, , , , , ,2, , , , ,8,7,1, , , , , ,4,1,1, , , , , ,6,5,4,2,10,20,1,.971023
2,96134795,6983,876,5,4,1,1,12, , , , , , , , , ,1,3, ,2,2,1,1,2,6, , ,2, , , , , ,2, , , , ,8,7,1, , , , , ,1,5,1, , , , , ,6,5,5,2,8,1,2,.720337
3,96106929,12241,1595,5,4,1,2,13, , , , , , , , , ,1,3, ,2,2,1,6, , , , ,2, , , , , ,2, , , , ,8,6,1, , , , , ,1,1,1, , , , , ,4,5,4,1,7,1,2,1.058535
3,98210377,16809,2247,5,4,1,2,4, , , , , , , , , ,1,3, ,2,2,1,6, , , , ,2, , , , , ,2, , , , ,8,6,1, , , , , ,1,1,1, , , , , ,4,5,4,1,7,4,2,1.01
4,96208487,19579,2646,5,4,1,1,9, , , , , , , , , ,1,2, , ,2,1,6, , , , ,2, , , , , ,2, , , , ,8,6,3,2, , , , ,9,9,1, , , , , ,5,6,3,1,7,14,2,1.340806
4,96212910,19655,2663,8,7,3, ,2, , , , , , , , , ,1,3, ,2,2,2,6, , , , ,2, , , , , ,2, , , , ,8,6,1, , , , , ,10,1,1, , , , , ,7,5,4,2,9,22,1,.084243
4,99205146,22428,3020,5,4,1,2,9, , , , , , , , , ,1,3, ,2,2,1,1,2,3,6, ,1,6, , , , ,2, , , , ,8,6,10,1,2,3, , ,10,4,1, , , , , ,6,4,5,2,6,6,2,1.025554
4,99222902,23300,3137,5,4,1,2,4, , , , , , , , , ,1,3, ,2,2,1,3,6, , , ,1,6, , , , ,2, , , , ,8,6,8,1,2,3,5, ,11,11,1, , , , , ,5,5,2,2,6,6,1,1.546952
1,96111517,5176,75,5,4,1,1,9, , , , , , , , , ,1,3, ,2,2,1,6, , , , ,2, , , , , ,2, , , , ,8,5,1, , , , , ,1,1,1, , , , , ,6,6,3,2,8,1,2,.610606
3,96258682,14754,1966,5,4,1,1,9, , , , , , , , , ,1,3, ,2,2,1,6, , , , ,2, , , , , ,2, , , , ,8,5,1, , , , , ,9,4,1, , , , , ,6,4,5,1,7,7,2,.614038
3,98212143,16918,2260,6,5,1,1,5,6, , , , , , , , ,1,3, ,2,2,1,6, , , , ,2, , , , , ,2, , , , ,8,5,1, , , , , ,88,88,1, , , , , ,10,3,13,2,2,14,1,.656961
4,99134996,22137,2981,5,4,1,1,13, , , , , , , , , ,1,3, ,2,2,1,6, , , , ,2, , , , , ,2, , , , ,8,5,8,2, , , , ,1,1,1, , , , , ,6,5,5,2,7,1,2,.965359
1,96219305,2983,546,5,4,1,1,9, , , , , , , , , ,1,2, , ,2,1,4, , , , ,2, , , , , ,2, , , , ,7,7,1, , , , , ,1,8,1, , , , , ,10,3,11,2,5,16,2,.402778
1,96151906,3815,306,5,4,1,1,9, , , , , , , , , ,1,3, ,2,2,1,6, , , , ,2, , , , , ,2, , , , ,7,6,6,1,2, , , ,1,1,1, , , , , ,8,4,5,2,6,10,2,.491685
1,96155973,4882,326,5,4,1,1,13, , , , , , , , , ,1,3, ,2,2,1,6, , , , ,2, , , , , ,2, , , , ,7,6,1, , , , , ,1,6,1, , , , , ,2,2,14,1,1,3,2,2.094899
2,96114787,6471,798,5,4,1,1,13, , , , , , , , , ,1,3, ,2,2,1,6, , , , ,2, , , , , ,2, , , , ,7,6,1, , , , , ,1,1,1, , , , , ,5,6,3,1,7,1,1,1.773628
3,96213630,13838,1854,5,4,1,1,13, , , , , , , , , ,1,2, , ,2,3,6, , , , ,2, , , , , ,2, , , , ,7,6,5,1,2, , , ,1,1,1, , , , , ,6,3,11,2,4,11,2,.604987
4,96227957,19953,2705,8,7,3, ,2, , , , , , , , , ,1,3, ,2,2,2,6, , , , ,2, , , , , ,2, , , , ,7,6,1, , , , , ,1,5,1, , , , , ,7,6,2,2,9,22,1,.084243
1,96134795,5156,215,4,3,1,1,12, , , , , , , , , ,1,3, ,2,2,1,6, , , , ,1,6, , , , ,2, , , , ,7,5,1, , , , , ,6,1,1, , , , , ,6,5,5,2,8,1,2,.956902
1,96213591,1812,502,5,4,1,1,13, , , , , , , , , ,1,3, ,2,2,1,6, , , , ,2, , , , , ,2, , , , ,7,5,1, , , , , ,6,1,1, , , , , ,8,3,9,2,3,5,1,.798621
2,96247450,9230,1178,5,4,1,2,9, , , , , , , , , ,1,2, , ,2,1,4,6, , , ,2, , , , , ,2, , , , ,7,5,11,2,5, , , ,1,1,1, , , , , ,7,4,9,2,7,13,1,.80944
2,97103596,9704,1238,5,4,1,1,4, , , , , , , , , ,1,3, ,2,2,1,3,6, , , ,2, , , , , ,2, , , , ,7,5,3,1, , , , ,9,1,1, , , , , ,6,5,5,2,8,3,2,.707553
4,99125718,21816,2947,5,4,1,1,9, , , , , , , , , ,1,3, ,2,2,1,6, , , , ,2, , , , , ,2, , , , ,7,5,1, , , , , ,8,5,1, , , , , ,6,5,10,2,9,1,1,1.160301
4,99216609,23003,3104,5,4,1,2,13, , , , , , , , , ,1,2, , ,2,1,6, , , , ,2, , , , , ,2, , , , ,7,5,1, , , , , ,9,2,1, , , , , ,6,4,5,1,6,6,2,1.025554
2,96233439,8847,1132,5,4,1,1,12, , , , , , , , , ,1,2, , ,2,3,6, , , , ,2, , , , , ,2, , , , ,7,3,1, , , , , ,1,2,1, , , , , ,8,5,5,2,6,6,2,.548113
3,98109854,15327,2048,5,4,1,1,4, , , , , , , , , ,1,3, ,2,2,3,6, , , , ,2, , , , , ,2, , , , ,7,2,1, , , , , ,1,3,1, , , , , ,11,3,13,2,8,1,1,.391014
3,96108518,12287,1603,5,4,1,1,13, , , , , , , , , ,1,3, ,2,2,1,2,3,4,6, ,2, , , , , ,2, , , , ,6,6,1, , , , , ,1,1,1, , , , , ,10,1,11,2,5,1,2,.345249
1,96229143,1738,595,5,4,1,1,9, , , , , , , , , ,1,3, ,2,2,1,2,6, , , ,2, , , , , ,2, , , , ,6,5,8,1,5, , , ,1,1,1, , , , , ,5,5,5,2,5,5,2,.865868
3,98118255,15739,2099,5,4,1,1,7, , , , , , , , , ,1,3, ,2,2,1,6, , , , ,2, , , , , ,2, , , , ,6,4,1, , , , , ,1,5,1, , , , , ,3,3,9,1,5,1,1,1.811255
4,96158448,19134,2585,5,4,1,1,4, , , , , , , , , ,1,3, ,2,2,1,6, , , , ,2, , , , , ,2, , , , ,5,4,1, , , , , ,9,3,1, , , , , ,9,3,13,4,5,1,1,.438773
4,96223102,19856,2689,6,5,1,2,13, , , , , , , , , ,1,2, , ,2,1,2,3,6, , ,2, , , , , ,2, , , , ,5,4,1, , , , , ,9,6,1, , , , , ,5,5,5,1,6,6,2,1.773689
3,96258726,14755,1967,6,5,1,2,2, , , , , , , , , ,1,3, ,2,2,3,3,4, , , ,2, , , , , ,2, , , , ,5,3,1, , , , , ,5,10,1, , , , , ,8,6,6,2,9,15,1,1.263305
4,96108133,18280,2458,6,5,1,2,4, , , , , , , , , ,1,3, ,2,2,1,6, , , , ,2, , , , , ,2, , , , ,5,3,1, , , , , ,4,1,1, , , , , ,8,3,4,1,6,10,2,.658645
3,96103878,12182,1585,5,4,1,2,9, , , , , , , , , ,1,3, ,1,2,3,2, , , , ,2, , , , , ,2, , , , ,5,1,4,3, , , , ,1,1,1, , , , , ,5,5,5,1,7,4,2,.895814
4,96161281,19180,2591,5,4,1,2,12, , , , , , , , , ,1,3, ,2,2,4, , , , , ,2, , , , , ,2, , , , ,5,0,1, , , , , ,1,7,1, , , , , ,5,5,9,1,8,3,1,1.448603
3,96220625,13995,1873,4,3,1,2,9, , , , , , , , , ,1,3, ,2,2,1,6, , , , ,2, , , , , ,2, , , , ,4,4,4,1,2,3,5, ,1,88,1, , , , , ,5,5,4,1,6,12,2,1.522715
4,99222900,23299,3136,4,3,1,2,12, , , , , , , , , ,1,3, ,2,2,2,4, , , , ,2, , , , , ,2, , , , ,4,3,1, , , , , ,9,10,1, , , , , ,6,5,1,2,6,7,2,1.926311
2,97119768,10508,1352,4,3,1,1,8, , , , , , , , , ,1,3, ,2,2,3,6, , , , ,2, , , , , ,2, , , , ,3,2,1, , , , , ,5,4,1, , , , , ,3,5,3,1,5,1,2,1.750592
3,98217016,17215,2310,3,2,1,1,1, , , , , , , , , ,1,2, , ,2,1,6, , , , ,1,6, , , , ,2, , , , ,3,2,1, , , , , ,7,1,1, , , , , ,3,3,8,1,6,11,2,2.143668
1,96175952,973,428,4,3,1,2,1, , , , , , , , , ,1,3, ,2,2,4, , , , , ,1,1, , , , ,2, , , , ,3,0,1, , , , , ,1,3,1, , , , , ,5,5,5,1,8,2,2,1.358804
3,98124781,16070,2146,5,4,1,1,9, , , , , , , , , ,1,3, ,2,2,3,2, , , , ,2, , , , , ,2, , , , ,1,1,1, , , , , ,1,1,1, , , , , ,5,4,9,2,5,10,2,.876728
2,96130610,6883,865,4,3,2, ,12, , , , , , , , , ,1,3, ,2,1,1,2, , , , ,2, , , , , ,2, , , , ,88,88,1, , , , , ,88,1,1, , , , , ,11,3,13,2,3,1,1,.796277
2,97102180,9622,1220,5,4,1,1,12, , , , , , , , , ,1,3, ,2,1,4, , , , , ,2, , , , , ,2, , , , ,88,0,1, , , , , ,99,1,1, , , , , ,4,5,5,1,6,1,2,.831345
1,96102953,5443,16,3,2,1,1,12, , , , , , , , , ,1,3, ,2,1,4, , , , , ,1,4, , , , ,2, , , , ,88,0,1, , , , , ,88,8,1, , , , , ,10,3,7,2,6,1,1,1.163355
1,96239837,4289,656,14,13,1,1,12, , , , , , , , , ,1,3, ,2,1,4, , , , , ,2, , , , , ,2, , , , ,88,0,3,2,3,5, , ,88,12,1, , , , , ,3,5,14,1,2,8,1,1.921581
2,96150556,7367,939,5,4,1,1,12, , , , , , , , , ,1,3, ,2,1,4, , , , , ,2, , , , , ,2, , , , ,88,0,1, , , , , ,1,1,1, , , , , ,5,5,11,2,1,10,2,1.057441
2,97111794,10107,1294,5,4,1,1,12, , , , , , , , , ,1,3, ,2,1,4, , , , , ,1,2, , , , ,2, , , , ,88,0,1, , , , , ,88,10,1, , , , , ,4,5,12,2,10,1,1,1.314253
4,96216412,19723,2670,5,4,1,1,12, , , , , , , , , ,1,3, ,2,1,4, , , , , ,1,3,4, , , ,2, , , , ,88,0,1, , , , , ,88,6,1, , , , , ,6,5,5,1,4,5,1,1.158631
1,96202343,1524,449,6,5,1,1,13, , , , , , , , , ,1,2, , ,1,1,1,2, , , ,2, , , , , ,2, , , , ,22,7,1, , , , , ,1,14,1, , , , , ,4,5,1,1,8,5,2,.843184
1,96109668,830,59,4,3,1,1,12, , , , , , , , , ,1,3, ,2,1,4, , , , , ,1,2,4, , , ,2, , , , ,22,0,1, , , , , ,10,1,1, , , , , ,6,5,2,2,10,2,1,1.534978
2,96107333,6270,766,7,6,1,2,13, , , , , , , , , ,1,3, ,2,1,4, , , , , ,1,2,4,6, , ,2, , , , ,22,0,1, , , , , ,1,8,1, , , , , ,6,5,2,3,9,3,2,.927615
4,99224506,23384,3148,14,13,1,2,12, , , , , , , , , ,1,3, ,2,1,4, , , , , ,1,1,2,3,4,5,2, , , , ,22,0,1, , , , , ,11,12,1, , , , , ,2,4,14,1,2,6,2,7.634233
2,96204209,8063,1033,5,4,1,2,12, , , , , , , , , ,1,3, ,2,1,3,4, , , , ,2, , , , , ,2, , , , ,21,6,1, , , , , ,1,7,1, , , , , ,7,4,1,2,7,8,2,.515393
4,99126820,21851,2951,6,5,1,1,12, , , , , , , , , ,1,3, ,2,1,4, , , , , ,1,2,4, , , ,2, , , , ,20,0,1, , , , , ,9,1,1, , , , , ,9,3,11,2,3,18,2,.530979
2,97223874,11838,1536,6,5,1,1,12, , , , , , , , , ,1,3, ,2,1,4, , , , , ,1,2,4,5,6, ,2, , , , ,17,0,1, , , , , ,6,14,1, , , , , ,7,4,5,2,6,12,2,.683772
3,98127875,16208,2169,5,4,1,1,12, , , , , , , , , ,1,3, ,2,1,4, , , , , ,1,2,3,4,5,6,2, , , , ,17,0,1, , , , , ,1,88,1, , , , , ,4,5,4,1,8,2,2,1.114927
1,96166568,991,375,7,6,1,1,12, , , , , , , , , ,1,1,2, ,1,4, , , , , ,1,2,4,6,7, ,2, , , , ,16,0,1, , , , , ,1,13,1, , , , , ,5,6,3,3,7,2,2,1.105675
2,97222934,11791,1527,11,10,1,1,12, , , , , , , , , ,1,3, ,2,1,4, , , , , ,1,2,3,4,5,6,2, , , , ,16,0,13,2, , , , ,7,1,1, , , , , ,5,5,11,2,1,8,2,1.308859
3,96111667,12360,1625,5,4,1,1,12, , , , , , , , , ,1,3, ,2,1,4, , , , , ,1,2,4, , , ,2, , , , ,16,0,2,3, , , , ,9,3,1, , , , , ,9,4,13,2,7,3,1,.489335
3,96249099,14599,1950,21,20,1,2,60,26, , , , , , , , ,1,3, ,1,1,4, , , , , ,2, , , , , ,2, , , , ,16,0,3,1, , , , ,1,88,1, , , , , ,2,3,14,1,1,5,2,3.336657
4,99107197,20889,2823,6,5,1,1,13, , , , , , , , , ,1,3, ,2,1,4, , , , , ,1,2,4,6, , ,2, , , , ,16,0,6,1, , , , ,7,1,1, , , , , ,5,5,1,1,8,1,2,1.669582
4,99228520,23592,3178,3,2,1,1,12, , , , , , , , , ,1,2, , ,1,4, , , , , ,1,2,4,5,6,7,2, , , , ,16,0,1, , , , , ,1,13,1, , , , , ,4,5,12,1,1,4,1,3.884484
2,97118960,10464,1347,7,6,1,1,12, , , , , , , , , ,1,3, ,2,1,4, , , , , ,1,2,3,4,5,6,2, , , , ,15,0,1, , , , , ,7,7,1, , , , , ,6,5,2,1,8,1,2,.944375
4,96150556,18990,2562,12,11,1,1,12, , , , , , , , , ,1,3, ,2,1,4, , , , , ,1,2,3,4, , ,2, , , , ,15,0,1, , , , , ,1,1,1, , , , , ,5,5,11,2,7,10,2,1.796462
3,96201121,13571,1813,6,5,1,1,12, , , , , , , , , ,1,3, ,2,1,1,1,5, , , ,1,3, , , , ,2, , , , ,14,10,1, , , , , ,1,1,1, , , , , ,9,3,11,2,7,6,2,.527209
1,96233365,318,616,8,7,1,1,12, , , , , , , , , ,1,3, ,2,1,3,1, , , , ,1,3,4,6, , ,2, , , , ,14,4,1, , , , , ,7,8,1, , , , , ,5,5,3,1,7,6,2,1.103189
2,97200404,10659,1376,6,5,1,1,12, , , , , , , , , ,1,3, ,2,1,1,3, , , , ,2, , , , , ,2, , , , ,13,88,1, , , , , ,7,7,1, , , , , ,7,4,11,2,1,4,2,.697634
1,96202343,1524,450,5,4,1,1,12, , , , , , , , , ,1,2, , ,1,1,2,3, , , ,2, , , , , ,2, , , , ,13,8,1, , , , , ,1,14,1, , , , , ,4,5,1,1,8,5,2,.661218
1,96113112,5946,84,7,6,1,1,12, , , , , , , , , ,1,3, ,1,1,4, , , , , ,1,3, , , , ,2, , , , ,13,0,1, , , , , ,11,1,1, , , , , ,3,5,14,1,2,1,2,1.380946
4,99100189,20531,2769,5,4,1,1,12, , , , , , , , , ,1,3, ,2,1,4, , , , , ,1,2,4,5,6, ,2, , , , ,13,0,1, , , , , ,9,9,1, , , , , ,6,6,12,1,8,3,2,.960354
3,98204680,16513,2210,5,4,1,1,12, , , , , , , , , ,1,2, , ,1,1,2, , , , ,2, , , , , ,2, , , , ,12,10,1, , , , , ,1,1,1, , , , , ,5,5,4,1,6,5,1,1.438723
3,96178000,13536,1808,5,4,1,2,12, , , , , , , , , ,1,3, ,2,1,3,6, , , , ,2, , , , , ,2, , , , ,12,6,4,1,4,5, , ,1,4,1, , , , , ,11,6,13,2,5,2,2,.365829
2,96220655,8495,1094,2,1,3, ,2, , , , , , , , , ,1,2, , ,1,4, , , , , ,2, , , , , ,2, , , , ,12,0,1, , , , , ,1,2,1, , , , , ,10,5,4,2,7,21,1,1.853747
3,98219069,17343,2326,7,6,1,1,12, , , , , , , , , ,1,3, ,2,1,4, , , , , ,1,2,4,6, , ,2, , , , ,12,0,1, , , , , ,9,9,1, , , , , ,8,5,3,2,10,4,1,1.138461
1,96132235,2808,200,5,4,1,1,12, , , , , , , , , ,1,3, ,2,1,2,2,4, , , ,1,1,3,5, , ,2, , , , ,11,5,1, , , , , ,9,7,1, , , , , ,7,5,5,2,9,18,2,.486787
1,96142428,1058,255,4,3,1,1,12, , , , , , , , , ,1,3, ,2,1,4, , , , , ,1,2,4, , , ,2, , , , ,11,0,1, , , , , ,8,11,1, , , , , ,8,6,5,1,7,2,2,.772728
1,96249099,1859,688,8,7,1,1,13, , , , , , , , , ,1,3, ,1,1,4, , , , , ,1,2,3,4,6, ,2, , , , ,11,0,1, , , , , ,88,88,1, , , , , ,2,2,14,1,2,5,2,2.67742
2,97214199,11373,1473,5,4,1,1,12, , , , , , , , , ,1,3, ,2,1,4, , , , , ,1,2,3,4,5,6,2, , , , ,11,0,1, , , , , ,7,2,1, , , , , ,6,5,5,1,9,6,2,.725139
3,98215280,17112,2290,6,5,1,1,12, , , , , , , , , ,1,3, ,2,1,4, , , , , ,1,2,3,4,5,6,2, , , , ,11,0,1, , , , , ,1,7,1, , , , , ,6,3,11,2,2,4,2,.904096
4,96110669,18336,2463,15,14,1,2,12, , , , , , , , , ,1,3, ,2,1,4, , , , , ,1,2,3,4, , ,2, , , , ,11,0,1, , , , , ,6,7,1, , , , , ,4,5,11,2,3,1,2,1.851726
4,96217909,19753,2675,5,4,1,1,12, , , , , , , , , ,1,2, , ,1,4, , , , , ,1,1,2,3,4,5,2, , , , ,11,0,1, , , , , ,1,5,1, , , , , ,6,5,3,2,10,19,1,1.157763
4,99107662,20929,2828,6,5,1,1,12, , , , , , , , , ,1,3, ,2,1,4, , , , , ,1,1,2,4, , ,2, , , , ,11,0,1, , , , , ,9,5,1, , , , , ,5,5,4,1,7,1,2,1.669582
4,99117010,21389,2891,5,4,1,1,12, , , , , , , , , ,1,3, ,2,1,4, , , , , ,1,2,3,4, , ,2, , , , ,11,0,1, , , , , ,10,1,1, , , , , ,7,4,5,2,6,2,2,.542833
2,97223375,11813,1530,6,5,1,1,12, , , , , , , , , ,1,3, ,2,1,2,1,3,6, , ,1,1,4,6, , ,2, , , , ,10,88,1, , , , , ,10,8,1, , , , , ,4,3,4,1,7,13,1,1.631671
3,96113684,12394,1630,5,4,1,2,13, , , , , , , , , ,1,3, ,2,1,1,6, , , , ,2, , , , , ,2, , , , ,10,4,1, , , , , ,11,4,1, , , , , ,8,3,11,2,3,3,2,.493119
1,96161593,5414,350,5,4,1,1,12, , , , , , , , , ,1,3, ,2,1,3,3,65, , , ,1,3,4,6, , ,2, , , , ,10,3,1, , , , , ,9,3,1, , , , , ,6,4,11,2,6,1,2,.610606
1,96102471,4356,13,5,4,1,1,12, , , , , , , , , ,1,3, ,2,1,4, , , , , ,1,2,4, , , ,2, , , , ,10,0,1, , , , , ,1,5,1, , , , , ,8,3,2,2,9,3,2,.491299
1,96116270,5968,98,5,4,1,1,12, , , , , , , , , ,1,3, ,1,1,4, , , , , ,1,1,2,3,4,6,2, , , , ,10,0,1, , , , , ,1,3,1, , , , , ,2,3,14,1,2,1,2,2.095979
1,96143931,1390,262,6,5,1,1,1, , , , , , , , , ,1,3, ,2,1,4, , , , , ,1,2,3,4,6, ,2, , , , ,10,0,8,2, , , , ,1,7,1, , , , , ,1,1,14,1,2,2,2,8.003383
1,96172176,4610,408,7,6,1,1,13, , , , , , , , , ,1,3, ,2,1,4, , , , , ,1,2,4, , , ,2, , , , ,10,0,1, , , , , ,9,3,1, , , , , ,4,5,5,1,6,3,2,.841291
1,96215024,1574,515,6,5,1,2,4, , , , , , , , , ,1,1,2, ,1,4, , , , , ,1,1,2,4,6, ,2, , , , ,10,0,1, , , , , ,3,11,1, , , , , ,5,5,5,1,7,5,2,1.104152
2,96123351,6687,833,5,4,1,1,12, , , , , , , , , ,1,1,3, ,1,4, , , , , ,1,1,2,3,4,6,2, , , , ,10,0,1, , , , , ,1,6,1, , , , , ,6,5,2,2,10,3,2,.707553
2,96150107,7360,938,8,7,1,2,12, , , , , , , , , ,1,3, ,2,1,4, , , , , ,1,2,4, , , ,2, , , , ,10,0,1, , , , , ,11,10,1, , , , , ,8,4,11,2,4,3,2,.701159
2,97119392,10493,1349,5,4,1,1,12, , , , , , , , , ,1,3, ,2,1,4, , , , , ,1,2,4, , , ,2, , , , ,10,0,1, , , , , ,7,7,1, , , , , ,6,5,3,2,5,3,2,.707553
3,96239325,14409,1927,7,6,1,2,12, , , , , , , , , ,1,3, ,2,1,4, , , , , ,1,2,4, , , ,2, , , , ,10,0,1, , , , , ,1,4,1, , , , , ,6,6,1,2,9,5,2,.920965
3,98120572,15872,2119,6,5,1,1,12, , , , , , , , , ,1,2, , ,1,4, , , , , ,1,2,4,6,7, ,2, , , , ,10,0,1, , , , , ,1,7,1, , , , , ,5,5,5,2,7,1,2,1.407086
4,99116040,21336,2881,7,6,1,1,12, , , , , , , , , ,1,2, , ,1,4, , , , , ,1,2,4, , , ,2, , , , ,10,0,1, , , , , ,9,9,1, , , , , ,6,5,6,2,6,10,1,1.487246
4,99213587,22862,3089,5,4,1,2,13, , , , , , , , , ,1,3, ,2,1,4, , , , , ,1,2,4,6, , ,2, , , , ,10,0,1, , , , , ,10,7,1, , , , , ,4,5,3,1,8,4,1,1.602302
3,98204860,16525,2211,5,4,1,1,12, , , , , , , , , ,1,3, ,2,1,1,3,4,6, , ,2, , , , , ,2, , , , ,9,8,88,2, , , , ,88,88,1, , , , , ,11,1,13,2,1,16,1,.401012
4,99133202,22081,2976,5,4,1,1,12, , , , , , , , , ,1,3, ,2,1,2,2, , , , ,1,5,6, , , ,2, , , , ,9,5,1, , , , , ,11,4,1, , , , , ,7,3,4,2,7,3,2,.511189
4,99213587,22862,3088,6,5,1,1,12, , , , , , , , , ,1,3, ,2,1,2,6, , , , ,2, , , , , ,2, , , , ,9,4,1, , , , , ,11,11,1, , , , , ,4,5,3,1,8,4,1,2.047411
1,96122454,963,144,5,4,1,1,13, , , , , , , , , ,1,2, , ,1,4, , , , , ,1,2,4, , , ,2, , , , ,9,0,1, , , , , ,9,8,1, , , , , ,4,5,1,2,8,2,1,.933931
2,96225078,8616,1108,7,6,1,1,12, , , , , , , , , ,1,3, ,2,1,4, , , , , ,1,2,4, , , ,2, , , , ,9,0,1, , , , , ,10,5,1, , , , , ,4,5,5,1,6,9,2,1.063665
3,96111382,12349,1622,6,5,1,2,12, , , , , , , , , ,1,3, ,2,1,4, , , , , ,1,2,4,6, , ,2, , , , ,9,0,1, , , , , ,5,9,1, , , , , ,5,5,5,1,7,4,2,1.34257
3,96223948,14070,1883,8,7,1,1,12, , , , , , , , , ,1,3, ,2,1,4, , , , , ,1,2,4, , , ,2, , , , ,9,0,1, , , , , ,4,5,1, , , , , ,9,4,1,2,8,9,1,.686128
3,98215655,17138,2294,6,5,1,1,12, , , , , , , , , ,1,3, ,2,1,4, , , , , ,1,1,2,4, , ,2, , , , ,9,0,1, , , , , ,9,1,1, , , , , ,6,4,11,2,2,6,2,.954229
4,99234901,23904,3230,5,4,1,1,12, , , , , , , , , ,1,3, ,2,1,3,3, , , , ,1,3,6, , , ,2, , , , ,8,3,1, , , , , ,1,8,1, , , , , ,6,5,6,1,8,14,2,.990622
1,96142155,6010,254,6,5,1,1,12, , , , , , , , , ,1,3, ,2,1,4, , , , , ,1,2,3,4,6, ,2, , , , ,8,0,1, , , , , ,1,3,1, , , , , ,8,3,12,2,1,1,1,1.016637
1,96211537,1571,492,5,4,1,2,12, , , , , , , , , ,1,3, ,2,1,4, , , , , ,1,2,3,4,6, ,2, , , , ,8,0,6,1,5, , , ,1,4,1, , , , , ,4,5,6,1,7,5,1,.932645
1,96223936,249,573,5,4,1,1,12, , , , , , , , , ,1,3, ,2,1,4, , , , , ,1,2,4,6,7, ,2, , , , ,8,0,6,1,2,3,5, ,9,2,1, , , , , ,6,3,9,2,7,6,2,.61113
2,96105967,6236,762,7,6,1,2,13, , , , , , , , , ,1,3, ,2,1,4, , , , , ,1,2,3,4,6, ,2, , , , ,8,0,1, , , , , ,9,3,1, , , , , ,6,3,4,2,8,3,1,1.449831
2,96116684,6527,804,5,4,1,1,12, , , , , , , , , ,1,3, ,2,1,4, , , , , ,1,2,4,6, , ,2, , , , ,8,0,1, , , , , ,7,3,1, , , , , ,4,5,6,1,6,1,2,.831345
2,97221203,11709,1509,8,7,1,1,2, , , , , , , , , ,1,3, ,2,1,4, , , , , ,1,1,2,3,4, ,2, , , , ,8,0,1, , , , , ,88,12,1, , , , , ,8,4,11,2,1,6,2,.718586
2,97222854,11784,1522,5,4,1,2,12, , , , , , , , , ,1,3, ,2,1,4, , , , , ,1,2,3,4,5,6,2, , , , ,8,0,1, , , , , ,4,8,1, , , , , ,5,5,9,1,7,4,1,1.733394
3,96152939,13133,1738,3,2,1,1,12, , , , , , , , , ,1,3, ,2,1,4, , , , , ,1,2,4,6, , ,2, , , , ,8,0,1, , , , , ,5,8,1, , , , , ,5,4,5,3,6,3,2,1.254691
3,98117103,15678,2094,5,4,1,1,12, , , , , , , , , ,1,3, ,1,1,4, , , , , ,1,2, , , , ,2, , , , ,8,0,1, , , , , ,4,1,1, , , , , ,6,5,3,2,10,1,2,.632236
3,98233164,18036,2422,6,5,1,2,12, , , , , , , , , ,1,3, ,2,1,4, , , , , ,1,2,4,6, , ,2, , , , ,8,0,5,2,3, , , ,8,8,1, , , , , ,3,5,6,1,6,9,1,2.589635
4,99105773,20820,2812,5,4,1,1,12, , , , , , , , , ,1,3, ,2,1,4, , , , , ,1,2, , , , ,2, , , , ,8,0,4,1,2, , , ,10,11,1, , , , , ,3,5,6,1,6,1,2,1.510543
4,96214257,19679,2666,5,4,2, ,12, , , , , , , , , ,1,3, ,2,1,1,5, , , , ,1,6, , , , ,2, , , , ,7,6,1, , , , , ,88,2,1, , , , , ,9,5,3,2,8,6,1,.466133
1,96111382,2205,73,5,4,1,1,12, , , , , , , , , ,1,3, ,2,1,4, , , , , ,1,2,4, , , ,2, , , , ,7,0,1, , , , , ,1,8,1, , , , , ,5,5,6,1,7,4,2,.865308
1,96140216,5315,246,5,4,1,1,12, , , , , , , , , ,1,3, ,1,1,4, , , , , ,1,2,3,4, , ,2, , , , ,7,0,1, , , , , ,10,3,1, , , , , ,5,5,4,2,7,1,2,.86437
2,96104216,6185,756,6,5,1,2,12, , , , , , , , , ,1,3, ,2,1,4, , , , , ,1,2,3,4,6, ,2, , , , ,7,0,1, , , , , ,1,8,1, , , , , ,6,5,4,2,7,3,1,1.449831
2,97101069,9550,1215,9,8,1,1,12, , , , , , , , , ,1,2, , ,1,4, , , , , ,1,2,4,5,6, ,2, , , , ,7,0,1, , , , , ,10,2,1, , , , , ,5,5,4,1,8,1,2,1.382733
2,97210557,11197,1445,8,7,1,1,12, , , , , , , , , ,1,3, ,2,1,4, , , , , ,1,2,3,4,5,6,2, , , , ,7,0,1, , , , , ,8,10,1, , , , , ,6,5,11,2,6,4,2,.922952
2,97225840,11908,1546,6,5,1,2,12, , , , , , , , , ,1,3, ,2,1,4, , , , , ,1,2,4,6, , ,2, , , , ,7,0,1, , , , , ,1,7,1, , , , , ,6,3,5,2,6,4,2,.922952
3,98116289,15640,2089,6,5,1,1,13, , , , , , , , , ,1,3, ,2,1,4, , , , , ,1,2,4,6, , ,2, , , , ,7,0,1, , , , , ,8,1,1, , , , , ,4,5,5,1,6,1,2,1.586442
4,99115159,21294,2872,7,6,1,1,13, , , , , , , , , ,1,3, ,2,1,2,1, , , , ,1,1, , , , ,2, , , , ,6,5,1, , , , , ,10,11,1, , , , , ,7,5,13,1,1,2,2,.693629
4,99225027,23408,3153,3,2,1,1,12, , , , , , , , , ,1,3, ,2,1,3,1, , , , ,2, , , , , ,2, , , , ,6,2,4,1,2,3, , ,5,9,1, , , , , ,9,3,1,2,8,22,1,.107003
3,98103307,14984,2001,4,3,1,1,8, , , , , , , , , ,1,3, ,1,1,3,4, , , , ,1,2,4, , , ,2, , , , ,6,1,1, , , , , ,88,4,1, , , , , ,11,6,3,4,10,2,1,.679299
1,96127086,3888,174,9,8,1,1,12, , , , , , , , , ,1,2, , ,1,4, , , , , ,1,2,4,6,7, ,2, , , , ,6,0,1, , , , , ,4,7,1, , , , , ,4,5,8,1,5,10,1,1.307601
1,96239647,3609,653,15,14,1,1,12, , , , , , , , , ,1,3, ,2,1,4, , , , , ,1,2,3,4,5,6,2, , , , ,6,0,8,1,2,4,5, ,9,7,1, , , , , ,4,5,5,1,7,11,2,.930302
2,96130228,6872,860,5,4,1,1,13, , , , , , , , , ,1,2, , ,1,4, , , , , ,1,2,4,6, , ,2, , , , ,6,0,1, , , , , ,8,7,1, , , , , ,7,4,6,2,10,1,1,.854752
2,96144011,7215,913,3,2,1,1,12, , , , , , , , , ,1,3, ,2,1,4, , , , , ,1,2,4, , , ,2, , , , ,6,0,1, , , , , ,1,3,1, , , , , ,10,3,11,2,6,1,2,.716903
2,97111434,10088,1289,6,5,1,2,13, , , , , , , , , ,1,3, ,2,1,4, , , , , ,1,2,3,4,6, ,2, , , , ,6,0,1, , , , , ,1,4,1, , , , , ,2,5,14,1,6,18,2,4.32342
4,99235582,23938,3235,6,5,1,2,12, , , , , , , , , ,1,3, ,2,1,4, , , , , ,1,2,3,4,6, ,2, , , , ,6,0,3,3, , , , ,8,10,1, , , , , ,3,5,3,1,6,20,2,2.052569
1,96201958,542,446,5,4,1,2,13, , , , , , , , , ,1,3, ,1,1,1,1,3, , , ,1,1,6, , , ,2, , , , ,5,4,4,2, , , , ,88,2,1, , , , , ,3,5,14,1,5,6,2,1.083858
2,96151906,7403,946,4,3,1,1,12, , , , , , , , , ,1,3, ,2,1,2,3, , , , ,1,2, , , , ,2, , , , ,5,2,1, , , , , ,9,1,1, , , , , ,8,4,5,2,6,10,2,.810849
1,96119362,891,117,6,5,1,1,4, , , , , , , , , ,1,3, ,2,1,4, , , , , ,1,1,2,3,4, ,2, , , , ,5,0,1, , , , , ,8,4,1, , , , , ,5,5,3,1,9,2,2,1.105675
1,96128297,5970,179,9,8,1,1,12, , , , , , , , , ,1,3, ,1,1,4, , , , , ,2, , , , , ,2, , , , ,5,0,1, , , , , ,88,7,1, , , , , ,2,3,14,1,2,1,2,2.942934
3,96244655,14527,1942,4,3,1,1,1, , , , , , , , , ,1,3, ,2,1,4, , , , , ,1,2,4, , , ,2, , , , ,5,0,1, , , , , ,9,9,1, , , , , ,5,5,4,2,7,6,1,2.458751
3,98218978,17333,2324,6,5,1,1,12, , , , , , , , , ,1,3, ,2,1,4, , , , , ,1,2,3,4,5,6,2, , , , ,5,0,1, , , , , ,11,7,1, , , , , ,6,5,5,1,5,4,2,.904096
4,96109937,18323,2462,4,3,1,2,13, , , , , , , , , ,1,2, , ,1,4, , , , , ,1,2,4,6, , ,2, , , , ,5,0,2,2, , , , ,8,88,1, , , , , ,3,6,14,1,2,1,2,2.843379
3,98102898,14958,1996,4,3,1,2,1, , , , , , , , , ,1,3, ,2,1,3,3, , , , ,2, , , , , ,2, , , , ,4,1,1, , , , , ,9,5,1, , , , , ,6,4,6,1,7,2,2,1.098368
1,96140091,1213,244,3,2,1,1,12, , , , , , , , , ,1,3, ,2,1,4, , , , , ,1,4, , , , ,2, , , , ,4,0,1, , , , , ,88,2,1, , , , , ,10,5,13,2,5,2,2,.921705
2,97112052,10118,1295,4,3,1,2,13, , , , , , , , , ,1,2, , ,1,4, , , , , ,2, , , , , ,2, , , , ,4,0,1, , , , , ,9,1,1, , , , , ,6,3,4,2,7,18,2,1.240997
2,96221330,8514,1095,5,4,1,2,4, , , , , , , , , ,1,3, ,2,1,4, , , , , ,1,2,3,4,5,6,2, , , , ,3,0,2,1, , , , ,1,6,1, , , , , ,6,4,5,2,6,6,2,.725139
3,96207043,13707,1831,3,2,3, ,2, , , , , , , , , ,1,2, , ,1,4, , , , , ,1,4,6, , , ,2, , , , ,3,0,1, , , , , ,1,2,1, , , , , ,5,5,4,1,8,22,2,.100675
4,99214565,22912,3097,2,1,3, ,2, , , , , , , , , ,1,2, , ,1,4, , , , , ,2, , , , , ,2, , , , ,3,0,1, , , , , ,1,3,1, , , , , ,8,3,9,2,7,21,1,.625894
3,98214215,17043,2280,4,3,3, ,2, , , , , , , , , ,1,3, ,2,1,4, , , , , ,2, , , , , ,2, , , , ,2,0,1, , , , , ,1,2,1, , , , , ,5,5,1,2,9,22,1,.199759
4,96204250,19487,2634,2,1,3, ,2, , , , , , , , , ,1,3, ,2,1,4, , , , , ,2, , , , , ,2, , , , ,2,0,1, , , , , ,1,2,1, , , , , ,6,5,6,2,7,21,1,1.108061
4,99207050,22537,3037,2,1,3, ,2, , , , , , , , , ,1,3, ,2,1,4, , , , , ,2, , , , , ,2, , , , ,2,0,1, , , , , ,1,1,1, , , , , ,11,1,11,2,2,21,2,.423974
1,96220655,35,555,2,1,3, ,2, , , , , , , , , ,1,2, , ,1,4, , , , , ,2, , , , , ,2, , , , ,1,0,1, , , , , ,1,2,1, , , , , ,10,5,1,2,8,21,1,2.024086
3,96220655,13996,1874,2,1,3, ,2, , , , , , , , , ,1,2, , ,1,4, , , , , ,2, , , , , ,2, , , , ,1,0,1, , , , , ,1,2,1, , , , , ,10,5,5,2,6,21,1,.914417
4,96220655,19809,2681,2,1,3, ,2, , , , , , , , , ,1,2, , ,1,4, , , , , ,2, , , , , ,2, , , , ,1,0,1, , , , , ,1,3,1, , , , , ,10,5,13,2,7,21,1,.356121
4,96220655,19809,2682,2,1,3, ,2, , , , , , , , , ,1,2, , ,1,4, , , , , ,2, , , , , ,2, , , , ,1,0,1, , , , , ,1,3,1, , , , , ,10,5,13,2,7,21,1,.356121
1,96169823,4565,394,30,29,1,2,17,20,21,22,28,62, , , , ,2, , , , ,3,6, , , , ,2, , , , , ,2, , , , ,88,88,1, , , , , ,88,6,1, , , , , ,5,5,5,2,6,3,1,2.638602
1,96222028,1438,564,3,2,1,2,1, , , , , , , , , ,2, , , , ,2,4,6, , , ,2, , , , , ,2, , , , ,88,88,1, , , , , ,88,3,1, , , , , ,4,5,7,1,10,5,1,2.130267
1,96250511,3412,694,5,4,1,1,2, , , , , , , , , ,2, , , , ,3,6, , , , ,2, , , , , ,2, , , , ,88,88,4,4,5, , , ,1,8,1, , , , , ,7,5,2,2,9,12,1,.797954
2,96131318,6905,867,5,4,1,1,7, , , , , , , , , ,2, , , , ,3,6, , , , ,2, , , , , ,2, , , , ,88,88,1, , , , , ,88,2,1, , , , , ,8,5,2,2,10,3,1,.839583
4,99203884,22357,3010,4,3,1,1,2, , , , , , , , , ,2, , , , ,3,6, , , , ,2, , , , , ,2, , , , ,88,88,1, , , , , ,1,88,1, , , , , ,5,6,3,1,10,5,1,2.737054
4,96204205,19484,2633,5,4,1,1,2, , , , , , , , , ,2, , , , ,3,4, , , , ,1,6, , , , ,2, , , , ,88,4,1, , , , , ,11,3,1, , , , , ,8,6,4,3,8,6,2,.545895
4,99208787,22629,3055,18,17,1,1,2, , , , , , , , , ,2, , , , ,3,6, , , , ,1,6, , , , ,2, , , , ,88,3,1, , , , , ,1,9,1, , , , , ,5,5,3,1,7,4,1,2.198495
1,96221920,51,563,10,9,1,1,16, , , , , , , , , ,3, , , , ,4, , , , , ,1,2, , , , ,2, , , , ,88,0,10,1,2,4,5, ,1,13,1, , , , , ,7,2,11,2,5,21,2,.695728
2,96246474,9207,1174,7,6,1,1,9, , , , , , , , , ,3, , , , ,4, , , , , ,2, , , , , ,2, , , , ,88,0,1, , , , , ,88,88,1, , , , , ,3,5,6,1,2,9,2,1.386235
2,97209324,11141,1435,120,119,1,2,2, , , , , , , , , ,2, , , , ,4, , , , , ,1,2,4, , , ,2, , , , ,88,0,3,3,4, , , ,9,6,1, , , , , ,7,5,8,1,6,4,2,.659884
4,99125464,21807,2944,7,6,1,1,2, , , , , , , , , ,3, , , , ,4, , , , , ,1,2, , , , ,2, , , , ,88,0,1, , , , , ,88,5,1, , , , , ,2,3,14,1,2,1,2,6.699415
4,99128998,21935,2963,7,6,1,1,61, , , , , , , , , ,3, , , , ,4, , , , , ,2, , , , , ,2, , , , ,88,0,4,4, , , , ,1,1,1, , , , , ,11,6,13,2,5,3,1,.470191
4,99239137,24093,3252,10,9,1,1,12, , , , , , , , , ,3, , , , ,4, , , , , ,1,2, , , , ,2, , , , ,88,0,14,3,4, , , ,10,2,1, , , , , ,11,5,13,4,5,6,1,.538592
3,96251482,14640,1954,30,29,1,1,15, , , , , , , , , ,5, , , , ,3,6, , , , ,2, , , , , ,2, , , , ,22,22,13,1,2,3,4,5,88,6,1, , , , , ,2,3,14,1,2,16,2,3.520719
3,98119159,15794,2107,9,8,1,1,18,21, , , , , , , , ,2, , , , ,3,6, , , , ,2, , , , , ,2, , , , ,22,22,12,4, , , , ,7,10,1, , , , , ,6,6,2,2,10,10,1,1.042987
3,96204975,13665,1826,14,13,1,1,2, , , , , , , , , ,2, , , , ,3,1,3,4,6, ,2, , , , , ,2, , , , ,22,12,14,3,4, , , ,1,10,1, , , , , ,10,4,6,2,6,15,1,.508511
3,96173939,13480,1795,62,60,1,1,18,19,20,21,62, , , , , ,2, , , , ,3,6, , , , ,1,1,2,3,4,7,2, , , , ,22,11,5,4, , , , ,11,1,1, , , , , ,3,6,3,1,10,2,1,3.434439
3,98227060,17749,2383,8,7,1,2,15, , , , , , , , , ,3, , , , ,3,3,4, , , ,1,1,4,5,6, ,2, , , , ,22,11,13,2, , , , ,6,11,1, , , , , ,5,5,3,1,7,6,2,1.417018
1,96119050,5159,115,14,13,1,1,17, , , , , , , , , ,3, , , , ,4, , , , , ,1,2,4, , , ,2, , , , ,22,0,1, , , , , ,10,1,1, , , , , ,7,4,5,2,8,1,2,.690181
1,96123899,5042,155,6,5,1,1,15, , , , , , , , , ,2, , , , ,4, , , , , ,2, , , , , ,2, , , , ,22,0,1, , , , , ,11,10,1, , , , , ,5,6,2,2,10,1,1,1.757309
1,96231892,4161,609,14,13,1,1,12, , , , , , , , , ,2, , , , ,4, , , , , ,1,2,4,6,7, ,2, , , , ,22,0,6,4,5, , , ,1,10,1, , , , , ,6,6,3,2,10,8,1,1.380047
2,96118914,6566,814,10,9,1,1,15, , , , , , , , , ,3, , , , ,4, , , , , ,1,2,4, , , ,2, , , , ,22,0,1, , , , , ,1,12,1, , , , , ,9,6,2,2,10,2,1,.709306
2,96251903,9321,1187,11,10,1,1,16, , , , , , , , , ,3, , , , ,4, , , , , ,1,2, , , , ,2, , , , ,22,0,14,4, , , , ,88,1,1, , , , , ,8,5,11,2,7,8,2,.621162
2,97111221,10079,1288,10,9,1,1,15, , , , , , , , , ,2, , , , ,4, , , , , ,2, , , , , ,2, , , , ,22,0,1, , , , , ,9,1,1, , , , , ,8,6,3,2,10,2,1,1.050207
2,97111721,10102,1293,10,9,1,1,12, , , , , , , , , ,3, , , , ,4, , , , , ,1,2,3,4, , ,2, , , , ,22,0,8,4, , , , ,10,11,1, , , , , ,6,6,2,1,10,1,2,.868165
2,97117265,10385,1331,300,299,1,1,17,18,20,24,26,62, , , , ,5, , , , ,4, , , , , ,1,2, , , , ,2, , , , ,22,0,13,1,2,3,4, ,14,6,1, , , , , ,3,5,14,1,5,1,2,1.343575
3,96158979,13244,1759,24,23,1,1,15, , , , , , , , , ,3, , , , ,4, , , , , ,1,2,4, , , ,2, , , , ,22,0,7,4, , , , ,1,11,1, , , , , ,8,5,2,2,10,2,1,1.448691
3,98116217,15638,2088,60,59,1,1,15, , , , , , , , , ,3, , , , ,4, , , , , ,2, , , , , ,2, , , , ,22,0,4,4, , , , ,1,9,1, , , , , ,11,3,13,2,7,1,2,.625277
3,98233800,18069,2428,30,29,1,2,15, , , , , , , , , ,3, , , , ,4, , , , , ,1,3,4,7, , ,2, , , , ,22,0,1, , , , , ,1,1,1, , , , , ,6,6,12,3,10,4,1,1.633834
4,96158979,19143,2586,23,22,1,2,15, , , , , , , , , ,3, , , , ,4, , , , , ,1,2,5,7, , ,2, , , , ,22,0,10,2,4, , , ,1,11,1, , , , , ,9,5,2,2,10,2,1,.700861
4,96221640,19821,2684,15,14,1,1,29, , , , , , , , , ,3, , , , ,4, , , , , ,1,2, , , , ,2, , , , ,22,0,14,1,3,4, , ,1,10,1, , , , , ,10,5,11,2,4,6,2,.608063
4,96231892,20025,2713,15,14,1,1,15, , , , , , , , , ,2, , , , ,4, , , , , ,1,1,2,6, , ,2, , , , ,22,0,1, , , , , ,12,11,1, , , , , ,6,6,3,2,10,8,1,1.555808
4,99116313,21353,2885,30,29,1,1,17, , , , , , , , , ,3, , , , ,4, , , , , ,1,2, , , , ,2, , , , ,22,0,1, , , , , ,6,8,1, , , , , ,11,3,6,2,5,2,2,.70915
4,99129083,21940,2965,25,24,1,2,2, , , , , , , , , ,3, , , , ,4, , , , , ,1,2, , , , ,2, , , , ,22,0,8,4, , , , ,1,3,1, , , , , ,10,3,13,2,10,1,2,.631429
4,96105288,18223,2451,7,6,1,1,21, , , , , , , , , ,2, , , , ,1,1,2,5, , ,2, , , , , ,2, , , , ,21,14,12,2,4, , , ,1,10,1, , , , , ,6,5,5,2,7,3,2,1.227134
4,96213071,19660,2664,15,14,1,1,15, , , , , , , , , ,3, , , , ,4, , , , , ,1,1,2,4,6, ,2, , , , ,21,0,10,4,5, , , ,10,11,1, , , , , ,9,3,7,2,4,12,1,.582554
3,98205379,16555,2213,11,10,1,1,15, , , , , , , , , ,2, , , , ,3,6, , , , ,2, , , , , ,2, , , , ,20,17,1, , , , , ,88,1,1, , , , , ,5,6,1,2,8,9,1,1.591285
3,98128789,16250,2173,7,6,1,1,13, , , , , , , , , ,2, , , , ,1,3, , , , ,2, , , , , ,2, , , , ,20,10,1, , , , , ,10,1,1, , , , , ,10,5,13,1,8,2,2,.544996
1,96137722,5593,233,90,89,1,1,15, , , , , , , , , ,3, , , , ,3,3, , , , ,2, , , , , ,2, , , , ,20,7,11,4, , , , ,1,1,1, , , , , ,9,4,13,2,5,1,2,2.648422
1,96216936,1519,526,14,13,1,1,27, , , , , , , , , ,2, , , , ,4, , , , , ,2, , , , , ,2, , , , ,20,0,1, , , , , ,10,8,1, , , , , ,4,5,4,1,8,5,1,1.309514
3,98118045,15724,2097,10,9,1,1,16, , , , , , , , , ,3, , , , ,4, , , , , ,1,2,6, , , ,2, , , , ,20,0,4,4, , , , ,1,9,1, , , , , ,6,6,3,1,8,1,2,.71245
3,98223270,17568,2360,20,19,1,1,29, , , , , , , , , ,5, , , , ,1,6, , , , ,2, , , , , ,2, , , , ,19,19,2,1, , , , ,1,2,1, , , , , ,2,2,14,1,1,21,1,5.304226
4,96152113,19021,2569,18,17,1,1,15, , , , , , , , , ,3, , , , ,4, , , , , ,1,2, , , , ,2, , , , ,18,0,7,4, , , , ,6,11,1, , , , , ,8,5,11,2,8,2,2,.820789
3,96226272,14117,1892,18,17,1,1,12, , , , , , , , , ,5, , , , ,1,6, , , , ,1,3, , , , ,2, , , , ,17,13,1, , , , , ,1,1,1, , , , , ,2,3,14,1,2,19,2,3.124083
2,97108944,9965,1271,4,3,1,1,17, , , , , , , , , ,2, , , , ,3,6, , , , ,2, , , , , ,2, , , , ,17,11,1, , , , , ,1,5,1, , , , , ,6,6,1,2,9,1,1,1.819101
3,98218076,17276,2317,13,12,1,1,21, , , , , , , , , ,2, , , , ,3,4, , , , ,1,1,3,4, , ,2, , , , ,17,11,5,1,3, , , ,7,8,1, , , , , ,7,6,1,2,10,6,2,.54881
4,99128610,21918,2962,30,29,1,1,15, , , , , , , , , ,2, , , , ,3,6, , , , ,2, , , , , ,2, , , , ,17,11,6,4, , , , ,12,3,1, , , , , ,5,6,3,1,9,1,1,2.201772
3,96137850,12844,1702,9,8,1,1,15, , , , , , , , , ,2, , , , ,3,6, , , , ,1,6, , , , ,2, , , , ,17,10,11,4, , , , ,5,7,1, , , , , ,6,6,1,2,9,2,1,1.176405
4,96137850,18788,2529,6,5,1,1,15, , , , , , , , , ,2, , , , ,3,6, , , , ,2, , , , , ,2, , , , ,17,10,5,4, , , , ,9,11,1, , , , , ,6,6,1,2,10,2,1,1.56624
1,96212332,88,497,10,9,1,1,2,9, , , , , , , , ,2, , , , ,3,6, , , , ,2, , , , , ,2, , , , ,17,7,1, , , , , ,11,9,1, , , , , ,8,5,2,2,10,6,1,1.120353
1,96152113,923,307,21,20,1,1,15, , , , , , , , , ,3, , , , ,4, , , , , ,1,2, , , , ,2, , , , ,17,0,8,2,4, , , ,9,6,1, , , , , ,7,5,11,2,8,2,2,.944598
2,96204975,8097,1041,14,14,1,2,2, , , , , , , , , ,2, , , , ,4, , , , , ,1,2,4,6, , ,2, , , , ,17,0,1, , , , , ,1,9,1, , , , , ,9,4,6,2,8,15,1,.767019
4,96217361,19741,2672,20,19,1,1,28, , , , , , , , , ,3, , , , ,4, , , , , ,2, , , , , ,2, , , , ,17,0,1, , , , , ,1,1,1, , , , , ,8,6,2,2,7,19,1,.98883
1,96178000,1350,435,10,9,1,1,15, , , , , , , , , ,3, , , , ,3,2, , , , ,2, , , , , ,2, , , , ,16,13,9,4, , , , ,1,11,1, , , , , ,11,6,13,2,2,2,2,.607121
2,96178437,7941,1019,14,13,1,1,21, , , , , , , , , ,2, , , , ,3,4,6, , , ,2, , , , , ,2, , , , ,16,12,4,3, , , , ,1,10,1, , , , , ,6,5,3,2,9,4,1,1.326131
2,96229401,8730,1120,8,7,1,1,6, , , , , , , , , ,2, , , , ,3,2, , , , ,1,6, , , , ,2, , , , ,16,6,1, , , , , ,9,1,1, , , , , ,11,3,5,2,4,8,1,.611584
4,99108487,20983,2831,8,7,1,2,61, , , , , , , , , ,2, , , , ,3,2, , , , ,2, , , , , ,2, , , , ,16,1,1, , , , , ,9,4,1, , , , , ,11,6,3,2,9,1,1,.472641
2,96109668,6341,779,4,3,1,1,12, , , , , , , , , ,2, , , , ,4, , , , , ,1,2,4, , , ,2, , , , ,16,0,1, , , , , ,9,1,1, , , , , ,6,5,2,2,10,2,1,1.854494
2,96168059,7747,990,21,20,1,1,16, , , , , , , , , ,3, , , , ,4, , , , , ,1,2, , , , ,2, , , , ,16,0,11,4, , , , ,9,88,1, , , , , ,10,5,13,2,6,2,1,1.148604
3,98120120,15856,2118,45,44,1,1,29, , , , , , , , , ,3, , , , ,4, , , , , ,1,6, , , , ,2, , , , ,16,0,4,4, , , , ,1,8,1, , , , , ,6,5,11,2,10,2,2,1.198825
4,99122061,21640,2922,45,44,1,1,12,13, , , , , , , , ,3, , , , ,4, , , , , ,1,2,4,6, , ,2, , , , ,16,0,1, , , , , ,1,2,1, , , , , ,11,6,13,4,10,3,1,1.319051
4,99219988,23164,3124,30,29,1,1,15, , , , , , , , , ,3, , , , ,4, , , , , ,1,2, , , , ,2, , , , ,16,0,1, , , , , ,88,9,1, , , , , ,10,3,11,2,5,15,2,.673138
2,96226789,8658,1111,7,6,1,1,12, , , , , , , , , ,3, , , , ,3,4, , , , ,2, , , , , ,2, , , , ,15,12,11,2,4,5, , ,9,9,1, , , , , ,11,6,13,3,8,11,1,.626642
1,96113778,5095,88,10,9,1,2,15, , , , , , , , , ,3, , , , ,3,2, , , , ,2, , , , , ,2, , , , ,15,10,1, , , , , ,11,4,1, , , , , ,11,6,13,1,9,1,1,.707709
4,96176556,19385,2623,30,29,1,1,16, , , , , , , , , ,3, , , , ,3,2,3, , , ,2, , , , , ,2, , , , ,15,10,13,4, , , , ,12,9,1, , , , , ,9,6,1,2,8,4,2,.628733
4,99208611,22615,3051,7,6,1,1,15, , , , , , , , , ,2, , , , ,3,6, , , , ,2, , , , , ,2, , , , ,15,7,10,1,2,3,4,5,1,11,1, , , , , ,6,6,3,2,9,8,1,1.450431
2,97200081,10638,1369,14,13,1,1,2, , , , , , , , , ,2, , , , ,3,3, , , , ,2, , , , , ,2, , , , ,15,2,4,4, , , , ,1,8,1, , , , , ,9,4,2,2,8,9,1,.679016
1,96144327,4714,264,10,9,1,1,2, , , , , , , , , ,3, , , , ,3,3,65, , , ,1,2, , , , ,2, , , , ,15,1,12,4, , , , ,1,8,1, , , , , ,9,5,13,2,4,3,2,.566247
1,96107501,840,42,26,25,1,1,15,16, , , , , , , , ,3, , , , ,4, , , , , ,1,2, , , , ,2, , , , ,15,0,8,4, , , , ,10,4,1, , , , , ,7,6,4,1,10,2,2,.944598
1,96140876,4736,250,5,4,1,1,2, , , , , , , , , ,3, , , , ,4, , , , , ,1,2,6, , , ,2, , , , ,15,0,5,4, , , , ,9,8,1, , , , , ,4,5,5,2,4,3,2,.659734
1,96152579,967,310,20,19,1,1,4, , , , , , , , , ,3, , , , ,4, , , , , ,2, , , , , ,2, , , , ,15,0,12,1,2,4, , ,11,9,1, , , , , ,5,5,6,1,8,2,1,2.648184
2,96134148,6966,874,17,16,1,1,12,15, , , , , , , , ,3, , , , ,4, , , , , ,1,2,4,6,7, ,2, , , , ,15,0,11,4, , , , ,1,9,1, , , , , ,9,3,2,2,10,1,1,1.235905
2,96137741,7048,890,7,6,1,1,5, , , , , , , , , ,3, , , , ,4, , , , , ,1,2, , , , ,2, , , , ,15,0,1, , , , , ,1,5,1, , , , , ,10,1,11,2,1,2,2,.521395
2,96165091,7696,983,30,29,1,1,2, , , , , , , , , ,3, , , , ,4, , , , , ,1,2, , , , ,2, , , , ,15,0,12,4, , , , ,1,1,1, , , , , ,9,6,13,2,6,2,1,1.259951
2,96214257,8320,1074,21,20,1,2,30, , , , , , , , , ,3, , , , ,4, , , , , ,1,2,4,7, , ,2, , , , ,15,0,6,4, , , , ,3,11,1, , , , , ,9,5,4,2,9,6,1,1.244144
2,96259906,9472,1202,26,25,1,1,15, , , , , , , , , ,3, , , , ,4, , , , , ,1,2,3,4,6,7,2, , , , ,15,0,5,4,5, , , ,11,5,1, , , , , ,3,5,3,1,9,19,2,2.322338
2,97101343,9562,1216,6,5,1,1,2, , , , , , , , , ,2, , , , ,4, , , , , ,1,2,6, , , ,2, , , , ,15,0,14,4, , , , ,1,11,1, , , , , ,11,4,2,2,6,2,1,.658673
2,97110352,10043,1284,6,5,1,1,15, , , , , , , , , ,3, , , , ,4, , , , , ,2, , , , , ,1,2, , , ,15,0,1, , , , , ,10,4,1, , , , , ,9,5,1,2,10,2,2,.510082
2,97217390,11525,1487,90,89,1,2,62, , , , , , , , , ,3, , , , ,4, , , , , ,2, , , , , ,2, , , , ,15,0,7,4, , , , ,13,12,1, , , , , ,5,5,5,1,8,5,2,1.410764
3,96108638,12289,1604,60,59,1,1,2, , , , , , , , , ,2, , , , ,4, , , , , ,2, , , , , ,2, , , , ,15,0,1, , , , , ,1,1,1, , , , , ,6,5,4,2,7,3,1,1.819431
3,96117964,12464,1642,21,20,1,1,15, , , , , , , , , ,2, , , , ,4, , , , , ,1,2,4, , , ,2, , , , ,15,0,4,4, , , , ,1,10,1, , , , , ,7,6,4,1,8,1,2,.835494
3,96122274,12551,1653,10,9,1,1,15, , , , , , , , , ,2, , , , ,4, , , , , ,1,2,4, , , ,2, , , , ,15,0,1, , , , , ,9,5,1, , , , , ,4,6,5,1,7,2,1,1.788231
3,96246045,14555,1947,14,13,1,1,22, , , , , , , , , ,2, , , , ,4, , , , , ,1,2,3,6, , ,2, , , , ,15,0,6,4, , , , ,9,11,1, , , , , ,6,5,3,1,2,16,2,.730666
3,96259906,14778,1971,30,28,1,1,15, , , , , , , , , ,3, , , , ,4, , , , , ,1,2,4,6,7, ,2, , , , ,15,0,3,4,5, , , ,11,3,1, , , , , ,4,5,3,1,9,19,2,1.664226
3,98108213,15230,2030,14,13,1,2,21, , , , , , , , , ,2, , , , ,4, , , , , ,1,2,4,6, , ,2, , , , ,15,0,1, , , , , ,11,9,1, , , , , ,4,6,4,1,8,10,2,1.113894
3,98117818,15714,2096,60,59,1,1,16, , , , , , , , , ,3, , , , ,4, , , , , ,2, , , , , ,2, , , , ,15,0,1, , , , , ,1,3,1, , , , , ,9,3,13,2,3,1,2,.628846
4,96117964,18446,2476,16,15,1,1,15, , , , , , , , , ,3, , , , ,4, , , , , ,1,2,4, , , ,2, , , , ,15,0,11,3,4, , , ,10,8,1, , , , , ,7,6,4,1,8,1,2,.704302
4,99118666,21468,2901,2,1,1,1,12, , , , , , , , , ,2, , , , ,4, , , , , ,1,2,4,6, , ,2, , , , ,15,0,10,4, , , , ,1,11,1, , , , , ,8,6,2,2,9,2,1,.599609
4,99226838,23492,3165,14,13,1,1,1,26, , , , , , , , ,2, , , , ,4, , , , , ,1,2,4,5, , ,2, , , , ,15,0,1, , , , , ,1,13,1, , , , , ,4,6,5,2,8,4,1,2.196159
4,99227155,23514,3168,17,16,1,1,12, , , , , , , , , ,3, , , , ,4, , , , , ,2, , , , , ,2, , , , ,15,0,8,1,4,5, , ,9,1,1, , , , , ,8,3,11,2,9,6,2,.825419
4,99232621,23796,3218,8,7,1,1,12, , , , , , , , , ,3, , , , ,4, , , , , ,1,2,4,6, , ,2, , , , ,15,0,11,1,4,5, , ,8,8,1, , , , , ,9,5,3,2,8,6,1,.595622
1,96109693,3745,61,12,11,1,2,20,21,22, , , , , , , ,3, , , , ,4, , , , , ,1,2, , , , ,2, , , , ,14,0,11,4, , , , ,12,14,1, , , , , ,5,6,5,1,8,10,2,1.213977
1,96168212,3776,378,5,4,1,1,15, , , , , , , , , ,3, , , , ,4, , , , , ,2, , , , , ,2, , , , ,14,0,7,4, , , , ,4,6,1, , , , , ,8,4,6,1,7,10,2,.491685
1,96110892,4505,71,14,13,1,1,15, , , , , , , , , ,3, , , , ,4, , , , , ,1,2,4,6,7, ,2, , , , ,13,0,11,4, , , , ,1,4,1, , , , , ,4,6,5,1,7,3,1,1.306574
1,96150299,2092,299,7,6,1,1,13, , , , , , , , , ,2, , , , ,4, , , , , ,1,2,4, , , ,2, , , , ,13,0,1, , , , , ,10,4,1, , , , , ,6,5,2,2,8,4,1,1.246504
2,96109668,6341,778,4,3,1,1,2, , , , , , , , , ,2, , , , ,4, , , , , ,1,2,4, , , ,2, , , , ,13,0,1, , , , , ,9,1,1, , , , , ,6,5,2,2,10,2,1,1.854494
2,96109693,6344,780,16,15,1,2,21,22, , , , , , , , ,3, , , , ,4, , , , , ,1,2, , , , ,2, , , , ,13,0,12,2,4, , , ,12,14,1, , , , , ,5,6,5,1,8,10,2,1.274449
3,96159700,13257,1761,30,29,1,1,2, , , , , , , , , ,3, , , , ,4, , , , , ,1,2, , , , ,2, , , , ,13,0,1, , , , , ,1,8,1, , , , , ,6,5,6,2,5,4,1,1.633834
3,98226035,17692,2373,9,8,1,1,12, , , , , , , , , ,3, , , , ,4, , , , , ,1,4, , , , ,2, , , , ,13,0,8,4, , , , ,1,9,1, , , , , ,10,5,13,2,10,9,1,.458178
4,99119124,21483,2904,29,28,1,1,8, , , , , , , , , ,5, , , , ,4, , , , , ,2, , , , , ,2, , , , ,13,0,5,3, , , , ,9,1,1, , , , , ,5,5,6,1,10,18,1,2.197053
4,99203969,22362,3011,5,4,1,1,12, , , , , , , , , ,2, , , , ,4, , , , , ,1,1,2,3,4,6,2, , , , ,13,0,1, , , , , ,9,14,1, , , , , ,8,2,8,2,10,4,1,.654426
1,96146735,2108,283,8,7,1,2,60, , , , , , , , , ,2, , , , ,1,6, , , , ,2, , , , , ,2, , , , ,12,10,1, , , , , ,11,11,1, , , , , ,9,4,4,1,8,4,1,.723628
2,96225505,8631,1109,5,4,1,1,4, , , , , , , , , ,2, , , , ,3,5, , , , ,2, , , , , ,2, , , , ,12,10,1, , , , , ,10,1,1, , , , , ,7,4,4,1,8,5,1,.847566
3,98226760,17733,2379,8,7,1,1,4, , , , , , , , , ,2, , , , ,1,6, , , , ,2, , , , , ,2, , , , ,12,10,1, , , , , ,10,10,1, , , , , ,10,6,3,2,9,6,1,.643269
4,96245771,20298,2738,5,4,1,1,12, , , , , , , , , ,2, , , , ,1,6, , , , ,2, , , , , ,2, , , , ,12,10,1, , , , , ,9,1,1, , , , , ,6,3,6,2,6,5,2,.96397
4,99238994,24088,3249,6,5,1,1,12, , , , , , , , , ,2, , , , ,1,2,6, , , ,2, , , , , ,2, , , , ,12,10,1, , , , , ,1,6,1, , , , , ,6,5,4,2,9,4,2,1.231694
2,96258450,9441,1196,5,4,1,1,12, , , , , , , , , ,2, , , , ,3,6, , , , ,2, , , , , ,2, , , , ,12,9,1, , , , , ,5,4,1, , , , , ,5,5,5,2,7,9,2,1.119662
2,96212332,8271,1066,8,7,1,1,2, , , , , , , , , ,2, , , , ,3,2, , , , ,2, , , , , ,2, , , , ,12,7,1, , , , , ,1,9,1, , , , , ,8,5,2,2,10,6,1,1.128066
1,96216904,3563,525,30,29,1,1,2, , , , , , , , , ,3, , , , ,3,2,3, , , ,2, , , , , ,2, , , , ,12,3,7,4,5, , , ,1,9,1, , , , , ,6,3,11,2,1,12,2,1.170786
1,96158979,828,339,3,2,1,1,6, , , , , , , , , ,3, , , , ,4, , , , , ,1,2,4, , , ,2, , , , ,12,0,3,4, , , , ,1,11,1, , , , , ,8,5,2,2,10,2,1,1.826654
1,96217361,2716,529,7,6,1,1,29, , , , , , , , , ,3, , , , ,4, , , , , ,1,2,6, , , ,2, , , , ,12,0,1, , , , , ,1,2,1, , , , , ,8,6,13,2,8,19,1,1.02146
2,96117184,6532,808,10,9,1,1,12, , , , , , , , , ,2, , , , ,4, , , , , ,1,2,3,4,6, ,2, , , , ,12,0,1, , , , , ,11,10,1, , , , , ,8,6,11,2,5,4,2,.641336
2,96138015,7057,892,24,23,1,1,15, , , , , , , , , ,3, , , , ,4, , , , , ,1,2, , , , ,2, , , , ,12,0,1, , , , , ,1,8,1, , , , , ,9,4,11,2,8,2,2,.832948
2,96208059,8168,1046,15,14,1,1,29, , , , , , , , , ,3, , , , ,4, , , , , ,1,2,6, , , ,2, , , , ,12,0,12,4, , , , ,11,11,1, , , , , ,9,3,13,2,5,6,1,.700408
2,97214543,11389,1474,11,10,3, ,2, , , , , , , , , ,3, , , , ,4, , , , , ,1,2,3, , , ,2, , , , ,12,0,12,1,4, , , ,11,9,1, , , , , ,6,3,11,2,6,21,2,.725873
3,96109668,12312,1613,3,2,1,1,1, , , , , , , , , ,2, , , , ,4, , , , , ,1,2,4, , , ,2, , , , ,12,0,1, , , , , ,1,1,1, , , , , ,6,5,2,2,10,2,1,1.368222
3,96113216,12384,1629,6,5,1,2,12, , , , , , , , , ,3, , , , ,4, , , , , ,1,1,2,3,4,6,2, , , , ,12,0,1, , , , , ,1,1,1, , , , , ,6,6,5,2,7,1,2,.947542
3,96137741,12840,1699,7,6,1,1,5, , , , , , , , , ,3, , , , ,4, , , , , ,1,2, , , , ,2, , , , ,12,0,4,4, , , , ,1,3,1, , , , , ,10,1,11,2,5,2,2,.544996
3,98119473,15817,2112,21,20,1,1,21, , , , , , , , , ,3, , , , ,4, , , , , ,1,2, , , , ,2, , , , ,12,0,2,4, , , , ,4,1,1, , , , , ,6,6,12,2,1,2,2,1.150461
4,96227509,19940,2702,5,4,1,1,13, , , , , , , , , ,2, , , , ,4, , , , , ,2, , , , , ,2, , , , ,12,0,1, , , , , ,8,8,1, , , , , ,5,5,4,1,7,6,2,1.388087
4,99206528,22505,3030,40,39,1,1,12, , , , , , , , , ,3, , , , ,4, , , , , ,1,2,4, , , ,2, , , , ,12,0,10,4, , , , ,12,2,1, , , , , ,10,3,13,2,5,6,1,1.420113
3,98234645,18116,2436,7,6,1,2,5, , , , , , , , , ,2, , , , ,1,6, , , , ,1,7, , , , ,2, , , , ,11,11,1, , , , , ,9,2,1, , , , , ,5,5,4,2,8,8,2,1.418933
4,96169823,19294,2609,40,39,1,2,19,20,21,22,28, , , , , ,2, , , , ,3,6, , , , ,1,6, , , , ,2, , , , ,11,10,3,2, , , , ,1,5,1, , , , , ,5,5,4,2,7,2,1,5.514199
1,96230888,4906,605,6,5,1,1,12, , , , , , , , , ,2, , , , ,3,6, , , , ,1,6, , , , ,2, , , , ,11,8,1, , , , , ,1,1,1, , , , , ,6,6,3,1,9,7,2,.781388
1,96230496,4155,602,7,6,1,1,12, , , , , , , , , ,2, , , , ,2,2,3, , , ,2, , , , , ,2, , , , ,11,6,1, , , , , ,14,11,1, , , , , ,11,4,13,2,10,8,1,.646984
1,96131318,4316,193,5,4,1,1,7, , , , , , , , , ,2, , , , ,3,6, , , , ,2, , , , , ,2, , , , ,11,5,1, , , , , ,1,2,1, , , , , ,7,5,2,2,10,3,1,.796828
4,99200005,22160,2987,15,14,1,1,5,9, , , , , , , , ,2, , , , ,3,6, , , , ,2, , , , , ,2, , , , ,11,5,1, , , , , ,1,1,1, , , , , ,10,6,2,1,5,4,1,.510361
1,96169581,3890,391,4,3,1,1,13, , , , , , , , , ,2, , , , ,3,4, , , , ,2, , , , , ,2, , , , ,11,4,6,4, , , , ,11,10,1, , , , , ,5,5,6,1,5,10,2,1.354951
2,97109342,9979,1274,5,4,1,1,1, , , , , , , , , ,3, , , , ,2,3, , , , ,2, , , , , ,2, , , , ,11,4,1, , , , , ,7,9,1, , , , , ,8,4,11,2,2,2,2,.555076
2,97120254,10530,1355,28,27,1,1,9, , , , , , , , , ,2, , , , ,3,6, , , , ,2, , , , , ,2, , , , ,11,3,1, , , , , ,1,4,1, , , , , ,5,6,3,2,9,2,1,3.870945
1,96121067,2806,130,2,1,1,2,1, , , , , , , , , ,2, , , , ,4, , , , , ,1,2,4, , , ,2, , , , ,11,0,1, , , , , ,1,9,1, , , , , ,6,6,2,2,10,18,1,3.812166
1,96122758,1159,146,14,13,1,1,5, , , , , , , , , ,3, , , , ,4, , , , , ,1,2, , , , ,2, , , , ,11,0,5,4, , , , ,9,7,1, , , , , ,3,5,6,1,6,2,1,1.914934
1,96140192,883,245,20,19,1,1,10, , , , , , , , , ,2, , , , ,4, , , , , ,1,2, , , , ,2, , , , ,11,0,1, , , , , ,1,9,1, , , , , ,5,5,8,1,9,2,1,2.648184
1,96150811,856,301,4,3,1,1,12, , , , , , , , , ,3, , , , ,4, , , , , ,1,2, , , , ,2, , , , ,11,0,1, , , , , ,1,5,1, , , , , ,7,6,7,2,9,2,1,1.253273
1,96174946,896,423,5,4,1,1,2, , , , , , , , , ,3, , , , ,4, , , , , ,1,2,4, , , ,2, , , , ,11,0,13,4, , , , ,6,3,1, , , , , ,11,5,13,4,8,2,2,.432396
1,96177453,778,434,75,74,1,1,29, , , , , , , , , ,3, , , , ,4, , , , , ,2, , , , , ,2, , , , ,11,0,7,4, , , , ,11,10,1, , , , , ,11,4,13,4,10,2,2,2.838129
1,96215996,4283,520,8,7,1,1,12, , , , , , , , , ,3, , , , ,4, , , , , ,1,2,6, , , ,2, , , , ,11,0,10,2,3, , , ,5,10,1, , , , , ,6,5,11,2,2,8,2,.783779
1,96246597,1420,678,5,4,1,1,12, , , , , , , , , ,2, , , , ,4, , , , , ,1,2,4, , , ,2, , , , ,11,0,2,1, , , , ,9,9,1, , , , , ,7,4,4,3,10,5,2,.492404
2,96144327,7226,916,21,20,1,1,2, , , , , , , , , ,3, , , , ,4, , , , , ,1,2, , , , ,2, , , , ,11,0,12,4, , , , ,1,10,1, , , , , ,9,5,13,2,5,3,2,.802551
2,96237646,8972,1152,5,4,1,1,12, , , , , , , , , ,2, , , , ,4, , , , , ,1,2,3,4,5,6,2, , , , ,11,0,14,2,4,5, , ,1,12,1, , , , , ,5,5,6,1,8,5,2,1.137642
3,96160653,13275,1764,18,17,1,1,2,6, , , , , , , , ,2, , , , ,4, , , , , ,1,2,4, , , ,2, , , , ,11,0,1, , , , , ,1,3,1, , , , , ,8,6,5,1,6,1,2,.835494
3,98107099,15166,2020,9,8,1,1,12, , , , , , , , , ,3, , , , ,4, , , , , ,2, , , , , ,2, , , , ,11,0,4,4, , , , ,11,4,1, , , , , ,9,5,5,2,8,2,1,.569591
4,96109668,18313,2461,4,3,1,1,4, , , , , , , , , ,2, , , , ,4, , , , , ,1,2,4, , , ,2, , , , ,11,0,1, , , , , ,9,1,1, , , , , ,6,5,2,2,10,2,1,2.307275
4,99105072,20791,2804,15,14,1,2,2, , , , , , , , , ,3, , , , ,4, , , , , ,1,2, , , , ,2, , , , ,11,0,14,2,4, , , ,88,9,1, , , , , ,8,5,13,2,8,2,2,.744022
4,99122061,21640,2923,10,9,1,1,5, , , , , , , , , ,3,3, ,2, ,4, , , , , ,1,2,4,6, , ,2, , , , ,11,0,1, , , , , ,1,2,1, , , , , ,11,6,13,4,10,3,1,.504351
4,99124857,21776,2938,17,16,1,2,30, , , , , , , , , ,3, , , , ,4, , , , , ,2, , , , , ,2, , , , ,11,0,4,3, , , , ,1,5,1, , , , , ,8,6,13,2,9,3,2,.772942
4,99126676,21848,2950,20,19,1,2,1,2,3, , , , , , , ,2, , , , ,4, , , , , ,2, , , , , ,2, , , , ,11,0,1, , , , , ,1,7,1, , , , , ,8,4,2,2,7,2,1,1.046886
2,96112362,6420,788,10,9,1,1,7, , , , , , , , , ,3, , , , ,3,6, , , , ,2, , , , , ,2, , , , ,10,10,1, , , , , ,9,1,1, , , , , ,11,1,7,2,4,4,1,.580489
3,96158342,13233,1757,9,8,1,2,2, , , , , , , , , ,2, , , , ,2,1,2,5, , ,2, , , , , ,2, , , , ,10,10,1, , , , , ,9,5,1, , , , , ,8,4,5,2,6,2,2,.573995
3,96251500,14641,1955,4,3,1,2,5, , , , , , , , , ,2, , , , ,2,6, , , , ,2, , , , , ,2, , , , ,10,10,4,1,2,5, , ,1,8,1, , , , , ,8,5,10,3,10,6,1,1.322407
4,99219433,23135,3118,7,6,1,1,7, , , , , , , , , ,2, , , , ,1,2,6, , , ,2, , , , , ,2, , , , ,10,10,1, , , , , ,1,1,1, , , , , ,11,5,13,2,8,13,1,.449503
4,99210272,22703,3065,18,17,1,2,14, , , , , , , , , ,2, , , , ,3,6, , , , ,1,6, , , , ,2, , , , ,10,8,1, , , , , ,1,1,1, , , , , ,8,6,3,2,10,12,1,.959951
1,96218639,2714,543,5,4,1,1,6, , , , , , , , , ,2, , , , ,3,6, , , , ,2, , , , , ,2, , , , ,10,7,1, , , , , ,8,4,1, , , , , ,7,6,2,2,9,19,1,.801021
1,96251516,317,697,6,5,1,2,4, , , , , , , , , ,2, , , , ,1,6, , , , ,2, , , , , ,2, , , , ,10,7,10,1,2,3, , ,7,10,1, , , , , ,6,5,3,1,7,6,1,1.246221
3,96227957,14161,1896,7,6,1,1,6, , , , , , , , , ,2, , , , ,3,6, , , , ,2, , , , , ,2, , , , ,10,7,8,1,4,5, , ,9,14,1, , , , , ,7,6,2,2,9,22,1,.097622
4,99208039,22580,3043,5,4,1,1,9, , , , , , , , , ,2, , , , ,3,2, , , , ,1,4,6, , , ,2, , , , ,10,7,6,4, , , , ,7,9,1, , , , , ,8,4,2,2,10,5,1,.654458
1,96144875,5044,267,20,19,1,1,2, , , , , , , , , ,2, , , , ,3,6, , , , ,2, , , , , ,2, , , , ,10,6,9,4, , , , ,3,7,1, , , , , ,11,4,2,2,10,1,1,.96558
3,96229401,14183,1899,8,7,1,1,5, , , , , , , , , ,2, , , , ,3,2, , , , ,2, , , , , ,2, , , , ,10,6,8,4, , , , ,8,4,1, , , , , ,11,3,6,2,4,8,1,.590953
1,96153666,2036,317,15,14,1,1,1,2,3, , , , , , , ,2, , , , ,3,6, , , , ,1,1,3, , , ,2, , , , ,10,5,4,5, , , , ,1,7,1, , , , , ,4,6,5,1,9,4,2,.927807
2,96118879,6565,813,5,4,1,1,12, , , , , , , , , ,2, , , , ,2,6, , , , ,2, , , , , ,2, , , , ,10,5,1, , , , , ,7,8,1, , , , , ,8,5,5,2,7,2,2,.555076
4,96201888,19444,2629,5,4,1,1,12, , , , , , , , , ,2, , , , ,3,6, , , , ,2, , , , , ,2, , , , ,10,5,1, , , , , ,88,6,1, , , , , ,5,6,2,2,8,5,1,1.454058
2,96109414,6334,777,4,3,1,1,12, , , , , , , , , ,3, , , , ,3,2, , , , ,1,4, , , , ,2, , , , ,10,4,7,4, , , , ,5,9,1, , , , , ,7,6,6,1,9,3,2,.864131
2,97107901,9914,1265,5,4,1,1,13, , , , , , , , , ,2, , , , ,4, , , , , ,1,4, , , , ,2, , , , ,10,4,1, , , , , ,1,4,1, , , , , ,10,5,2,2,10,2,1,.536518
2,97201572,10726,1389,7,6,1,1,12, , , , , , , , , ,2, , , , ,3,3, , , , ,2, , , , , ,2, , , , ,10,4,1, , , , , ,1,10,1, , , , , ,11,6,13,2,9,5,1,.640671
3,96124829,12615,1663,20,19,1,1,2, , , , , , , , , ,3, , , , ,2,1, , , , ,2, , , , , ,2, , , , ,10,3,12,4, , , , ,10,1,1, , , , , ,9,5,13,2,7,3,1,.845391
3,98102170,14909,1989,9,8,1,2,2, , , , , , , , , ,3, , , , ,2,3,4, , , ,2, , , , , ,2, , , , ,10,2,12,4, , , , ,1,11,1, , , , , ,4,6,1,2,9,3,1,1.73118
1,96160375,6016,344,15,14,1,1,12, , , , , , , , , ,3, , , , ,4, , , , , ,2, , , , , ,2, , , , ,10,0,1, , , , , ,9,6,1, , , , , ,9,4,11,2,1,1,2,.566539
1,96160653,5344,346,5,4,1,1,5,6, , , , , , , , ,2, , , , ,4, , , , , ,2, , , , , ,2, , , , ,10,0,4,4, , , , ,9,4,1, , , , , ,8,6,5,1,7,1,2,.491552
1,96211520,1785,491,10,9,1,2,1, , , , , , , , , ,3, , , , ,4, , , , , ,1,2, , , , ,2, , , , ,10,0,10,4, , , , ,88,88,1, , , , , ,8,2,11,2,4,5,2,.691378
1,96228918,681,593,8,7,1,1,12, , , , , , , , , ,3, , , , ,4, , , , , ,1,2,3,4, , ,2, , , , ,10,0,8,4,5, , , ,7,11,1, , , , , ,6,5,11,2,2,6,2,.779311
2,96110892,6377,782,8,7,1,1,12,15, , , , , , , , ,3, , , , ,4, , , , , ,1,2,6, , , ,2, , , , ,10,0,5,4,5, , , ,1,3,1, , , , , ,4,6,5,1,7,3,1,1.692432
2,96116691,6528,805,6,5,1,1,29, , , , , , , , , ,3, , , , ,4, , , , , ,1,2, , , , ,2, , , , ,10,0,1, , , , , ,88,4,1, , , , , ,10,1,13,4,3,1,2,.511445
2,96174946,7885,1012,5,4,1,1,2, , , , , , , , , ,3, , , , ,4, , , , , ,1,2,4, , , ,2, , , , ,10,0,11,4, , , , ,7,3,1, , , , , ,11,5,13,4,8,2,2,.442329
2,96258981,9448,1198,7,6,1,1,2, , , , , , , , , ,3,3, , , ,4, , , , , ,2, , , , , ,2, , , , ,10,0,1, , , , , ,88,9,1, , , , , ,11,1,13,2,3,13,2,.538679
2,97110002,10023,1281,7,6,1,2,12, , , , , , , , , ,3, , , , ,4, , , , , ,1,2,4, , , ,2, , , , ,10,0,1, , , , , ,11,5,1, , , , , ,7,3,8,2,6,1,2,.713827
2,97118050,10417,1336,26,25,1,2,2, , , , , , , , , ,3, , , , ,4, , , , , ,1,2,4,6, , ,2, , , , ,10,0,12,4, , , , ,1,5,1, , , , , ,8,5,3,2,6,1,2,1.165656
2,97121871,10591,1364,16,15,1,1,12, , , , , , , , , ,3, , , , ,4, , , , , ,1,2, , , , ,2, , , , ,10,0,13,3,4,65, , ,10,3,1, , , , , ,10,5,13,2,8,2,1,.646622
2,97211823,11252,1450,7,6,1,1,9, , , , , , , , , ,2, , , , ,4, , , , , ,2, , , , , ,2, , , , ,10,0,4,4, , , , ,88,9,1, , , , , ,7,6,2,1,10,4,1,1.095175
3,96109668,12312,1612,3,2,1,1,1, , , , , , , , , ,2, , , , ,4, , , , , ,1,2,4, , , ,2, , , , ,10,0,1, , , , , ,1,1,1, , , , , ,6,5,2,2,10,2,1,1.368222
3,96109668,12312,1614,3,2,1,1,2, , , , , , , , , ,2, , , , ,4, , , , , ,1,2,4, , , ,2, , , , ,10,0,1, , , , , ,10,1,1, , , , , ,6,5,2,2,10,2,1,1.368222
3,96169609,13415,1780,5,4,1,2,13, , , , , , , , , ,3, , , , ,4, , , , , ,1,2,4,6, , ,2, , , , ,10,0,8,4, , , , ,8,6,1, , , , , ,8,5,13,2,5,3,2,.493119
3,98102251,14916,1991,4,3,1,2,1, , , , , , , , , ,3, , , , ,4, , , , , ,1,2,4, , , ,2, , , , ,10,0,1, , , , , ,9,88,1, , , , , ,8,5,2,2,10,2,2,.840157
3,98206616,16609,2224,20,19,1,1,2, , , , , , , , , ,3, , , , ,4, , , , , ,2, , , , , ,2, , , , ,10,0,4,4, , , , ,1,9,1, , , , , ,6,2,8,2,6,8,1,1.726764
3,98217874,17262,2315,30,29,1,1,7, , , , , , , , , ,3, , , , ,4, , , , , ,1,2,4, , , ,2, , , , ,10,0,5,1, , , , ,9,11,1, , , , , ,6,4,11,2,5,13,2,.978618
4,96139041,18810,2532,8,7,1,1,12, , , , , , , , , ,2, , , , ,4, , , , , ,1,2,4, , , ,2, , , , ,10,0,1, , , , , ,1,3,1, , , , , ,10,6,3,2,9,2,1,.503376
4,96174126,19350,2618,5,4,1,2,4, , , , , , , , , ,2, , , , ,4, , , , , ,1,2,4,6, , ,2, , , , ,10,0,1, , , , , ,11,5,1, , , , , ,7,6,2,2,8,3,1,.652003
4,96223871,19873,2694,5,4,1,1,12, , , , , , , , , ,3, , , , ,4, , , , , ,1,2,6, , , ,2, , , , ,10,0,5,2,4, , , ,9,9,1, , , , , ,7,5,3,2,9,8,1,.64117
4,99102311,20640,2786,5,4,1,1,12, , , , , , , , , ,3, , , , ,4, , , , , ,1,2,4, , , ,2, , , , ,10,0,7,4, , , , ,1,4,1, , , , , ,5,5,11,2,8,3,2,1.299838
4,99105174,20801,2808,20,19,1,1,1, , , , , , , , , ,3, , , , ,4, , , , , ,1,2, , , , ,2, , , , ,10,0,1, , , , , ,1,11,1, , , , , ,9,3,11,2,6,1,2,.62967
4,99109405,21028,2833,7,6,1,2,12, , , , , , , , , ,2, , , , ,4, , , , , ,1,2,3,4,6, ,2, , , , ,10,0,1, , , , , ,8,1,1, , , , , ,6,6,5,2,9,2,2,1.303096
4,99235713,23944,3237,5,4,1,1,12, , , , , , , , , ,2, , , , ,4, , , , , ,1,2,4, , , ,2, , , , ,10,0,2,1,3, , , ,9,8,1, , , , , ,5,5,4,1,7,19,1,1.452969
2,96214819,8332,1076,8,7,1,2,2, , , , , , , , , ,3, , , , ,3,6, , , , ,2, , , , , ,2, , , , ,9,88,1, , , , , ,1,5,1, , , , , ,10,2,8,2,5,6,1,.694561
1,96218292,467,539,12,11,1,2,60, , , , , , , , , ,2, , , , ,3,6, , , , ,2, , , , , ,2, , , , ,9,7,8,2, , , , ,88,12,1, , , , , ,4,5,3,1,6,6,2,.927597
1,96224558,4190,576,6,5,1,1,9, , , , , , , , , ,2, , , , ,1,1,2,6, , ,1,6, , , , ,2, , , , ,9,7,8,1,2,3, , ,8,1,1, , , , , ,8,4,6,2,8,8,2,.630961
1,96109414,4362,57,6,5,1,1,12, , , , , , , , , ,2, , , , ,3,3,6, , , ,2, , , , , ,2, , , , ,9,5,9,4, , , , ,6,9,1, , , , , ,7,6,6,1,9,3,2,.626503
3,98227647,17786,2388,6,5,1,1,12, , , , , , , , , ,3, , , , ,3,2,3, , , ,2, , , , , ,2, , , , ,9,5,6,4, , , , ,9,11,1, , , , , ,7,6,11,2,7,19,2,.659578
1,96113828,2025,89,15,14,1,1,2, , , , , , , , , ,2, , , , ,4, , , , , ,1,2,4, , , ,2, , , , ,9,0,1, , , , , ,11,10,1, , , , , ,7,5,2,2,9,4,1,1.120607
1,96148322,873,290,4,3,1,1,6, , , , , , , , , ,2, , , , ,4, , , , , ,1,2,4, , , ,2, , , , ,9,0,6,4, , , , ,8,11,1, , , , , ,7,6,2,2,9,2,2,.772728
1,96252179,3195,705,8,7,1,1,2, , , , , , , , , ,3, , , , ,4, , , , , ,2, , , , , ,2, , , , ,9,0,1, , , , , ,1,9,1, , , , , ,6,2,6,2,5,14,2,.780892
2,97104012,9722,1243,7,6,1,1,12, , , , , , , , , ,3, , , , ,4, , , , , ,1,2,4,6,7, ,2, , , , ,9,0,5,4, , , , ,1,5,1, , , , , ,8,4,13,2,9,1,2,.713827
2,97207285,11019,1425,5,4,1,2,12, , , , , , , , , ,3, , , , ,4, , , , , ,1,2,4,6, , ,2, , , , ,9,0,6,4,5, , , ,1,10,1, , , , , ,5,6,5,1,8,6,2,1.154935
3,98125728,16115,2153,10,9,1,1,12, , , , , , , , , ,3, , , , ,4, , , , , ,1,2,4, , , ,2, , , , ,9,0,2,4, , , , ,4,7,1, , , , , ,10,4,13,2,5,3,1,.489727
3,98217478,17238,2312,10,9,1,2,2, , , , , , , , , ,3, , , , ,4, , , , , ,1,2, , , , ,2, , , , ,9,0,1, , , , , ,1,11,1, , , , , ,5,5,8,2,7,19,1,1.517971
4,96150962,18998,2564,5,4,1,1,12, , , , , , , , , ,3, , , , ,4, , , , , ,2, , , , , ,2, , , , ,9,0,1, , , , , ,9,7,1, , , , , ,10,5,13,2,8,3,2,.415433
4,96260728,20510,2764,5,4,1,1,2, , , , , , , , , ,3, , , , ,4, , , , , ,2, , , , , ,2, , , , ,9,0,7,4, , , , ,7,7,1, , , , , ,8,4,4,2,8,8,1,.64117
4,99129009,21936,2964,10,9,1,1,12, , , , , , , , , ,3, , , , ,4, , , , , ,1,2, , , , ,2, , , , ,9,0,10,4, , , , ,1,5,1, , , , , ,9,3,11,2,6,1,2,.570779
4,99225243,23418,3154,5,4,1,1,13, , , , , , , , , ,2, , , , ,4, , , , , ,1,2,4, , , ,2, , , , ,9,0,1, , , , , ,8,8,1, , , , , ,5,6,2,2,9,6,1,1.546952
1,96134997,846,217,4,3,1,1,6, , , , , , , , , ,2, , , , ,3,6, , , , ,2, , , , , ,2, , , , ,8,88,1, , , , , ,9,4,1, , , , , ,6,6,2,1,10,2,2,.959882
1,96223300,1484,569,4,3,1,1,6, , , , , , , , , ,2, , , , ,1,6, , , , ,2, , , , , ,2, , , , ,8,7,1, , , , , ,1,8,1, , , , , ,7,5,6,2,8,5,1,1.251548
3,96203391,13624,1817,5,4,1,1,9, , , , , , , , , ,3, , , , ,1,2,4,6, , ,2, , , , , ,2, , , , ,8,6,1, , , , , ,8,11,1, , , , , ,5,5,2,2,9,13,1,1.326218
2,96101217,6087,742,7,6,1,2,12, , , , , , , , , ,2, , , , ,3,4, , , , ,1,4, , , , ,2, , , , ,8,4,8,4, , , , ,9,7,1, , , , , ,9,6,1,2,10,2,1,.771572
3,96108932,12296,1606,5,4,3, ,2, , , , , , , , , ,3, , , , ,2,6, , , , ,2, , , , , ,2, , , , ,8,4,7,4, , , , ,1,8,1, , , , , ,10,3,13,2,8,18,1,.441089
3,98227647,17786,2387,9,8,1,1,2, , , , , , , , , ,3, , , , ,3,2,3, , , ,2, , , , , ,2, , , , ,8,4,1, , , , , ,9,11,1, , , , , ,7,6,11,2,7,19,2,.495933
2,96223349,8575,1101,4,3,1,2,2, , , , , , , , , ,2, , , , ,2,1,2,3,6, ,1,4, , , , ,2, , , , ,8,3,1, , , , , ,1,3,1, , , , , ,6,5,5,2,8,6,2,1.171637
3,96131241,12729,1675,14,13,1,1,2, , , , , , , , , ,2, , , , ,2,6, , , , ,1,65, , , , ,2, , , , ,8,3,1, , , , , ,1,9,1, , , , , ,6,5,4,2,9,10,1,1.042987
3,96246648,14569,1948,4,3,1,2,2, , , , , , , , , ,2, , , , ,3,6, , , , ,2, , , , , ,2, , , , ,8,3,1, , , , , ,8,9,1, , , , , ,5,5,4,1,7,6,2,1.559495
4,96215970,19717,2669,9,8,1,2,2, , , , , , , , , ,3, , , , ,3,1,2, , , ,2, , , , , ,2, , , , ,8,3,12,4, , , , ,9,10,1, , , , , ,7,2,11,2,1,20,2,.748968
1,96170003,5055,395,21,20,1,2,2, , , , , , , , , ,2, , , , ,3,3,4, , , ,1,3,5,6,7, ,2, , , , ,8,2,5,65, , , , ,1,7,1, , , , , ,5,5,2,1,10,1,1,2.639963
2,96259807,9468,1201,8,7,1,2,9, , , , , , , , , ,3, , , , ,3,2, , , , ,2, , , , , ,2, , , , ,8,2,1, , , , , ,1,3,1, , , , , ,10,4,13,3,2,8,1,.653099
1,96221160,335,557,21,20,1,1,15, , , , , , , , , ,3, , , , ,3,1,2, , , ,1,2, , , , ,2, , , , ,8,1,8,4, , , , ,1,10,1, , , , , ,11,5,13,2,6,6,1,.966409
1,96122553,5413,145,5,4,1,2,2, , , , , , , , , ,3, , , , ,4, , , , , ,1,2,4,6, , ,2, , , , ,8,0,1, , , , , ,1,4,1, , , , , ,7,4,11,2,6,1,2,.491552
1,96148082,2654,286,5,4,1,1,12, , , , , , , , , ,3, , , , ,4, , , , , ,1,2, , , , ,2, , , , ,8,0,11,4, , , , ,88,8,1, , , , , ,9,3,13,2,1,4,1,.567464
1,96162848,807,353,12,11,1,1,21, , , , , , , , , ,3, , , , ,4, , , , , ,2, , , , , ,2, , , , ,8,0,1, , , , , ,1,7,1, , , , , ,8,6,3,2,10,2,1,1.122878
2,96114976,6480,799,7,6,1,1,4, , , , , , , , , ,3, , , , ,4, , , , , ,2, , , , , ,2, , , , ,8,0,1, , , , , ,9,7,1, , , , , ,9,5,5,3,6,3,2,.491468
2,96132120,6927,869,10,9,1,1,8, , , , , , , , , ,3, , , , ,4, , , , , ,2, , , , , ,2, , , , ,8,0,5,2, , , , ,1,1,1, , , , , ,2,5,14,1,2,1,2,3.727534
2,96175095,7888,1013,10,9,1,1,2, , , , , , , , , ,3, , , , ,4, , , , , ,1,2,3,4, , ,2, , , , ,8,0,6,4, , , , ,4,7,1, , , , , ,8,3,13,3,5,4,1,1.006795
2,96234880,8889,1141,8,7,1,2,2, , , , , , , , , ,2, , , , ,4, , , , , ,1,2, , , , ,2, , , , ,8,0,1, , , , , ,9,5,1, , , , , ,10,4,13,2,4,13,1,.653385
2,96238540,9001,1157,4,3,1,1,9, , , , , , , , , ,3, , , , ,4, , , , , ,1,2,4,7, , ,2, , , , ,8,0,6,3,4, , , ,1,12,1, , , , , ,6,6,1,2,10,21,1,1.520953
3,96104012,12186,1586,3,2,1,1,9, , , , , , , , , ,2, , , , ,4, , , , , ,1,2,4, , , ,2, , , , ,8,0,1, , , , , ,1,9,1, , , , , ,7,6,12,2,5,3,1,1.063943
3,96169496,13412,1779,6,5,1,1,2, , , , , , , , , ,2, , , , ,4, , , , , ,1,2,4, , , ,2, , , , ,8,0,5,1, , , , ,1,4,1, , , , , ,6,5,5,2,10,1,2,.947542
3,96174126,13483,1796,21,20,1,2,4, , , , , , , , , ,5, , , , ,4, , , , , ,1,2,4,6,7, ,2, , , , ,8,0,5,1,2,3,5, ,10,4,1, , , , , ,8,6,2,2,8,3,1,1.402473
3,96259301,14765,1970,5,4,1,1,12, , , , , , , , , ,2, , , , ,4, , , , , ,1,2,4,6, , ,2, , , , ,8,0,1, , , , , ,1,7,1, , , , , ,6,5,3,2,10,20,1,1.06601
3,98115004,15588,2080,5,4,1,1,4, , , , , , , , , ,3, , , , ,4, , , , , ,2, , , , , ,2, , , , ,8,0,1, , , , , ,88,7,1, , , , , ,9,4,5,2,8,1,2,.349308
3,98127411,16193,2163,3,2,1,1,8, , , , , , , , , ,3, , , , ,4, , , , , ,1,2,4, , , ,2, , , , ,8,0,4,3, , , , ,9,11,1, , , , , ,6,6,2,2,10,2,1,1.368222
3,98212516,16944,2264,9,8,1,1,12, , , , , , , , , ,3, , , , ,4, , , , , ,1,2,3,4,6, ,2, , , , ,8,0,1, , , , , ,1,12,1, , , , , ,8,6,3,2,10,16,2,.558897
4,96200604,19423,2627,6,5,1,1,12, , , , , , , , , ,2, , , , ,4, , , , , ,1,2,4,6,7, ,2, , , , ,8,0,12,4, , , , ,9,9,1, , , , , ,6,6,1,2,9,20,1,1.57665
1,96206656,2702,471,14,13,1,1,2, , , , , , , , , ,2, , , , ,3,6, , , , ,1,1,2,6, , ,2, , , , ,7,5,1, , , , , ,9,10,1, , , , , ,7,6,2,2,10,19,1,1.124702
2,96140476,7119,904,4,3,1,2,2, , , , , , , , , ,2, , , , ,3,2, , , , ,2, , , , , ,2, , , , ,7,5,2,3, , , , ,7,11,1, , , , , ,4,5,4,1,6,10,1,1.957198
3,96149836,13070,1728,5,4,1,2,13, , , , , , , , , ,2, , , , ,1,6, , , , ,2, , , , , ,2, , , , ,7,5,1, , , , , ,8,1,1, , , , , ,4,5,6,1,6,3,2,1.079357
4,99118247,21451,2899,5,4,1,1,5, , , , , , , , , ,2, , , , ,1,4, , , , ,2, , , , , ,2, , , , ,7,5,3,1, , , , ,6,1,1, , , , , ,5,5,5,1,6,10,2,1.310685
2,96113998,6455,797,3,2,1,1,13, , , , , , , , , ,2, , , , ,3,6, , , , ,1,2,3,4,6,7,2, , , , ,7,4,7,4,5, , , ,1,11,1, , , , , ,4,6,5,1,7,2,2,1.557471
1,96141543,2079,253,3,2,1,1,1, , , , , , , , , ,3, , , , ,3,2, , , , ,2, , , , , ,2, , , , ,7,2,11,2,3,4,5, ,9,9,1, , , , , ,9,4,4,2,8,4,2,.922625
2,97103909,9719,1241,5,4,1,1,2, , , , , , , , , ,3, , , , ,3,1,2,3, , ,2, , , , , ,2, , , , ,7,2,12,4, , , , ,7,4,1, , , , , ,10,6,13,2,9,2,1,.536518
1,96100014,5004,1,5,4,3, ,2, , , , , , , , , ,2, , , , ,3,3, , , , ,2, , , , , ,2, , , , ,7,1,1, , , , , ,1,14,1, , , , , ,8,4,13,3,10,1,2,.491552
1,96154958,5797,321,15,14,1,2,3, , , , , , , , , ,3, , , , ,3,3, , , , ,2, , , , , ,2, , , , ,7,1,5,4, , , , ,1,9,1, , , , , ,10,3,13,3,3,1,2,.56483
2,97222346,11757,1514,5,4,1,2,2, , , , , , , , , ,2, , , , ,3,6, , , , ,2, , , , , ,2, , , , ,7,1,3,4, , , , ,1,3,1, , , , , ,7,5,3,2,8,9,1,.834171
4,96233552,20061,2716,3,2,1,1,12, , , , , , , , , ,2, , , , ,3,6, , , , ,1,4, , , , ,2, , , , ,7,1,1, , , , , ,1,11,1, , , , , ,6,6,3,2,9,5,2,2.336966
1,96234927,68,625,30,29,1,1,2, , , , , , , , , ,2, , , , ,4, , , , , ,1,2, , , , ,2, , , , ,7,0,1, , , , , ,1,2,1, , , , , ,6,3,12,1,1,21,1,1.885594
1,96241619,3511,663,4,3,1,1,1, , , , , , , , , ,2, , , , ,4, , , , , ,1,2,4, , , ,2, , , , ,7,0,4,2,5, , , ,3,8,1, , , , , ,6,4,5,2,5,12,2,.957761
2,96107914,6286,770,15,14,1,2,2, , , , , , , , , ,3, , , , ,4, , , , , ,2, , , , , ,2, , , , ,7,0,7,4,5, , , ,11,2,1, , , , , ,9,4,13,2,5,1,2,.45997
2,97104245,9729,1245,9,8,1,2,2, , , , , , , , , ,2, , , , ,4, , , , , ,1,2,4,7, , ,2, , , , ,7,0,6,4, , , , ,1,10,1, , , , , ,6,5,2,1,7,10,2,.800177
2,97104375,9738,1248,3,2,1,1,13, , , , , , , , , ,3, , , , ,4, , , , , ,2, , , , , ,2, , , , ,7,0,9,4, , , , ,8,88,1, , , , , ,6,4,11,2,7,3,2,1.300258
2,97105320,9785,1254,5,4,1,1,4, , , , , , , , , ,2, , , , ,4, , , , , ,1,2,4, , , ,2, , , , ,7,0,1, , , , , ,9,5,1, , , , , ,5,6,3,1,9,2,2,1.169608
2,97120466,10540,1357,4,3,1,2,7, , , , , , , , , ,3, , , , ,4, , , , , ,1,2,4, , , ,2, , , , ,7,0,1, , , , , ,1,4,1, , , , , ,4,6,3,1,7,3,1,2.085807
3,96133983,12775,1683,9,8,1,2,2, , , , , , , , , ,3, , , , ,4, , , , , ,2, , , , , ,2, , , , ,7,0,1, , , , , ,11,10,1, , , , , ,11,3,9,2,5,1,1,.440624
3,96217821,13929,1865,5,4,3, ,2, , , , , , , , , ,2, , , , ,4, , , , , ,1,2,3,4, , ,2, , , , ,7,0,1, , , , , ,1,7,1, , , , , ,7,4,4,2,8,5,1,.773798
3,98126771,16165,2160,7,6,1,1,2, , , , , , , , , ,3,3, , , ,4, , , , , ,2, , , , , ,2, , , , ,7,0,11,4, , , , ,6,7,1, , , , , ,8,3,8,2,9,2,1,1.256734
4,96128746,18640,2505,7,6,1,1,4, , , , , , , , , ,3, , , , ,4, , , , , ,1,2, , , , ,2, , , , ,7,0,6,1, , , , ,9,8,1, , , , , ,10,2,13,4,5,3,2,.530838
4,96141797,18865,2538,7,6,3, ,2, , , , , , , , , ,2, , , , ,4, , , , , ,1,2,3,4,5,6,2, , , , ,7,0,5,4, , , , ,7,6,1, , , , , ,10,5,3,4,10,2,2,.563698
4,96145355,18913,2546,6,5,1,2,12, , , , , , , , , ,3, , , , ,4, , , , , ,1,2,6, , , ,2, , , , ,7,0,4,4,5, , , ,1,5,1, , , , , ,4,6,3,2,9,1,1,2.050463
4,96169443,19288,2607,4,3,1,1,2, , , , , , , , , ,2, , , , ,4, , , , , ,1,2, , , , ,2, , , , ,7,0,1, , , , , ,8,3,1, , , , , ,10,6,2,2,10,1,1,.701951
4,99106131,20837,2817,5,4,1,2,12, , , , , , , , , ,2, , , , ,4, , , , , ,1,2,3,4,5,6,2, , , , ,7,0,6,2,3,5, , ,7,3,1, , , , , ,5,5,3,1,8,1,1,1.456154
4,99129962,21984,2970,2,1,1,1,1, , , , , , , , , ,2, , , , ,4, , , , , ,2, , , , , ,2, , , , ,7,0,7,4,5, , , ,1,12,1, , , , , ,6,6,3,2,9,2,2,.883181
4,99222837,23293,3135,6,5,1,2,2, , , , , , , , , ,2, , , , ,2,6, , , , ,2, , , , , ,2, , , , ,6,88,1, , , , , ,1,1,1, , , , , ,10,4,1,2,8,19,2,.532438
2,97201885,10746,1390,6,5,1,1,12, , , , , , , , , ,2, , , , ,2,4, , , , ,1,3, , , , ,2, , , , ,6,6,1, , , , , ,8,11,1, , , , , ,7,6,1,2,7,6,2,.718586
3,98202325,16395,2193,5,4,1,1,4, , , , , , , , , ,2, , , , ,3,2,6, , , ,2, , , , , ,2, , , , ,6,6,1, , , , , ,8,88,1, , , , , ,6,3,6,2,7,4,1,.945707
4,99130113,21989,2971,13,12,1,2,9, , , , , , , , , ,3, , , , ,3,2, , , , ,1,6, , , , ,2, , , , ,6,4,1, , , , , ,1,9,1, , , , , ,3,5,6,1,6,1,2,2.070392
1,96148097,6003,287,4,3,1,1,5, , , , , , , , , ,3, , , , ,3,2, , , , ,2, , , , , ,2, , , , ,6,3,8,4, , , , ,4,4,1, , , , , ,11,3,13,2,1,1,1,.789892
2,96137270,7039,886,4,3,1,1,2, , , , , , , , , ,2, , , , ,3,2,3,4,6, ,2, , , , , ,2, , , , ,6,3,8,4, , , , ,1,9,1, , , , , ,7,5,11,2,9,2,2,.896859
3,98214656,17070,2282,7,6,3, ,2, , , , , , , , , ,3, , , , ,3,2,3, , , ,2, , , , , ,2, , , , ,6,3,1, , , , , ,1,9,1, , , , , ,10,3,5,2,10,22,1,.052262
2,96260990,9485,1206,5,4,1,1,2, , , , , , , , , ,3, , , , ,3,2,3, , , ,2, , , , , ,2, , , , ,6,2,1, , , , , ,9,9,1, , , , , ,10,2,11,2,5,9,2,.380719
2,97209272,11137,1434,7,6,1,2,1,2, , , , , , , , ,2, , , , ,3,2, , , , ,2, , , , , ,2, , , , ,6,2,1, , , , , ,4,7,1, , , , , ,5,4,3,2,9,14,1,2.325736
3,98106069,15112,2016,60,59,1,1,9, , , , , , , , , ,2, , , , ,3,6, , , , ,2, , , , , ,2, , , , ,6,2,1, , , , , ,1,5,1, , , , , ,6,5,2,2,9,1,1,1.784332
3,98221256,17465,2344,15,14,1,1,5, , , , , , , , , ,2, , , , ,3,2, , , , ,2, , , , , ,2, , , , ,6,2,1, , , , , ,1,7,1, , , , , ,10,3,13,1,6,9,1,.458178
4,96165153,19231,2598,6,5,1,1,2, , , , , , , , , ,2, , , , ,3,6, , , , ,1,4,6, , , ,2, , , , ,6,2,5,4, , , , ,1,8,1, , , , , ,7,6,2,1,10,1,2,.656599
4,96212487,19646,2662,10,9,1,2,2, , , , , , , , , ,2, , , , ,3,6, , , , ,2, , , , , ,2, , , , ,6,2,1, , , , , ,1,10,1, , , , , ,8,6,2,2,10,7,1,.952276
4,99106882,20873,2820,4,3,1,1,1, , , , , , , , , ,3, , , , ,3,2, , , , ,1,4, , , , ,2, , , , ,6,2,6,4, , , , ,88,1,1, , , , , ,10,5,13,2,7,2,2,.830401
4,96255611,20439,2757,14,13,1,2,4, , , , , , , , , ,2, , , , ,3,6, , , , ,2, , , , , ,2, , , , ,6,1,1, , , , , ,10,88,1, , , , , ,10,5,3,2,10,6,1,.542993
1,96110191,2587,65,5,4,1,2,12, , , , , , , , , ,3, , , , ,4, , , , , ,1,2,4, , , ,2, , , , ,6,0,6,4, , , , ,9,7,1, , , , , ,8,3,11,3,2,4,2,.492086
1,96169006,5198,387,14,13,1,2,2, , , , , , , , , ,3, , , , ,4, , , , , ,2, , , , , ,2, , , , ,6,0,11,2,3,4, , ,1,6,1, , , , , ,7,4,5,1,8,1,2,.690181
1,96220263,548,553,8,7,1,2,12, , , , , , , , , ,3, , , , ,4, , , , , ,1,2,3,6, , ,2, , , , ,6,0,1, , , , , ,1,12,1, , , , , ,6,5,6,1,5,6,2,.779311
1,96253741,3187,710,14,13,1,2,9, , , , , , , , , ,3, , , , ,4, , , , , ,2, , , , , ,2, , , , ,6,0,1, , , , , ,1,10,1, , , , , ,6,3,7,2,5,14,2,.859819
2,96127233,6801,847,8,7,1,1,6, , , , , , , , , ,3, , , , ,4, , , , , ,1,2,3,6, , ,2, , , , ,6,0,1, , , , , ,11,4,1, , , , , ,4,6,3,1,8,1,2,1.089908
2,96127747,6816,852,5,4,1,1,12, , , , , , , , , ,3, , , , ,4, , , , , ,2, , , , , ,2, , , , ,6,0,1, , , , , ,10,2,1, , , , , ,9,6,13,2,7,2,1,.588528
2,96217821,8418,1085,9,8,3, ,2, , , , , , , , , ,2, , , , ,4, , , , , ,1,4,6, , , ,2, , , , ,6,0,4,4,5, , , ,1,8,1, , , , , ,7,4,4,2,9,5,1,1.021504
2,97121662,10586,1362,10,9,1,2,8, , , , , , , , , ,2, , , , ,4, , , , , ,1,2,4, , , ,2, , , , ,6,0,1, , , , , ,3,3,1, , , , , ,9,5,4,2,9,1,2,.45997
2,97211960,11261,1451,8,7,3, ,2, , , , , , , , , ,3, , , , ,4, , , , , ,2, , , , , ,2, , , , ,6,0,11,3,4,5, , ,7,14,1, , , , , ,6,5,9,2,10,6,1,1.485866
2,97221579,11727,1511,12,11,1,2,4, , , , , , , , , ,3, , , , ,4, , , , , ,1,2,6, , , ,2, , , , ,6,0,1, , , , , ,9,3,1, , , , , ,8,5,11,2,6,6,2,.660597
3,96105670,12218,1590,60,59,1,2,2, , , , , , , , , ,2, , , , ,4, , , , , ,1,2, , , , ,2, , , , ,6,0,1, , , , , ,12,10,1, , , , , ,10,5,2,2,10,2,1,.808156
3,96117536,12457,1639,6,5,1,1,4, , , , , , , , , ,3, , , , ,4, , , , , ,1,2,6, , , ,2, , , , ,6,0,3,4, , , , ,9,7,1, , , , , ,7,4,5,1,7,3,2,.739044
3,96134868,12788,1686,4,3,1,2,2, , , , , , , , , ,3, , , , ,4, , , , , ,2, , , , , ,2, , , , ,6,0,8,4, , , , ,1,11,1, , , , , ,6,4,9,1,8,4,1,1.559855
3,96138932,12862,1704,5,4,1,2,2, , , , , , , , , ,3, , , , ,4, , , , , ,1,2, , , , ,2, , , , ,6,0,4,4, , , , ,9,4,1, , , , , ,11,2,13,2,5,1,2,.347326
3,96141044,12917,1713,4,3,1,1,2, , , , , , , , , ,2, , , , ,4, , , , , ,2, , , , , ,2, , , , ,6,0,1, , , , , ,1,9,1, , , , , ,6,5,4,2,10,1,2,1.042814
3,96222227,14031,1876,6,5,1,2,2, , , , , , , , , ,3, , , , ,4, , , , , ,1,2, , , , ,2, , , , ,6,0,8,2,4, , , ,9,11,1, , , , , ,5,5,4,3,6,16,1,2.275181
3,98127583,16199,2165,5,4,1,1,12, , , , , , , , , ,3, , , , ,4, , , , , ,2, , , , , ,2, , , , ,6,0,1, , , , , ,1,6,1, , , , , ,4,5,6,1,6,3,1,1.536268
3,98230281,17916,2406,5,4,1,1,4, , , , , , , , , ,2, , , , ,4, , , , , ,1,2,4,6,7, ,2, , , , ,6,0,4,4, , , , ,3,11,1, , , , , ,5,5,4,1,9,6,2,.945489
4,96111309,18345,2464,6,5,1,1,2, , , , , , , , , ,2, , , , ,4, , , , , ,1,2, , , , ,2, , , , ,6,0,1, , , , , ,9,6,1, , , , , ,9,3,4,2,5,3,2,.52936
4,96159345,19150,2587,4,3,1,1,2, , , , , , , , , ,2, , , , ,4, , , , , ,1,2,4,6, , ,2, , , , ,6,0,9,4, , , , ,9,11,1, , , , , ,7,6,3,2,5,4,2,.965816
4,96169830,19295,2610,8,7,1,2,2, , , , , , , , , ,2, , , , ,4, , , , , ,1,2, , , , ,2, , , , ,6,0,1, , , , , ,9,10,1, , , , , ,5,5,4,1,9,4,1,1.857895
4,99115634,21319,2878,4,3,1,1,6, , , , , , , , , ,3, , , , ,4, , , , , ,1,2,4, , , ,2, , , , ,6,0,5,4, , , , ,1,1,1, , , , , ,11,4,13,2,5,1,2,.835695
4,99200519,22184,2989,6,5,1,2,2, , , , , , , , , ,2, , , , ,4, , , , , ,1,2, , , , ,2, , , , ,6,0,1, , , , , ,8,12,1, , , , , ,7,4,4,3,8,9,1,.835083
4,99201969,22263,3001,7,6,1,1,15, , , , , , , , , ,3, , , , ,4, , , , , ,2, , , , , ,2, , , , ,6,0,1, , , , , ,12,88,1, , , , , ,11,6,11,4,6,19,2,.566051
4,99224434,23381,3147,3,2,1,1,12, , , , , , , , , ,4, , , , ,4, , , , , ,1,2,4, , , ,2, , , , ,6,0,1, , , , , ,4,4,1, , , , , ,11,4,13,2,10,6,1,.952642
4,99227897,23551,3171,15,14,1,2,4, , , , , , , , , ,2, , , , ,4, , , , , ,1,2, , , , ,2, , , , ,6,0,1, , , , , ,10,10,1, , , , , ,6,3,4,2,6,16,1,1.722461
3,96111659,12359,1624,3,2,1,1,5, , , , , , , , , ,2, , , , ,3,6, , , , ,1,6, , , , ,2, , , , ,5,4,1, , , , , ,1,6,1, , , , , ,5,6,4,1,8,1,2,1.230487
4,99229242,23635,3189,5,4,1,1,1, , , , , , , , , ,3, , , , ,2,4, , , , ,2, , , , , ,2, , , , ,5,4,1, , , , , ,1,3,1, , , , , ,8,3,7,2,7,4,1,.654426
1,96134459,5951,213,10,9,1,2,2, , , , , , , , , ,3, , , , ,3,2,3,4, , ,2, , , , , ,2, , , , ,5,3,1, , , , , ,1,6,1, , , , , ,3,5,14,1,2,1,2,1.520523
2,96255611,9387,1193,15,14,1,1,4, , , , , , , , , ,2, , , , ,3,6, , , , ,2, , , , , ,2, , , , ,5,3,1, , , , , ,1,3,1, , , , , ,9,5,4,2,10,6,1,.700408
4,96246648,20317,2739,5,4,1,2,7, , , , , , , , , ,2, , , , ,3,6, , , , ,2, , , , , ,2, , , , ,5,3,1, , , , , ,8,9,1, , , , , ,6,5,5,1,7,6,2,1.025554
1,96162533,3818,351,3,2,1,1,2, , , , , , , , , ,2, , , , ,3,6, , , , ,2, , , , , ,2, , , , ,5,2,8,4, , , , ,88,88,1, , , , , ,5,3,5,2,6,10,2,1.97485
4,99107988,20948,2830,5,4,1,2,2, , , , , , , , , ,3, , , , ,3,4, , , , ,1,4, , , , ,2, , , , ,5,2,1, , , , , ,7,9,1, , , , , ,8,4,11,2,6,3,2,.511189
3,96220156,13985,1871,7,6,1,2,2, , , , , , , , , ,2, , , , ,3,2, , , , ,2, , , , , ,2, , , , ,5,1,1, , , , , ,1,5,1, , , , , ,7,4,3,2,7,5,1,1.159703
1,96123351,4317,151,2,1,1,1,1, , , , , , , , , ,2, , , , ,4, , , , , ,1,2,4, , , ,2, , , , ,5,0,1, , , , , ,1,7,1, , , , , ,6,5,2,2,10,3,2,2.405995
1,96216936,1519,527,7,6,1,1,4, , , , , , , , , ,2, , , , ,4, , , , , ,2, , , , , ,2, , , , ,5,0,1, , , , , ,9,8,1, , , , , ,4,5,4,1,8,5,1,1.189307
1,96217821,1445,537,6,5,3, ,2, , , , , , , , , ,2, , , , ,4, , , , , ,1,2,4,6, , ,2, , , , ,5,0,1, , , , , ,1,13,1, , , , , ,7,4,6,2,9,5,1,1.018399
2,96101114,6084,741,7,6,1,2,2, , , , , , , , , ,2, , , , ,4, , , , , ,1,2,4, , , ,2, , , , ,5,0,2,2, , , , ,10,7,1, , , , , ,8,4,6,3,10,1,1,1.120595
2,96113894,6453,795,4,3,1,1,12, , , , , , , , , ,3, , , , ,4, , , , , ,1,2,3,4,6, ,2, , , , ,5,0,1, , , , , ,6,3,1, , , , , ,4,5,5,2,6,2,2,1.369371
2,96123351,6687,834,2,1,1,1,1, , , , , , , , , ,2, , , , ,4, , , , , ,1,2,4,6, , ,2, , , , ,5,0,1, , , , , ,1,10,1, , , , , ,6,5,2,2,10,3,2,2.980815
2,96134868,6984,877,5,4,1,1,2, , , , , , , , , ,3, , , , ,4, , , , , ,2, , , , , ,2, , , , ,5,0,8,4, , , , ,8,9,1, , , , , ,6,4,9,1,7,4,1,1.100323
2,96218292,8430,1086,9,8,1,1,2, , , , , , , , , ,2, , , , ,4, , , , , ,2, , , , , ,2, , , , ,5,0,4,4,5, , , ,1,9,1, , , , , ,4,5,3,1,6,6,2,1.008633
2,97223612,11823,1533,12,11,1,1,12, , , , , , , , , ,3, , , , ,4, , , , , ,1,2,6, , , ,2, , , , ,5,0,14,1,2,4, , ,1,1,1, , , , , ,8,5,4,2,8,8,1,.975126
3,96149085,13054,1726,3,2,1,1,13, , , , , , , , , ,3, , , , ,4, , , , , ,1,6,65, , , ,2, , , , ,5,0,2,4, , , , ,10,9,1, , , , , ,3,6,5,1,6,1,2,2.24022
3,96223586,14065,1882,7,6,1,2,2, , , , , , , , , ,3, , , , ,4, , , , , ,1,2,3, , , ,2, , , , ,5,0,5,4, , , , ,7,3,1, , , , , ,11,5,13,2,6,14,1,.602717
3,98112971,15482,2063,14,13,1,1,12, , , , , , , , , ,3, , , , ,4, , , , , ,2, , , , , ,2, , , , ,5,0,1, , , , , ,1,88,1, , , , , ,11,2,11,2,2,1,2,.391393
3,98222563,17533,2356,7,6,1,2,2, , , , , , , , , ,2, , , , ,4, , , , , ,1,2, , , , ,2, , , , ,5,0,6,4, , , , ,1,12,1, , , , , ,11,5,2,2,10,5,1,.569582
4,96160653,19169,2589,7,6,1,2,1, , , , , , , , , ,2, , , , ,4, , , , , ,1,2,4,65, , ,2, , , , ,5,0,4,4, , , , ,5,3,1, , , , , ,8,6,5,1,7,1,2,.656599
4,99110543,21088,2839,7,6,1,1,2, , , , , , , , , ,2, , , , ,4, , , , , ,1,2,4, , , ,2, , , , ,5,0,4,4, , , , ,1,4,1, , , , , ,8,6,4,3,10,1,1,.837468
4,99114424,21253,2863,6,5,1,2,12, , , , , , , , , ,2, , , , ,4, , , , , ,1,1,2,4,7, ,2, , , , ,5,0,1, , , , , ,7,6,1, , , , , ,8,5,9,2,9,2,1,.884698
4,99206581,22509,3031,3,2,1,1,1, , , , , , , , , ,3, , , , ,4, , , , , ,2, , , , , ,2, , , , ,5,0,3,5, , , , ,1,8,1, , , , , ,6,6,5,1,6,14,2,2.401579
4,99228731,23601,3180,6,5,1,2,5,6, , , , , , , , ,3, , , , ,4, , , , , ,1,2,4, , , ,2, , , , ,5,0,5,1,4, , , ,1,7,1, , , , , ,9,6,13,2,4,7,2,.564085
4,99202854,22302,3005,4,3,1,1,1, , , , , , , , , ,2, , , , ,1,6, , , , ,2, , , , , ,2, , , , ,4,88,1, , , , , ,1,7,1, , , , , ,6,3,6,3,6,11,1,2.087215
1,96140476,3896,249,5,4,1,2,2, , , , , , , , , ,2, , , , ,3,3,4, , , ,1,4,6, , , ,2, , , , ,4,3,1, , , , , ,7,9,1, , , , , ,4,5,4,1,5,10,1,.931283
2,96246648,9213,1176,5,4,1,2,7, , , , , , , , , ,2, , , , ,3,4, , , , ,1,4, , , , ,2, , , , ,4,3,1, , , , , ,7,9,1, , , , , ,5,5,5,1,7,6,2,1.154935
2,96254276,9368,1190,10,9,1,1,2, , , , , , , , , ,3, , , , ,3,1, , , , ,1,6, , , , ,2, , , , ,4,3,6,3,4, , , ,1,3,1, , , , , ,8,4,4,2,6,8,1,.975126
4,96220156,19800,2679,7,6,1,2,2, , , , , , , , , ,2, , , , ,3,3, , , , ,2, , , , , ,2, , , , ,4,3,1, , , , , ,1,5,1, , , , , ,7,4,3,2,7,5,1,.836263
1,96257795,649,721,8,7,1,1,2, , , , , , , , , ,2, , , , ,3,2, , , , ,2, , , , , ,2, , , , ,4,2,1, , , , , ,4,3,1, , , , , ,9,2,6,2,3,6,1,.723464
2,96105288,6210,758,4,3,1,1,1, , , , , , , , , ,2, , , , ,3,2, , , , ,1,2, , , , ,2, , , , ,4,2,1, , , , , ,1,9,1, , , , , ,6,5,5,2,6,3,2,1.143223
3,98122337,15955,2129,7,6,1,1,2, , , , , , , , , ,3, , , , ,3,1,2, , , ,2, , , , , ,2, , , , ,4,2,3,4, , , , ,1,7,1, , , , , ,11,5,13,2,5,1,1,.586019
4,96254276,20424,2753,8,7,1,2,2, , , , , , , , , ,3, , , , ,3,3, , , , ,2, , , , , ,2, , , , ,4,2,1, , , , , ,1,3,1, , , , , ,8,4,4,2,6,8,1,.819283
4,99229858,23673,3194,4,3,1,1,2, , , , , , , , , ,2, , , , ,3,2, , , , ,2, , , , , ,2, , , , ,4,2,3,4, , , , ,1,6,1, , , , , ,6,4,4,2,9,6,1,2.320289
2,96241991,9094,1166,8,7,1,2,2, , , , , , , , , ,3, , , , ,3,4,6, , , ,1,2, , , , ,2, , , , ,4,1,1, , , , , ,1,7,1, , , , , ,10,5,13,3,5,16,1,.699041
3,96169830,13420,1782,8,7,1,1,2, , , , , , , , , ,2, , , , ,3,1,3,5, , ,1,2,6, , , ,2, , , , ,4,1,4,1,5, , , ,9,10,1, , , , , ,5,5,6,1,9,4,1,2.116741
1,96118663,5981,112,21,20,1,1,2, , , , , , , , , ,3, , , , ,4, , , , , ,1,2, , , , ,2, , , , ,4,0,6,1,4,5, , ,1,6,1, , , , , ,1,2,14,1,2,1,2,11.985961
1,96122291,940,142,5,4,1,2,2, , , , , , , , , ,2, , , , ,4, , , , , ,1,2,4, , , ,2, , , , ,4,0,1, , , , , ,7,4,1, , , , , ,6,5,5,2,8,2,2,.612507
1,96123711,4417,152,4,3,1,1,9, , , , , , , , , ,3, , , , ,4, , , , , ,1,2, , , , ,2, , , , ,4,0,2,4, , , , ,7,2,1, , , , , ,6,6,3,2,8,3,1,1.529424
1,96127747,782,177,7,6,1,1,12, , , , , , , , , ,3, , , , ,4, , , , , ,1,2,4, , , ,2, , , , ,4,0,8,4, , , , ,10,6,1, , , , , ,9,6,13,2,10,2,1,.725094
1,96205219,4019,468,7,6,1,1,4, , , , , , , , , ,3, , , , ,4, , , , , ,1,2,4, , , ,2, , , , ,4,0,1, , , , , ,1,8,1, , , , , ,4,6,4,2,9,9,1,1.171635
1,96239083,2793,649,6,5,1,1,2, , , , , , , , , ,3, , , , ,4, , , , , ,1,2, , , , ,2, , , , ,4,0,5,4, , , , ,88,11,1, , , , , ,4,6,14,1,2,19,2,.845718
2,96119350,6577,816,12,11,1,1,2, , , , , , , , , ,3, , , , ,4, , , , , ,2, , , , , ,2, , , , ,4,0,1, , , , , ,7,88,1, , , , , ,11,1,11,2,2,4,2,.511067
2,96234759,8886,1140,14,13,1,2,9, , , , , , , , , ,2, , , , ,4, , , , , ,1,2, , , , ,2, , , , ,4,0,4,4, , , , ,9,7,1, , , , , ,6,6,4,1,10,14,1,1.357191
3,96101447,12122,1572,4,3,1,1,2, , , , , , , , , ,3, , , , ,4, , , , , ,1,2, , , , ,2, , , , ,4,0,5,2,5, , , ,6,9,1, , , , , ,5,5,3,1,8,4,2,1.477561
3,96103763,12178,1584,4,3,1,1,3, , , , , , , , , ,3, , , , ,4, , , , , ,1,2,4, , , ,2, , , , ,4,0,8,4, , , , ,1,3,1, , , , , ,5,6,1,2,8,4,2,1.477561
3,96110892,12340,1619,3,2,1,2,9, , , , , , , , , ,2, , , , ,4, , , , , ,1,2,4,6, , ,2, , , , ,4,0,1, , , , , ,1,4,1, , , , , ,4,6,5,1,7,3,1,2.013456
3,96178579,13543,1809,10,9,1,2,2, , , , , , , , , ,3, , , , ,4, , , , , ,2, , , , , ,2, , , , ,4,0,2,4, , , , ,1,4,1, , , , , ,7,6,5,2,8,2,1,.94493
3,96216899,13907,1860,6,5,1,1,2, , , , , , , , , ,3, , , , ,4, , , , , ,1,2, , , , ,2, , , , ,4,0,7,4, , , , ,8,6,1, , , , , ,9,5,11,2,5,9,2,.499422
3,98114183,15540,2073,3,2,1,2,1, , , , , , , , , ,3, , , , ,4, , , , , ,1,2, , , , ,2, , , , ,4,0,1, , , , , ,7,9,1, , , , , ,7,4,2,2,8,1,1,1.043418
3,98209837,16777,2244,4,3,1,1,4, , , , , , , , , ,2, , , , ,4, , , , , ,2, , , , , ,2, , , , ,4,0,1, , , , , ,1,9,1, , , , , ,8,5,2,2,9,12,1,1.291219
3,98213993,17029,2277,5,4,1,2,2, , , , , , , , , ,2, , , , ,4, , , , , ,1,2,4, , , ,2, , , , ,4,0,1, , , , , ,1,4,1, , , , , ,4,5,4,2,5,9,2,1.009823
3,98215933,17154,2296,4,3,3, ,2, , , , , , , , , ,3, , , , ,4, , , , , ,2, , , , , ,2, , , , ,4,0,1, , , , , ,1,2,1, , , , , ,9,2,8,1,7,22,1,.064762
4,99111035,21112,2842,4,3,1,2,5, , , , , , , , , ,3, , , , ,4, , , , , ,1,2,4,6, , ,2, , , , ,4,0,7,4,5, , , ,1,3,1, , , , , ,11,5,13,2,8,1,1,.696262
4,99111710,21136,2845,2,1,1,1,13, , , , , , , , , ,2, , , , ,4, , , , , ,1,2,4, , , ,2, , , , ,4,0,5,4, , , , ,10,11,1, , , , , ,7,5,5,2,8,2,2,.470111
4,99206725,22516,3034,14,13,1,1,1,2, , , , , , , , ,3, , , , ,4, , , , , ,1,2, , , , ,2, , , , ,4,0,5,4, , , , ,6,8,1, , , , , ,8,4,13,2,8,4,2,.703254
4,99229187,23630,3188,8,7,1,1,2, , , , , , , , , ,2, , , , ,4, , , , , ,2, , , , , ,2, , , , ,4,0,11,4, , , , ,1,8,1, , , , , ,8,6,13,2,6,14,1,.859384
1,96236345,1922,633,4,3,1,1,2, , , , , , , , , ,2, , , , ,2,2, , , , ,2, , , , , ,2, , , , ,3,88,1, , , , , ,1,1,1, , , , , ,11,5,4,2,7,20,1,.785512
1,96124829,4378,160,14,13,1,1,2, , , , , , , , , ,3, , , , ,3,2,3, , , ,2, , , , , ,2, , , , ,3,3,14,4, , , , ,10,3,1, , , , , ,9,5,13,2,8,3,1,.795493
1,96217523,4980,532,3,2,1,1,3, , , , , , , , , ,3, , , , ,2,1,3, , , ,1,5,6, , , ,2, , , , ,3,3,4,4, , , , ,7,11,1, , , , , ,9,3,5,2,4,7,2,.924874
4,99101284,20588,2778,5,4,3, ,2, , , , , , , , , ,3, , , , ,2,6, , , , ,2, , , , , ,2, , , , ,3,3,1, , , , , ,1,11,1, , , , , ,11,2,11,2,2,2,2,.469
4,99219769,23155,3122,3,2,1,1,2, , , , , , , , , ,3, , , , ,2,2, , , , ,2, , , , , ,2, , , , ,3,3,1, , , , , ,7,7,1, , , , , ,2,3,14,1,1,7,1,13.194256
2,96104477,6191,757,8,7,1,1,2, , , , , , , , , ,2, , , , ,3,3,6, , , ,1,2,6, , , ,2, , , , ,3,2,3,2,5, , , ,10,8,1, , , , , ,5,5,3,2,7,4,1,2.27251
3,98120674,15873,2120,12,11,1,1,2, , , , , , , , , ,2, , , , ,3,6, , , , ,1,6, , , , ,2, , , , ,3,2,4,4, , , , ,88,5,1, , , , , ,6,6,3,2,8,1,2,.71245
4,96227211,19935,2700,3,2,3, ,2, , , , , , , , , ,2, , , , ,2,3,6, , , ,2, , , , , ,2, , , , ,3,2,1, , , , , ,1,12,1, , , , , ,2,3,14,1,2,22,1,1.252031
4,96249104,20341,2740,3,2,3, ,2, , , , , , , , , ,3, , , , ,2,1,3, , , ,2, , , , , ,2, , , , ,3,2,6,2, , , , ,1,1,1, , , , , ,11,2,13,2,4,21,1,.988824
1,96214804,1963,513,4,3,1,2,2, , , , , , , , , ,3, , , , ,4, , , , , ,1,2,4, , , ,2, , , , ,3,0,11,4, , , , ,7,10,1, , , , , ,8,3,11,2,1,20,2,.766057
1,96246648,301,679,4,3,1,2,2, , , , , , , , , ,2, , , , ,4, , , , , ,2, , , , , ,2, , , , ,3,0,1, , , , , ,8,9,1, , , , , ,5,5,5,1,7,6,2,1.355749
2,96110892,6377,783,3,2,1,1,12, , , , , , , , , ,2, , , , ,4, , , , , ,1,2,4,6, , ,2, , , , ,3,0,1, , , , , ,1,7,1, , , , , ,4,6,5,1,7,3,1,2.372318
2,97110420,10046,1285,12,11,1,1,2, , , , , , , , , ,2, , , , ,4, , , , , ,2, , , , , ,2, , , , ,3,0,4,4, , , , ,1,8,1, , , , , ,6,4,3,1,8,1,1,1.356912
2,97211968,11262,1452,20,19,1,1,2, , , , , , , , , ,3, , , , ,4, , , , , ,2, , , , , ,2, , , , ,3,0,3,4, , , , ,1,1,1, , , , , ,5,2,11,2,1,6,2,2.472543
3,96134288,12779,1685,4,3,1,2,2, , , , , , , , , ,2, , , , ,4, , , , , ,2, , , , , ,2, , , , ,3,0,1, , , , , ,4,3,1, , , , , ,5,5,6,2,10,1,1,2.441519
3,96134951,12792,1688,15,14,1,1,2, , , , , , , , , ,3, , , , ,4, , , , , ,1,2, , , , ,2, , , , ,3,0,1, , , , , ,1,7,1, , , , , ,3,5,14,1,3,18,2,1.993417
3,96223272,14056,1881,6,5,1,1,2, , , , , , , , , ,2, , , , ,4, , , , , ,2, , , , , ,2, , , , ,3,0,1, , , , , ,9,4,1, , , , , ,10,5,2,3,10,6,1,.643269
3,98101613,14875,1985,12,11,1,1,29, , , , , , , , , ,3, , , , ,4, , , , , ,2, , , , , ,2, , , , ,3,0,1, , , , , ,1,1,1, , , , , ,11,5,13,4,5,2,1,.464097
4,96163848,19211,2595,7,6,1,1,4, , , , , , , , , ,3, , , , ,4, , , , , ,1,2, , , , ,2, , , , ,3,0,1, , , , , ,1,8,1, , , , , ,11,1,11,4,2,4,2,.566448
4,99129205,21947,2967,7,6,1,2,2, , , , , , , , , ,2, , , , ,4, , , , , ,1,2, , , , ,2, , , , ,3,0,1, , , , , ,1,9,1, , , , , ,8,5,13,2,6,1,1,.837468
4,96142968,18880,2541,2,1,1,1,2, , , , , , , , , ,2, , , , ,3,6, , , , ,2, , , , , ,2, , , , ,2,2,2,4, , , , ,1,11,1, , , , , ,7,5,3,2,8,18,1,.566382
1,96223586,3124,572,7,6,3, ,2, , , , , , , , , ,3, , , , ,4, , , , , ,1,2,3,4,6, ,2, , , , ,2,0,5,4, , , , ,88,6,1, , , , , ,11,5,13,2,6,14,1,.644601
1,96235627,63,629,4,3,3, ,2, , , , , , , , , ,3, , , , ,4, , , , , ,2, , , , , ,2, , , , ,2,0,1, , , , , ,1,2,1, , , , , ,2,3,14,1,2,21,1,4.976788
2,96119573,6579,817,7,6,3, ,2, , , , , , , , , ,3, , , , ,4, , , , , ,1,2, , , , ,2, , , , ,2,0,7,4, , , , ,1,2,1, , , , , ,10,3,13,2,1,2,1,.703385
2,96141797,7166,908,10,9,1,2,2, , , , , , , , , ,2, , , , ,4, , , , , ,1,2, , , , ,2, , , , ,2,0,1, , , , , ,1,1,1, , , , , ,10,5,3,4,10,2,2,.479319
4,96119934,18471,2481,3,2,1,1,12, , , , , , , , , ,3, , , , ,4, , , , , ,1,2,6, , , ,2, , , , ,2,0,1, , , , , ,8,4,1, , , , , ,6,5,5,1,8,2,2,2.472321
4,99129241,21949,2968,18,17,1,1,2, , , , , , , , , ,3, , , , ,4, , , , , ,2, , , , , ,2, , , , ,2,0,8,2,3,4, , ,1,5,1, , , , , ,11,1,13,2,3,2,2,.70915
2,97200455,10662,1377,3,2,1,1,1,3, , , , , , , , ,3, , , , ,3,2,3, , , ,2, , , , , ,2, , , , ,1,1,4,5, , , , ,8,7,1, , , , , ,6,4,7,2,10,5,1,2.051584
1,96208099,65,481,4,3,3, ,2, , , , , , , , , ,3, , , , ,4, , , , , ,1,7,3, , , ,2, , , , ,1,0,4,3,4,5, , ,1,7,1, , , , , ,2,3,14,1,1,21,2,3.311082
2,96208099,8169,1047,3,2,3, ,2, , , , , , , , , ,3, , , , ,4, , , , , ,1,3, , , , ,2, , , , ,1,0,5,4, , , , ,1,2,1, , , , , ,2,3,14,1,1,21,2,4.752086
3,98104789,15068,2008,5,4,1,1,12, , , , , , , , , ,2, , , , ,4,6, , , , ,2, , , , , ,2, , , , ,1,0,1, , , , , ,1,10,1, , , , , ,6,5,4,2,7,1,1,.991153
4,99229404,23647,3191,3,2,3, ,2, , , , , , , , , ,3, , , , ,4, , , , , ,2, , , , , ,2, , , , ,1,0,1, , , , , ,1,1,1, , , , , ,11,1,11,2,5,21,2,1.186845
